# 3ds Max Wavefront OBJ Exporter v0.94b - (c)2007 guruware
# File Created: 10.05.2021 13:02:58

mtllib pot.mtl

#
# object decorplant008
#

v  42.5736 4.1931 0.7767
v  42.7801 0.0000 0.7767
v  42.7096 0.0000 0.5910
v  42.5034 4.1862 0.5910
v  41.9581 8.3460 0.7767
v  41.8889 8.3322 0.5910
v  43.1435 8.5818 8.5556
v  43.7764 4.3116 8.5556
v  43.9887 0.0000 8.5556
v  40.9375 12.4182 0.7767
v  40.8700 12.3978 0.5910
v  39.5236 16.3712 0.7767
v  39.4585 16.3442 0.5910
v  40.6403 16.8337 8.5556
v  42.0941 12.7691 8.5556
v  37.7282 20.1661 0.7767
v  37.6660 20.1329 0.5910
v  35.5703 23.7673 0.7767
v  35.5117 23.7282 0.5910
v  36.5753 24.4388 8.5556
v  38.7941 20.7359 8.5556
v  33.0690 27.1391 0.7767
v  33.0146 27.0943 0.5910
v  30.2501 30.2501 0.7767
v  30.2002 30.2002 0.5910
v  31.1047 31.1047 8.5556
v  34.0033 27.9058 8.5556
v  27.1391 33.0690 0.7767
v  27.0943 33.0145 0.5910
v  23.7673 35.5703 0.7767
v  23.7282 35.5117 0.5910
v  24.4388 36.5753 8.5556
v  27.9058 34.0033 8.5556
v  20.1661 37.7282 0.7767
v  20.1329 37.6660 0.5910
v  16.3712 39.5236 0.7767
v  16.3442 39.4585 0.5910
v  16.8337 40.6403 8.5556
v  20.7359 38.7941 8.5556
v  12.4183 40.9375 0.7767
v  12.3978 40.8700 0.5910
v  8.3460 41.9580 0.7767
v  8.3322 41.8889 0.5910
v  8.5818 43.1435 8.5556
v  12.7691 42.0941 8.5556
v  4.1931 42.5736 0.7767
v  4.1862 42.5034 0.5910
v  0.0000 42.7801 0.7767
v  0.0000 42.7096 0.5910
v  0.0000 43.9887 8.5556
v  4.3116 43.7764 8.5556
v  -4.1931 42.5736 0.7767
v  -4.1862 42.5034 0.5910
v  -8.3460 41.9580 0.7767
v  -8.3322 41.8889 0.5910
v  -8.5818 43.1435 8.5556
v  -4.3116 43.7764 8.5556
v  -12.4182 40.9375 0.7767
v  -12.3978 40.8700 0.5910
v  -16.3712 39.5236 0.7767
v  -16.3442 39.4585 0.5910
v  -16.8337 40.6403 8.5556
v  -12.7691 42.0941 8.5556
v  -20.1661 37.7282 0.7767
v  -20.1329 37.6660 0.5910
v  -23.7673 35.5703 0.7767
v  -23.7281 35.5117 0.5910
v  -24.4388 36.5753 8.5556
v  -20.7359 38.7941 8.5556
v  -27.1391 33.0690 0.7767
v  -27.0943 33.0145 0.5910
v  -30.2501 30.2501 0.7767
v  -30.2002 30.2002 0.5910
v  -31.1047 31.1047 8.5556
v  -27.9058 34.0033 8.5556
v  -33.0690 27.1391 0.7767
v  -33.0145 27.0943 0.5910
v  -35.5703 23.7673 0.7767
v  -35.5117 23.7282 0.5910
v  -36.5753 24.4388 8.5556
v  -34.0033 27.9058 8.5556
v  -37.7282 20.1661 0.7767
v  -37.6660 20.1329 0.5910
v  -39.5236 16.3712 0.7767
v  -39.4585 16.3442 0.5910
v  -40.6403 16.8337 8.5556
v  -38.7941 20.7359 8.5556
v  -40.9375 12.4182 0.7767
v  -40.8700 12.3978 0.5910
v  -41.9580 8.3460 0.7767
v  -41.8889 8.3322 0.5910
v  -43.1435 8.5818 8.5556
v  -42.0941 12.7691 8.5556
v  -42.5736 4.1931 0.7767
v  -42.5034 4.1862 0.5910
v  -42.7801 -0.0000 0.7767
v  -42.7096 -0.0000 0.5910
v  -43.9887 -0.0000 8.5556
v  -43.7764 4.3116 8.5556
v  -42.5736 -4.1931 0.7767
v  -42.5034 -4.1862 0.5910
v  -41.9580 -8.3460 0.7767
v  -41.8889 -8.3322 0.5910
v  -43.1435 -8.5818 8.5556
v  -43.7764 -4.3116 8.5556
v  -40.9375 -12.4183 0.7767
v  -40.8700 -12.3978 0.5910
v  -39.5236 -16.3712 0.7767
v  -39.4585 -16.3443 0.5910
v  -40.6402 -16.8338 8.5556
v  -42.0941 -12.7691 8.5556
v  -37.7282 -20.1662 0.7767
v  -37.6660 -20.1329 0.5910
v  -35.5703 -23.7673 0.7767
v  -35.5117 -23.7282 0.5910
v  -36.5752 -24.4388 8.5556
v  -38.7941 -20.7359 8.5556
v  -33.0690 -27.1391 0.7767
v  -33.0145 -27.0944 0.5910
v  -30.2500 -30.2501 0.7767
v  -30.2002 -30.2002 0.5910
v  -31.1047 -31.1047 8.5556
v  -34.0033 -27.9058 8.5556
v  -27.1390 -33.0691 0.7767
v  -27.0943 -33.0146 0.5910
v  -23.7673 -35.5703 0.7767
v  -23.7281 -35.5117 0.5910
v  -24.4388 -36.5753 8.5556
v  -27.9058 -34.0033 8.5556
v  -20.1661 -37.7282 0.7767
v  -20.1329 -37.6660 0.5910
v  -16.3712 -39.5236 0.7767
v  -16.3442 -39.4585 0.5910
v  -16.8337 -40.6403 8.5556
v  -20.7359 -38.7941 8.5556
v  -12.4182 -40.9375 0.7767
v  -12.3977 -40.8700 0.5910
v  -8.3459 -41.9581 0.7767
v  -8.3322 -41.8889 0.5910
v  -8.5817 -43.1435 8.5556
v  -12.7691 -42.0941 8.5556
v  -4.1931 -42.5736 0.7767
v  -4.1862 -42.5034 0.5910
v  0.0000 -42.7801 0.7767
v  0.0000 -42.7096 0.5910
v  0.0001 -43.9887 8.5556
v  -4.3115 -43.7764 8.5556
v  4.1932 -42.5736 0.7767
v  4.1863 -42.5034 0.5910
v  8.3460 -41.9580 0.7767
v  8.3323 -41.8889 0.5910
v  8.5818 -43.1435 8.5556
v  4.3117 -43.7764 8.5556
v  12.4183 -40.9375 0.7767
v  12.3978 -40.8700 0.5910
v  16.3713 -39.5236 0.7767
v  16.3443 -39.4585 0.5910
v  16.8338 -40.6402 8.5556
v  12.7692 -42.0941 8.5556
v  20.1662 -37.7282 0.7767
v  20.1330 -37.6660 0.5910
v  23.7674 -35.5703 0.7767
v  23.7282 -35.5117 0.5910
v  24.4389 -36.5752 8.5556
v  20.7359 -38.7941 8.5556
v  27.1391 -33.0690 0.7767
v  27.0944 -33.0145 0.5910
v  30.2501 -30.2500 0.7767
v  30.2003 -30.2002 0.5910
v  31.1048 -31.1047 8.5556
v  27.9059 -34.0033 8.5556
v  33.0691 -27.1390 0.7767
v  33.0146 -27.0943 0.5910
v  35.5704 -23.7673 0.7767
v  35.5117 -23.7281 0.5910
v  36.5753 -24.4388 8.5556
v  34.0034 -27.9058 8.5556
v  37.7282 -20.1661 0.7767
v  37.6661 -20.1329 0.5910
v  39.5236 -16.3712 0.7767
v  39.4585 -16.3442 0.5910
v  40.6403 -16.8337 8.5556
v  38.7941 -20.7358 8.5556
v  40.9375 -12.4182 0.7767
v  40.8700 -12.3977 0.5910
v  41.9581 -8.3459 0.7767
v  41.8889 -8.3322 0.5910
v  43.1435 -8.5817 8.5556
v  42.0941 -12.7690 8.5556
v  42.5736 -4.1931 0.7767
v  42.5034 -4.1862 0.5910
v  43.7764 -4.3116 8.5556
v  63.9225 6.2958 141.3468
v  62.9983 12.5312 141.3468
v  63.0083 12.5331 147.8967
v  63.9326 6.2968 147.8967
v  64.2326 0.0000 141.3468
v  64.2427 0.0000 147.8966
v  64.2297 0.0000 132.7070
v  63.9197 6.2955 132.7070
v  62.9956 12.5306 132.7070
v  61.4660 18.6455 141.3469
v  59.3431 24.5807 141.3469
v  59.3525 24.5846 147.8967
v  61.4757 18.6485 147.8967
v  61.4633 18.6447 132.7070
v  59.3405 24.5797 132.7070
v  56.6474 30.2787 141.3469
v  53.4074 35.6857 141.3469
v  53.4158 35.6913 147.8967
v  56.6563 30.2834 147.8967
v  56.6449 30.2773 132.7070
v  53.4051 35.6841 132.7070
v  49.6519 40.7482 141.3469
v  45.4193 45.4193 141.3469
v  45.4264 45.4264 147.8967
v  49.6597 40.7547 147.8967
v  49.6497 40.7464 132.7070
v  45.4173 45.4173 132.7070
v  40.7482 49.6519 141.3469
v  35.6857 53.4074 141.3469
v  35.6913 53.4158 147.8967
v  40.7547 49.6597 147.8967
v  40.7464 49.6497 132.7070
v  35.6841 53.4051 132.7070
v  30.2787 56.6474 141.3469
v  24.5807 59.3432 141.3469
v  24.5846 59.3525 147.8967
v  30.2834 56.6563 147.8967
v  30.2773 56.6449 132.7070
v  24.5796 59.3405 132.7070
v  18.6455 61.4660 141.3469
v  12.5312 62.9984 141.3469
v  12.5331 63.0083 147.8967
v  18.6484 61.4757 147.8967
v  18.6447 61.4633 132.7070
v  12.5306 62.9956 132.7070
v  6.2958 63.9225 141.3469
v  -0.0000 64.2326 141.3469
v  -0.0000 64.2427 147.8967
v  6.2968 63.9326 147.8967
v  6.2955 63.9197 132.7070
v  -0.0000 64.2297 132.7070
v  -6.2958 63.9225 141.3469
v  -12.5311 62.9984 141.3469
v  -12.5331 63.0083 147.8967
v  -6.2968 63.9326 147.8967
v  -6.2955 63.9197 132.7070
v  -12.5306 62.9956 132.7070
v  -18.6455 61.4660 141.3469
v  -24.5807 59.3432 141.3469
v  -24.5846 59.3525 147.8967
v  -18.6484 61.4757 147.8967
v  -18.6447 61.4633 132.7070
v  -24.5796 59.3405 132.7070
v  -30.2787 56.6474 141.3469
v  -35.6857 53.4074 141.3469
v  -35.6913 53.4158 147.8967
v  -30.2834 56.6563 147.8967
v  -30.2773 56.6449 132.7070
v  -35.6841 53.4051 132.7070
v  -40.7482 49.6519 141.3469
v  -45.4193 45.4193 141.3469
v  -45.4265 45.4264 147.8967
v  -40.7547 49.6597 147.8967
v  -40.7464 49.6497 132.7070
v  -45.4173 45.4173 132.7070
v  -49.6519 40.7482 141.3469
v  -53.4074 35.6857 141.3469
v  -53.4159 35.6913 147.8967
v  -49.6597 40.7547 147.8967
v  -49.6497 40.7464 132.7070
v  -53.4051 35.6841 132.7070
v  -56.6474 30.2787 141.3469
v  -59.3432 24.5807 141.3469
v  -59.3525 24.5846 147.8967
v  -56.6564 30.2834 147.8967
v  -56.6449 30.2773 132.7070
v  -59.3405 24.5796 132.7070
v  -61.4660 18.6455 141.3469
v  -62.9984 12.5311 141.3468
v  -63.0083 12.5331 147.8967
v  -61.4757 18.6484 147.8967
v  -61.4633 18.6447 132.7070
v  -62.9956 12.5306 132.7070
v  -63.9225 6.2958 141.3468
v  -64.2326 -0.0000 141.3468
v  -64.2427 -0.0000 147.8967
v  -63.9326 6.2968 147.8967
v  -63.9197 6.2955 132.7070
v  -64.2297 -0.0000 132.7070
v  -63.9225 -6.2958 141.3468
v  -62.9984 -12.5312 141.3468
v  -63.0083 -12.5331 147.8967
v  -63.9326 -6.2968 147.8967
v  -63.9197 -6.2956 132.7070
v  -62.9956 -12.5306 132.7070
v  -61.4660 -18.6455 141.3468
v  -59.3432 -24.5808 141.3469
v  -59.3525 -24.5846 147.8967
v  -61.4757 -18.6485 147.8967
v  -61.4633 -18.6447 132.7070
v  -59.3405 -24.5797 132.7070
v  -56.6474 -30.2787 141.3468
v  -53.4074 -35.6857 141.3468
v  -53.4158 -35.6914 147.8967
v  -56.6563 -30.2835 147.8967
v  -56.6449 -30.2774 132.7070
v  -53.4050 -35.6841 132.7070
v  -49.6518 -40.7483 141.3468
v  -45.4193 -45.4193 141.3468
v  -45.4264 -45.4265 147.8966
v  -49.6597 -40.7547 147.8967
v  -49.6497 -40.7464 132.7070
v  -45.4173 -45.4173 132.7070
v  -40.7482 -49.6519 141.3468
v  -35.6857 -53.4074 141.3469
v  -35.6913 -53.4159 147.8967
v  -40.7546 -49.6597 147.8967
v  -40.7464 -49.6497 132.7070
v  -35.6841 -53.4051 132.7070
v  -30.2786 -56.6474 141.3468
v  -24.5807 -59.3432 141.3468
v  -24.5846 -59.3525 147.8966
v  -30.2834 -56.6564 147.8967
v  -30.2773 -56.6449 132.7070
v  -24.5796 -59.3405 132.7070
v  -18.6455 -61.4660 141.3468
v  -12.5311 -62.9984 141.3468
v  -12.5331 -63.0083 147.8966
v  -18.6484 -61.4757 147.8966
v  -18.6446 -61.4633 132.7070
v  -12.5305 -62.9956 132.7070
v  -6.2958 -63.9225 141.3468
v  0.0001 -64.2326 141.3468
v  0.0001 -64.2427 147.8966
v  -6.2968 -63.9326 147.8966
v  -6.2955 -63.9197 132.7070
v  0.0001 -64.2297 132.7070
v  6.2959 -63.9225 141.3468
v  12.5312 -62.9983 141.3468
v  12.5332 -63.0083 147.8966
v  6.2969 -63.9326 147.8966
v  6.2956 -63.9197 132.7070
v  12.5307 -62.9955 132.7070
v  18.6456 -61.4660 141.3468
v  24.5808 -59.3431 141.3468
v  24.5847 -59.3525 147.8966
v  18.6485 -61.4757 147.8966
v  18.6447 -61.4633 132.7070
v  24.5797 -59.3405 132.7070
v  30.2787 -56.6474 141.3468
v  35.6858 -53.4074 141.3468
v  35.6914 -53.4158 147.8966
v  30.2835 -56.6563 147.8966
v  30.2774 -56.6448 132.7070
v  35.6842 -53.4050 132.7070
v  40.7483 -49.6518 141.3468
v  45.4193 -45.4192 141.3468
v  45.4265 -45.4264 147.8966
v  40.7547 -49.6596 147.8967
v  40.7465 -49.6496 132.7070
v  45.4173 -45.4172 132.7070
v  49.6519 -40.7482 141.3468
v  53.4075 -35.6856 141.3468
v  53.4159 -35.6912 147.8966
v  49.6597 -40.7546 147.8967
v  49.6497 -40.7464 132.7070
v  53.4051 -35.6840 132.7070
v  56.6474 -30.2786 141.3468
v  59.3432 -24.5807 141.3468
v  59.3525 -24.5845 147.8967
v  56.6564 -30.2834 147.8967
v  56.6449 -30.2772 132.7070
v  59.3405 -24.5796 132.7070
v  61.4660 -18.6454 141.3468
v  62.9984 -12.5311 141.3468
v  63.0083 -12.5330 147.8966
v  61.4757 -18.6484 147.8967
v  61.4633 -18.6446 132.7070
v  62.9956 -12.5305 132.7070
v  63.9225 -6.2958 141.3468
v  63.9326 -6.2968 147.8966
v  63.9197 -6.2955 132.7070
v  61.5804 6.0651 150.7596
v  63.2426 6.2289 150.6124
v  62.3283 12.3979 150.6124
v  60.6901 12.0720 150.7596
v  59.9182 5.9014 150.9069
v  59.0519 11.7462 150.9069
v  60.2088 0.0000 150.9069
v  61.8791 0.0000 150.7596
v  63.5494 0.0000 150.6124
v  61.5804 -6.0651 150.7596
v  63.2426 -6.2288 150.6124
v  59.9182 -5.9014 150.9069
v  59.0519 -11.7461 150.9069
v  60.6901 -12.0719 150.7596
v  62.3283 -12.3978 150.6124
v  59.2139 -17.9622 150.7596
v  60.8123 -18.4471 150.6124
v  57.6156 -17.4774 150.9069
v  55.6257 -23.0408 150.9069
v  57.1688 -23.6800 150.7596
v  58.7120 -24.3192 150.6124
v  54.5719 -29.1692 150.7596
v  56.0449 -29.9565 150.6124
v  53.0988 -28.3818 150.9069
v  50.0618 -33.4501 150.9069
v  51.4506 -34.3781 150.7596
v  52.8394 -35.3061 150.6124
v  47.8327 -39.2551 150.7596
v  49.1238 -40.3148 150.6124
v  46.5415 -38.1955 150.9069
v  42.5741 -42.5740 150.9069
v  43.7552 -43.7551 150.7596
v  44.9362 -44.9361 150.6124
v  39.2553 -47.8326 150.7596
v  40.3149 -49.1237 150.6124
v  38.1957 -46.5414 150.9069
v  33.4503 -50.0617 150.9069
v  34.3782 -51.4505 150.7596
v  35.3062 -52.8393 150.6124
v  29.1693 -54.5718 150.7596
v  29.9567 -56.0448 150.6124
v  28.3820 -53.0988 150.9069
v  23.0410 -55.6257 150.9069
v  23.6802 -57.1688 150.7596
v  24.3193 -58.7119 150.6124
v  17.9624 -59.2139 150.7596
v  18.4472 -60.8122 150.6124
v  17.4775 -57.6155 150.9069
v  11.7462 -59.0519 150.9069
v  12.0721 -60.6901 150.7596
v  12.3979 -62.3283 150.6124
v  6.0652 -61.5804 150.7596
v  6.2289 -63.2426 150.6124
v  5.9015 -59.9182 150.9069
v  0.0000 -60.2088 150.9069
v  0.0001 -61.8791 150.7596
v  0.0001 -63.5494 150.6124
v  -6.0651 -61.5804 150.7596
v  -6.2288 -63.2426 150.6124
v  -5.9014 -59.9182 150.9069
v  -11.7461 -59.0519 150.9069
v  -12.0720 -60.6901 150.7596
v  -12.3978 -62.3283 150.6124
v  -17.9623 -59.2139 150.7596
v  -18.4471 -60.8123 150.6124
v  -17.4775 -57.6156 150.9069
v  -23.0409 -55.6257 150.9069
v  -23.6801 -57.1688 150.7596
v  -24.3193 -58.7120 150.6124
v  -29.1692 -54.5719 150.7596
v  -29.9566 -56.0449 150.6124
v  -28.3819 -53.0988 150.9069
v  -33.4502 -50.0618 150.9069
v  -34.3781 -51.4506 150.7596
v  -35.3061 -52.8394 150.6124
v  -39.2552 -47.8326 150.7596
v  -40.3148 -49.1238 150.6124
v  -38.1956 -46.5415 150.9069
v  -42.5740 -42.5741 150.9069
v  -43.7551 -43.7551 150.7596
v  -44.9362 -44.9362 150.6124
v  -47.8326 -39.2552 150.7596
v  -49.1237 -40.3149 150.6124
v  -46.5415 -38.1956 150.9069
v  -50.0618 -33.4502 150.9069
v  -51.4506 -34.3782 150.7596
v  -52.8394 -35.3062 150.6124
v  -54.5718 -29.1693 150.7596
v  -56.0449 -29.9567 150.6124
v  -53.0988 -28.3819 150.9069
v  -55.6257 -23.0409 150.9069
v  -57.1688 -23.6801 150.7596
v  -58.7120 -24.3193 150.6124
v  -59.2139 -17.9624 150.7596
v  -60.8123 -18.4472 150.6124
v  -57.6156 -17.4775 150.9069
v  -59.0519 -11.7462 150.9069
v  -60.6901 -12.0720 150.7596
v  -62.3283 -12.3979 150.6124
v  -61.5804 -6.0652 150.7596
v  -63.2426 -6.2289 150.6124
v  -59.9182 -5.9014 150.9069
v  -60.2088 -0.0000 150.9069
v  -61.8791 -0.0000 150.7596
v  -63.5494 -0.0000 150.6124
v  -61.5804 6.0651 150.7596
v  -63.2426 6.2288 150.6124
v  -59.9182 5.9014 150.9069
v  -59.0519 11.7461 150.9069
v  -60.6901 12.0720 150.7596
v  -62.3283 12.3979 150.6124
v  -59.2139 17.9623 150.7596
v  -60.8123 18.4472 150.6124
v  -57.6156 17.4775 150.9069
v  -55.6257 23.0409 150.9069
v  -57.1688 23.6801 150.7596
v  -58.7120 24.3193 150.6124
v  -54.5719 29.1693 150.7596
v  -56.0449 29.9566 150.6124
v  -53.0988 28.3819 150.9069
v  -50.0618 33.4502 150.9069
v  -51.4506 34.3782 150.7596
v  -52.8394 35.3061 150.6124
v  -47.8326 39.2552 150.7596
v  -49.1238 40.3148 150.6124
v  -46.5415 38.1956 150.9069
v  -42.5741 42.5740 150.9069
v  -43.7551 43.7551 150.7596
v  -44.9362 44.9362 150.6124
v  -39.2552 47.8326 150.7596
v  -40.3148 49.1237 150.6124
v  -38.1956 46.5415 150.9069
v  -33.4502 50.0618 150.9069
v  -34.3782 51.4506 150.7597
v  -35.3061 52.8394 150.6124
v  -29.1693 54.5718 150.7597
v  -29.9566 56.0449 150.6124
v  -28.3819 53.0988 150.9069
v  -23.0409 55.6257 150.9069
v  -23.6801 57.1688 150.7596
v  -24.3193 58.7120 150.6124
v  -17.9623 59.2139 150.7596
v  -18.4472 60.8123 150.6124
v  -17.4775 57.6156 150.9069
v  -11.7462 59.0519 150.9069
v  -12.0720 60.6901 150.7597
v  -12.3979 62.3283 150.6124
v  -6.0651 61.5804 150.7597
v  -6.2289 63.2426 150.6124
v  -5.9014 59.9182 150.9069
v  -0.0000 60.2088 150.9069
v  -0.0000 61.8791 150.7597
v  -0.0000 63.5494 150.6124
v  6.0651 61.5804 150.7597
v  6.2289 63.2426 150.6124
v  5.9014 59.9182 150.9069
v  11.7461 59.0519 150.9069
v  12.0720 60.6901 150.7597
v  12.3979 62.3283 150.6124
v  17.9623 59.2139 150.7597
v  18.4472 60.8123 150.6124
v  17.4775 57.6156 150.9069
v  23.0409 55.6257 150.9069
v  23.6801 57.1688 150.7596
v  24.3193 58.7120 150.6124
v  29.1692 54.5718 150.7596
v  29.9566 56.0449 150.6124
v  28.3819 53.0988 150.9069
v  33.4502 50.0618 150.9069
v  34.3782 51.4506 150.7596
v  35.3061 52.8394 150.6124
v  39.2552 47.8326 150.7596
v  40.3148 49.1237 150.6124
v  38.1956 46.5415 150.9069
v  42.5740 42.5740 150.9069
v  43.7551 43.7551 150.7596
v  44.9362 44.9362 150.6124
v  47.8326 39.2552 150.7596
v  49.1237 40.3148 150.6124
v  46.5415 38.1956 150.9069
v  50.0618 33.4502 150.9069
v  51.4506 34.3782 150.7596
v  52.8394 35.3061 150.6124
v  54.5718 29.1693 150.7596
v  56.0449 29.9566 150.6124
v  53.0988 28.3819 150.9069
v  55.6257 23.0409 150.9069
v  57.1688 23.6801 150.7596
v  58.7120 24.3193 150.6124
v  59.2139 17.9623 150.7596
v  60.8122 18.4472 150.6124
v  57.6155 17.4775 150.9069
v  59.6046 5.8705 112.2692
v  59.8937 0.0000 112.2692
v  59.7676 0.0000 112.0703
v  59.4791 5.8582 112.0703
v  58.7428 11.6847 112.2692
v  58.6192 11.6601 112.0703
v  59.3051 11.7965 112.6211
v  60.1751 5.9267 112.6211
v  60.4669 0.0000 112.6211
v  57.3140 17.3860 112.2692
v  57.1934 17.3494 112.0703
v  55.3346 22.9203 112.2692
v  55.2181 22.8721 112.0703
v  55.8642 23.1397 112.6211
v  57.8626 17.5524 112.6211
v  52.8209 28.2334 112.2692
v  52.7097 28.1739 112.0703
v  49.7998 33.2752 112.2692
v  49.6950 33.2051 112.0703
v  50.2764 33.5936 112.6211
v  53.3265 28.5036 112.6211
v  46.2979 37.9957 112.2692
v  46.2005 37.9157 112.0704
v  42.3512 42.3512 112.2692
v  42.2621 42.2621 112.0704
v  42.7566 42.7566 112.6211
v  46.7410 38.3594 112.6211
v  37.9957 46.2979 112.2692
v  37.9157 46.2005 112.0704
v  33.2752 49.7998 112.2692
v  33.2051 49.6950 112.0704
v  33.5936 50.2764 112.6211
v  38.3594 46.7410 112.6211
v  28.2334 52.8209 112.2692
v  28.1739 52.7097 112.0704
v  22.9203 55.3346 112.2692
v  22.8721 55.2181 112.0704
v  23.1397 55.8642 112.6211
v  28.5036 53.3265 112.6211
v  17.3860 57.3140 112.2692
v  17.3494 57.1934 112.0704
v  11.6847 58.7429 112.2692
v  11.6601 58.6192 112.0704
v  11.7965 59.3051 112.6211
v  17.5524 57.8626 112.6211
v  5.8705 59.6046 112.2692
v  5.8582 59.4791 112.0704
v  -0.0000 59.8937 112.2692
v  -0.0000 59.7676 112.0704
v  -0.0000 60.4670 112.6211
v  5.9267 60.1751 112.6211
v  -5.8705 59.6046 112.2692
v  -5.8582 59.4791 112.0704
v  -11.6847 58.7429 112.2692
v  -11.6601 58.6192 112.0704
v  -11.7965 59.3051 112.6211
v  -5.9267 60.1751 112.6211
v  -17.3860 57.3140 112.2692
v  -17.3494 57.1934 112.0704
v  -22.9203 55.3346 112.2692
v  -22.8721 55.2181 112.0704
v  -23.1397 55.8642 112.6211
v  -17.5524 57.8626 112.6211
v  -28.2334 52.8209 112.2692
v  -28.1739 52.7097 112.0704
v  -33.2752 49.7998 112.2692
v  -33.2051 49.6950 112.0704
v  -33.5936 50.2764 112.6211
v  -28.5036 53.3265 112.6211
v  -37.9957 46.2979 112.2692
v  -37.9157 46.2005 112.0704
v  -42.3513 42.3513 112.2692
v  -42.2621 42.2621 112.0704
v  -42.7566 42.7566 112.6211
v  -38.3594 46.7411 112.6211
v  -46.2979 37.9957 112.2692
v  -46.2005 37.9157 112.0704
v  -49.7998 33.2752 112.2692
v  -49.6950 33.2051 112.0704
v  -50.2764 33.5936 112.6211
v  -46.7410 38.3594 112.6211
v  -52.8209 28.2334 112.2692
v  -52.7097 28.1739 112.0704
v  -55.3346 22.9203 112.2692
v  -55.2181 22.8721 112.0703
v  -55.8642 23.1397 112.6211
v  -53.3265 28.5036 112.6211
v  -57.3140 17.3860 112.2692
v  -57.1934 17.3494 112.0703
v  -58.7429 11.6847 112.2692
v  -58.6192 11.6601 112.0703
v  -59.3051 11.7965 112.6211
v  -57.8626 17.5524 112.6211
v  -59.6046 5.8705 112.2692
v  -59.4791 5.8582 112.0703
v  -59.8937 -0.0000 112.2692
v  -59.7676 -0.0000 112.0703
v  -60.4670 -0.0000 112.6211
v  -60.1751 5.9267 112.6211
v  -59.6046 -5.8706 112.2692
v  -59.4791 -5.8582 112.0703
v  -58.7429 -11.6847 112.2692
v  -58.6192 -11.6601 112.0703
v  -59.3051 -11.7965 112.6211
v  -60.1751 -5.9268 112.6211
v  -57.3140 -17.3860 112.2692
v  -57.1934 -17.3495 112.0703
v  -55.3346 -22.9204 112.2692
v  -55.2181 -22.8721 112.0703
v  -55.8642 -23.1397 112.6211
v  -57.8626 -17.5525 112.6211
v  -52.8209 -28.2334 112.2692
v  -52.7097 -28.1740 112.0703
v  -49.7998 -33.2752 112.2692
v  -49.6950 -33.2051 112.0703
v  -50.2764 -33.5937 112.6211
v  -53.3265 -28.5036 112.6211
v  -46.2979 -37.9958 112.2692
v  -46.2005 -37.9158 112.0703
v  -42.3512 -42.3513 112.2692
v  -42.2621 -42.2621 112.0703
v  -42.7566 -42.7566 112.6211
v  -46.7410 -38.3594 112.6211
v  -37.9957 -46.2979 112.2692
v  -37.9157 -46.2005 112.0704
v  -33.2751 -49.7998 112.2692
v  -33.2051 -49.6950 112.0704
v  -33.5936 -50.2765 112.6211
v  -38.3594 -46.7411 112.6211
v  -28.2333 -52.8209 112.2692
v  -28.1739 -52.7097 112.0703
v  -22.9203 -55.3346 112.2692
v  -22.8720 -55.2181 112.0703
v  -23.1397 -55.8642 112.6211
v  -28.5036 -53.3265 112.6211
v  -17.3860 -57.3140 112.2692
v  -17.3494 -57.1934 112.0703
v  -11.6846 -58.7429 112.2692
v  -11.6600 -58.6192 112.0703
v  -11.7965 -59.3051 112.6211
v  -17.5524 -57.8626 112.6211
v  -5.8705 -59.6046 112.2692
v  -5.8581 -59.4791 112.0703
v  0.0001 -59.8937 112.2692
v  0.0001 -59.7676 112.0703
v  0.0001 -60.4670 112.6211
v  -5.9267 -60.1751 112.6211
v  5.8706 -59.6046 112.2692
v  5.8582 -59.4791 112.0703
v  11.6847 -58.7429 112.2692
v  11.6601 -58.6192 112.0703
v  11.7966 -59.3051 112.6211
v  5.9268 -60.1751 112.6211
v  17.3861 -57.3140 112.2692
v  17.3495 -57.1934 112.0703
v  22.9204 -55.3345 112.2692
v  22.8721 -55.2181 112.0703
v  23.1398 -55.8642 112.6211
v  17.5525 -57.8626 112.6211
v  28.2334 -52.8209 112.2692
v  28.1740 -52.7097 112.0703
v  33.2752 -49.7998 112.2692
v  33.2052 -49.6949 112.0703
v  33.5937 -50.2764 112.6211
v  28.5036 -53.3264 112.6211
v  37.9958 -46.2979 112.2692
v  37.9158 -46.2004 112.0703
v  42.3513 -42.3512 112.2692
v  42.2621 -42.2620 112.0703
v  42.7566 -42.7565 112.6211
v  38.3594 -46.7410 112.6211
v  46.2980 -37.9957 112.2692
v  46.2005 -37.9157 112.0703
v  49.7998 -33.2751 112.2692
v  49.6950 -33.2051 112.0703
v  50.2765 -33.5936 112.6211
v  46.7411 -38.3593 112.6211
v  52.8210 -28.2333 112.2692
v  52.7098 -28.1739 112.0703
v  55.3346 -22.9202 112.2692
v  55.2181 -22.8720 112.0703
v  55.8642 -23.1396 112.6211
v  53.3265 -28.5035 112.6211
v  57.3140 -17.3859 112.2692
v  57.1934 -17.3493 112.0703
v  58.7429 -11.6846 112.2692
v  58.6192 -11.6600 112.0703
v  59.3051 -11.7964 112.6211
v  57.8626 -17.5523 112.6211
v  59.6046 -5.8705 112.2692
v  59.4791 -5.8581 112.0703
v  60.1751 -5.9267 112.6211
v  49.7434 4.8993 78.5279
v  56.7091 5.5854 132.1831
v  55.8892 11.1171 132.1831
v  49.0242 9.7515 78.5279
v  42.7781 4.2133 24.8938
v  42.1596 8.3861 24.8938
v  42.9855 0.0000 24.8938
v  49.9846 0.0000 78.5279
v  56.9842 0.0000 132.1831
v  47.8318 14.5096 78.5279
v  54.5298 16.5415 132.1831
v  52.6465 21.8069 132.1831
v  46.1798 19.1283 78.5279
v  41.1341 12.4779 24.8938
v  39.7135 16.4499 24.8938
v  44.0820 23.5623 78.5279
v  50.2550 26.8619 132.1831
v  47.3806 31.6587 132.1831
v  41.5607 27.7700 78.5279
v  37.9094 20.2630 24.8938
v  35.7412 23.8815 24.8938
v  38.6382 31.7095 78.5279
v  44.0488 36.1500 132.1831
v  40.2939 40.2939 132.1831
v  35.3445 35.3445 78.5279
v  33.2279 27.2694 24.8938
v  30.3954 30.3953 24.8938
v  31.7095 38.6382 78.5279
v  36.1499 44.0488 132.1831
v  31.6587 47.3806 132.1831
v  27.7700 41.5607 78.5279
v  27.2694 33.2279 24.8938
v  23.8815 35.7412 24.8938
v  23.5623 44.0820 78.5279
v  26.8618 50.2550 132.1831
v  21.8069 52.6465 132.1832
v  19.1283 46.1798 78.5279
v  20.2630 37.9094 24.8938
v  16.4499 39.7135 24.8938
v  14.5096 47.8318 78.5279
v  16.5414 54.5298 132.1831
v  11.1170 55.8892 132.1832
v  9.7515 49.0242 78.5279
v  12.4779 41.1341 24.8938
v  8.3861 42.1596 24.8938
v  4.8993 49.7434 78.5279
v  5.5854 56.7091 132.1831
v  -0.0000 56.9842 132.1832
v  0.0000 49.9846 78.5279
v  4.2133 42.7781 24.8938
v  0.0000 42.9855 24.8938
v  -4.8993 49.7434 78.5279
v  -5.5854 56.7091 132.1831
v  -11.1171 55.8893 132.1832
v  -9.7515 49.0242 78.5279
v  -4.2133 42.7781 24.8938
v  -8.3860 42.1596 24.8938
v  -14.5096 47.8318 78.5279
v  -16.5414 54.5298 132.1831
v  -21.8069 52.6465 132.1832
v  -19.1283 46.1798 78.5279
v  -12.4779 41.1341 24.8938
v  -16.4498 39.7135 24.8938
v  -23.5623 44.0820 78.5279
v  -26.8618 50.2550 132.1831
v  -31.6587 47.3806 132.1831
v  -27.7700 41.5607 78.5279
v  -20.2630 37.9094 24.8938
v  -23.8815 35.7412 24.8938
v  -31.7095 38.6382 78.5279
v  -36.1500 44.0489 132.1831
v  -40.2939 40.2939 132.1831
v  -35.3445 35.3445 78.5279
v  -27.2694 33.2279 24.8938
v  -30.3954 30.3954 24.8938
v  -38.6382 31.7095 78.5279
v  -44.0489 36.1500 132.1831
v  -47.3806 31.6587 132.1831
v  -41.5607 27.7700 78.5279
v  -33.2279 27.2694 24.8938
v  -35.7412 23.8815 24.8938
v  -44.0820 23.5623 78.5279
v  -50.2550 26.8618 132.1831
v  -52.6465 21.8069 132.1831
v  -46.1798 19.1283 78.5278
v  -37.9094 20.2630 24.8938
v  -39.7135 16.4498 24.8938
v  -47.8318 14.5096 78.5279
v  -54.5298 16.5414 132.1831
v  -55.8892 11.1170 132.1831
v  -49.0242 9.7515 78.5279
v  -41.1341 12.4779 24.8938
v  -42.1596 8.3860 24.8938
v  -49.7434 4.8993 78.5279
v  -56.7091 5.5853 132.1831
v  -56.9842 -0.0000 132.1831
v  -49.9846 -0.0000 78.5279
v  -42.7780 4.2133 24.8938
v  -42.9855 -0.0000 24.8938
v  -49.7434 -4.8993 78.5279
v  -56.7091 -5.5854 132.1831
v  -55.8892 -11.1171 132.1831
v  -49.0242 -9.7515 78.5279
v  -42.7780 -4.2133 24.8938
v  -42.1596 -8.3861 24.8938
v  -47.8318 -14.5096 78.5278
v  -54.5298 -16.5415 132.1831
v  -52.6465 -21.8069 132.1831
v  -46.1798 -19.1283 78.5278
v  -41.1341 -12.4779 24.8938
v  -39.7134 -16.4499 24.8938
v  -44.0820 -23.5623 78.5278
v  -50.2550 -26.8619 132.1831
v  -47.3806 -31.6587 132.1831
v  -41.5607 -27.7700 78.5278
v  -37.9094 -20.2630 24.8938
v  -35.7411 -23.8815 24.8938
v  -38.6382 -31.7096 78.5278
v  -44.0488 -36.1500 132.1831
v  -40.2939 -40.2939 132.1831
v  -35.3445 -35.3445 78.5278
v  -33.2279 -27.2694 24.8938
v  -30.3953 -30.3954 24.8938
v  -31.7095 -38.6382 78.5278
v  -36.1499 -44.0489 132.1831
v  -31.6587 -47.3806 132.1831
v  -27.7700 -41.5607 78.5278
v  -27.2694 -33.2279 24.8938
v  -23.8815 -35.7412 24.8938
v  -23.5623 -44.0820 78.5278
v  -26.8618 -50.2550 132.1831
v  -21.8069 -52.6465 132.1831
v  -19.1283 -46.1798 78.5278
v  -20.2630 -37.9094 24.8938
v  -16.4498 -39.7135 24.8938
v  -14.5096 -47.8318 78.5278
v  -16.5414 -54.5298 132.1831
v  -11.1170 -55.8893 132.1831
v  -9.7515 -49.0242 78.5278
v  -12.4779 -41.1341 24.8938
v  -8.3860 -42.1596 24.8938
v  -4.8992 -49.7434 78.5278
v  -5.5853 -56.7091 132.1831
v  0.0000 -56.9842 132.1831
v  0.0000 -49.9846 78.5278
v  -4.2132 -42.7781 24.8938
v  0.0000 -42.9855 24.8938
v  4.8993 -49.7434 78.5278
v  5.5854 -56.7091 132.1831
v  11.1171 -55.8892 132.1831
v  9.7516 -49.0242 78.5278
v  4.2133 -42.7780 24.8938
v  8.3861 -42.1596 24.8938
v  14.5097 -47.8317 78.5278
v  16.5415 -54.5298 132.1831
v  21.8069 -52.6465 132.1831
v  19.1283 -46.1798 78.5278
v  12.4779 -41.1341 24.8938
v  16.4499 -39.7134 24.8938
v  23.5624 -44.0820 78.5278
v  26.8619 -50.2549 132.1831
v  31.6588 -47.3806 132.1831
v  27.7700 -41.5607 78.5278
v  20.2630 -37.9094 24.8938
v  23.8815 -35.7411 24.8938
v  31.7096 -38.6382 78.5278
v  36.1500 -44.0488 132.1831
v  40.2939 -40.2938 132.1831
v  35.3445 -35.3444 78.5278
v  27.2695 -33.2279 24.8938
v  30.3954 -30.3953 24.8938
v  38.6382 -31.7095 78.5278
v  44.0489 -36.1499 132.1831
v  47.3806 -31.6586 132.1831
v  41.5607 -27.7699 78.5278
v  33.2279 -27.2694 24.8938
v  35.7412 -23.8814 24.8938
v  44.0820 -23.5623 78.5278
v  50.2550 -26.8618 132.1831
v  52.6465 -21.8068 132.1831
v  46.1798 -19.1282 78.5278
v  37.9095 -20.2630 24.8938
v  39.7135 -16.4498 24.8938
v  47.8318 -14.5095 78.5278
v  54.5298 -16.5414 132.1831
v  55.8892 -11.1170 132.1831
v  49.0242 -9.7515 78.5279
v  41.1341 -12.4778 24.8938
v  42.1596 -8.3860 24.8938
v  49.7434 -4.8993 78.5279
v  56.7091 -5.5853 132.1831
v  42.7781 -4.2132 24.8938
v  39.5711 3.8974 6.2519
v  39.7631 0.0000 6.2519
v  40.3494 0.0000 6.3665
v  40.1546 3.9549 6.3665
v  38.9990 7.7574 6.2519
v  39.5741 7.8718 6.3665
v  36.4484 7.2500 6.2519
v  36.9831 3.6425 6.2519
v  37.1625 0.0000 6.2519
v  38.0504 11.5425 6.2519
v  38.6115 11.7127 6.3665
v  36.7363 15.2167 6.2519
v  37.2779 15.4410 6.3665
v  34.3337 14.2215 6.2519
v  35.5619 10.7876 6.2519
v  35.0675 18.7439 6.2519
v  35.5845 19.0203 6.3665
v  33.0618 22.0912 6.2519
v  33.5493 22.4169 6.3665
v  30.8995 20.6464 6.2519
v  32.7740 17.5181 6.2519
v  30.7369 25.2251 6.2519
v  31.1901 25.5970 6.3665
v  28.1167 28.1167 6.2519
v  28.5313 28.5313 6.3665
v  26.2779 26.2778 6.2519
v  28.7267 23.5754 6.2519
v  25.2251 30.7369 6.2519
v  25.5971 31.1901 6.3665
v  22.0912 33.0618 6.2519
v  22.4169 33.5492 6.3665
v  20.6464 30.8995 6.2519
v  23.5754 28.7267 6.2519
v  18.7440 35.0675 6.2519
v  19.0203 35.5845 6.3665
v  15.2167 36.7363 6.2519
v  15.4410 37.2779 6.3665
v  14.2215 34.3337 6.2519
v  17.5181 32.7740 6.2519
v  11.5425 38.0504 6.2519
v  11.7127 38.6115 6.3665
v  7.7574 38.9990 6.2519
v  7.8718 39.5740 6.3665
v  7.2501 36.4484 6.2519
v  10.7876 35.5619 6.2519
v  3.8974 39.5711 6.2519
v  3.9549 40.1546 6.3665
v  0.0000 39.7630 6.2519
v  0.0000 40.3493 6.3665
v  0.0000 37.1625 6.2519
v  3.6425 36.9831 6.2519
v  -3.8974 39.5711 6.2519
v  -3.9549 40.1546 6.3665
v  -7.7574 38.9990 6.2519
v  -7.8718 39.5740 6.3665
v  -7.2500 36.4484 6.2519
v  -3.6425 36.9831 6.2519
v  -11.5425 38.0504 6.2519
v  -11.7126 38.6115 6.3665
v  -15.2166 36.7363 6.2519
v  -15.4410 37.2779 6.3665
v  -14.2215 34.3337 6.2519
v  -10.7876 35.5619 6.2519
v  -18.7439 35.0675 6.2519
v  -19.0203 35.5845 6.3665
v  -22.0912 33.0618 6.2519
v  -22.4169 33.5493 6.3665
v  -20.6464 30.8995 6.2519
v  -17.5181 32.7740 6.2519
v  -25.2251 30.7369 6.2519
v  -25.5970 31.1901 6.3665
v  -28.1167 28.1167 6.2519
v  -28.5313 28.5313 6.3665
v  -26.2778 26.2778 6.2519
v  -23.5754 28.7267 6.2519
v  -30.7369 25.2251 6.2519
v  -31.1901 25.5970 6.3665
v  -33.0617 22.0912 6.2519
v  -33.5492 22.4169 6.3665
v  -30.8995 20.6464 6.2519
v  -28.7267 23.5754 6.2519
v  -35.0675 18.7439 6.2519
v  -35.5845 19.0203 6.3665
v  -36.7363 15.2166 6.2519
v  -37.2779 15.4410 6.3665
v  -34.3337 14.2215 6.2519
v  -32.7740 17.5181 6.2519
v  -38.0504 11.5425 6.2519
v  -38.6115 11.7126 6.3665
v  -38.9990 7.7574 6.2519
v  -39.5740 7.8718 6.3665
v  -36.4484 7.2500 6.2519
v  -35.5619 10.7876 6.2519
v  -39.5711 3.8974 6.2519
v  -40.1546 3.9549 6.3665
v  -39.7630 -0.0000 6.2519
v  -40.3493 -0.0000 6.3665
v  -37.1625 -0.0000 6.2519
v  -36.9831 3.6425 6.2519
v  -39.5711 -3.8974 6.2519
v  -40.1546 -3.9549 6.3665
v  -38.9990 -7.7574 6.2519
v  -39.5740 -7.8718 6.3665
v  -36.4484 -7.2501 6.2519
v  -36.9831 -3.6425 6.2519
v  -38.0504 -11.5425 6.2519
v  -38.6114 -11.7127 6.3665
v  -36.7362 -15.2167 6.2519
v  -37.2779 -15.4410 6.3665
v  -34.3336 -14.2215 6.2519
v  -35.5619 -10.7876 6.2519
v  -35.0674 -18.7440 6.2519
v  -35.5845 -19.0203 6.3665
v  -33.0617 -22.0912 6.2519
v  -33.5492 -22.4169 6.3665
v  -30.8995 -20.6464 6.2519
v  -32.7740 -17.5181 6.2519
v  -30.7369 -25.2251 6.2519
v  -31.1901 -25.5971 6.3665
v  -28.1167 -28.1167 6.2519
v  -28.5313 -28.5313 6.3665
v  -26.2778 -26.2779 6.2519
v  -28.7266 -23.5754 6.2519
v  -25.2251 -30.7369 6.2519
v  -25.5970 -31.1901 6.3665
v  -22.0911 -33.0618 6.2519
v  -22.4169 -33.5493 6.3665
v  -20.6463 -30.8995 6.2519
v  -23.5753 -28.7267 6.2519
v  -18.7439 -35.0675 6.2519
v  -19.0203 -35.5845 6.3665
v  -15.2166 -36.7363 6.2519
v  -15.4410 -37.2779 6.3665
v  -14.2214 -34.3337 6.2519
v  -17.5180 -32.7740 6.2519
v  -11.5424 -38.0504 6.2519
v  -11.7126 -38.6115 6.3665
v  -7.7573 -38.9990 6.2519
v  -7.8717 -39.5740 6.3665
v  -7.2500 -36.4484 6.2519
v  -10.7875 -35.5619 6.2519
v  -3.8974 -39.5711 6.2519
v  -3.9548 -40.1546 6.3665
v  0.0000 -39.7630 6.2519
v  0.0000 -40.3493 6.3665
v  0.0000 -37.1625 6.2519
v  -3.6425 -36.9831 6.2519
v  3.8975 -39.5711 6.2519
v  3.9549 -40.1546 6.3665
v  7.7574 -38.9990 6.2519
v  7.8718 -39.5740 6.3665
v  7.2501 -36.4484 6.2519
v  3.6426 -36.9831 6.2519
v  11.5425 -38.0504 6.2519
v  11.7127 -38.6114 6.3665
v  15.2167 -36.7362 6.2519
v  15.4411 -37.2779 6.3665
v  14.2215 -34.3336 6.2519
v  10.7876 -35.5619 6.2519
v  18.7440 -35.0674 6.2519
v  19.0204 -35.5845 6.3665
v  22.0912 -33.0617 6.2519
v  22.4169 -33.5492 6.3665
v  20.6464 -30.8995 6.2519
v  17.5181 -32.7740 6.2519
v  25.2252 -30.7369 6.2519
v  25.5971 -31.1901 6.3665
v  28.1168 -28.1167 6.2519
v  28.5313 -28.5313 6.3665
v  26.2779 -26.2778 6.2519
v  23.5754 -28.7266 6.2519
v  30.7369 -25.2251 6.2519
v  31.1901 -25.5970 6.3665
v  33.0618 -22.0911 6.2519
v  33.5493 -22.4169 6.3665
v  30.8995 -20.6463 6.2519
v  28.7267 -23.5753 6.2519
v  35.0675 -18.7439 6.2519
v  35.5846 -19.0203 6.3665
v  36.7363 -15.2166 6.2519
v  37.2780 -15.4410 6.3665
v  34.3337 -14.2214 6.2519
v  32.7741 -17.5180 6.2519
v  38.0504 -11.5424 6.2519
v  38.6115 -11.7126 6.3665
v  38.9990 -7.7573 6.2519
v  39.5741 -7.8717 6.3665
v  36.4485 -7.2500 6.2519
v  35.5619 -10.7875 6.2519
v  39.5711 -3.8974 6.2519
v  40.1546 -3.9549 6.3665
v  36.9831 -3.6425 6.2519
v  30.7215 3.0258 6.2519
v  30.8705 0.0000 6.2519
v  30.2773 6.0225 6.2519
v  22.6547 4.5063 6.2519
v  22.9870 2.2640 6.2519
v  23.0985 -0.0000 6.2519
v  29.5409 8.9611 6.2519
v  28.5206 11.8136 6.2519
v  21.3402 8.8394 6.2519
v  22.1036 6.7051 6.2519
v  27.2250 14.5521 6.2519
v  25.6679 17.1507 6.2519
v  19.2057 12.8328 6.2519
v  20.3708 10.8884 6.2519
v  23.8629 19.5838 6.2519
v  21.8287 21.8287 6.2519
v  16.3331 16.3331 6.2519
v  17.8552 14.6533 6.2519
v  19.5838 23.8629 6.2519
v  17.1507 25.6679 6.2519
v  12.8328 19.2057 6.2519
v  14.6534 17.8552 6.2519
v  14.5521 27.2250 6.2519
v  11.8136 28.5206 6.2519
v  8.8394 21.3402 6.2519
v  10.8884 20.3708 6.2519
v  8.9611 29.5409 6.2519
v  6.0225 30.2773 6.2519
v  4.5063 22.6547 6.2519
v  6.7051 22.1036 6.2519
v  3.0258 30.7215 6.2519
v  0.0000 30.8705 6.2519
v  0.0000 23.0985 6.2519
v  2.2640 22.9870 6.2519
v  -3.0258 30.7215 6.2519
v  -6.0225 30.2773 6.2519
v  -4.5063 22.6546 6.2519
v  -2.2640 22.9870 6.2519
v  -8.9611 29.5409 6.2519
v  -11.8136 28.5206 6.2519
v  -8.8394 21.3402 6.2519
v  -6.7050 22.1036 6.2519
v  -14.5521 27.2250 6.2519
v  -17.1507 25.6679 6.2519
v  -12.8328 19.2057 6.2519
v  -10.8884 20.3708 6.2519
v  -19.5838 23.8629 6.2519
v  -21.8287 21.8287 6.2519
v  -16.3331 16.3331 6.2519
v  -14.6533 17.8552 6.2519
v  -23.8629 19.5838 6.2519
v  -25.6679 17.1507 6.2519
v  -19.2057 12.8328 6.2519
v  -17.8551 14.6533 6.2519
v  -27.2250 14.5521 6.2519
v  -28.5206 11.8136 6.2519
v  -21.3402 8.8394 6.2519
v  -20.3708 10.8884 6.2519
v  -29.5409 8.9611 6.2519
v  -30.2773 6.0225 6.2519
v  -22.6546 4.5063 6.2519
v  -22.1036 6.7051 6.2519
v  -30.7215 3.0258 6.2519
v  -30.8705 -0.0000 6.2519
v  -23.0985 -0.0000 6.2519
v  -22.9870 2.2640 6.2519
v  -30.7215 -3.0258 6.2519
v  -30.2773 -6.0225 6.2519
v  -22.6546 -4.5063 6.2519
v  -22.9870 -2.2640 6.2519
v  -29.5408 -8.9611 6.2519
v  -28.5206 -11.8136 6.2519
v  -21.3402 -8.8394 6.2519
v  -22.1036 -6.7051 6.2519
v  -27.2250 -14.5521 6.2519
v  -25.6678 -17.1507 6.2519
v  -19.2057 -12.8328 6.2519
v  -20.3708 -10.8884 6.2519
v  -23.8629 -19.5838 6.2519
v  -21.8287 -21.8287 6.2519
v  -16.3331 -16.3331 6.2519
v  -17.8551 -14.6534 6.2519
v  -19.5838 -23.8629 6.2519
v  -17.1507 -25.6679 6.2519
v  -12.8328 -19.2057 6.2519
v  -14.6533 -17.8552 6.2519
v  -14.5520 -27.2250 6.2519
v  -11.8136 -28.5206 6.2519
v  -8.8394 -21.3402 6.2519
v  -10.8884 -20.3708 6.2519
v  -8.9611 -29.5409 6.2519
v  -6.0225 -30.2773 6.2519
v  -4.5063 -22.6547 6.2519
v  -6.7050 -22.1036 6.2519
v  -3.0258 -30.7215 6.2519
v  0.0000 -30.8705 6.2519
v  0.0000 -23.0985 6.2519
v  -2.2640 -22.9870 6.2519
v  3.0258 -30.7215 6.2519
v  6.0226 -30.2773 6.2519
v  4.5063 -22.6546 6.2519
v  2.2641 -22.9870 6.2519
v  8.9612 -29.5408 6.2519
v  11.8137 -28.5206 6.2519
v  8.8394 -21.3402 6.2519
v  6.7051 -22.1036 6.2519
v  14.5521 -27.2250 6.2519
v  17.1508 -25.6678 6.2519
v  12.8329 -19.2057 6.2519
v  10.8885 -20.3708 6.2519
v  19.5838 -23.8629 6.2519
v  21.8288 -21.8287 6.2519
v  16.3331 -16.3331 6.2519
v  14.6534 -17.8551 6.2519
v  23.8630 -19.5838 6.2519
v  25.6679 -17.1507 6.2519
v  19.2057 -12.8328 6.2519
v  17.8552 -14.6533 6.2519
v  27.2251 -14.5520 6.2519
v  28.5206 -11.8136 6.2519
v  21.3403 -8.8394 6.2519
v  20.3708 -10.8884 6.2519
v  29.5409 -8.9611 6.2519
v  30.2773 -6.0225 6.2519
v  22.6547 -4.5063 6.2519
v  22.1036 -6.7050 6.2519
v  30.7215 -3.0258 6.2519
v  22.9870 -2.2640 6.2519
v  15.9805 1.5739 6.2519
v  16.0580 0.0000 6.2519
v  15.7495 3.1328 6.2519
v  9.8800 1.9653 6.2519
v  10.2205 1.0066 6.2519
v  10.0736 0.0000 6.2519
v  15.3664 4.6613 6.2519
v  14.8357 6.1451 6.2519
v  9.3068 3.8550 6.2519
v  9.8277 2.9812 6.2519
v  14.1617 7.5696 6.2519
v  13.3518 8.9213 6.2519
v  8.3759 5.5966 6.2519
v  9.0573 4.8412 6.2519
v  12.4129 10.1870 6.2519
v  11.3547 11.3547 6.2519
v  7.1231 7.1231 6.2519
v  7.9387 6.5151 6.2519
v  10.1870 12.4129 6.2519
v  8.9214 13.3517 6.2519
v  5.5966 8.3759 6.2519
v  6.5152 7.9387 6.2519
v  7.5696 14.1617 6.2519
v  6.1451 14.8357 6.2519
v  3.8550 9.3068 6.2519
v  4.8412 9.0572 6.2519
v  4.6614 15.3664 6.2519
v  3.1328 15.7494 6.2519
v  1.9653 9.8800 6.2519
v  2.9812 9.8277 6.2519
v  1.5740 15.9805 6.2519
v  0.0000 16.0580 6.2519
v  0.0000 10.0736 6.2519
v  1.0066 10.2204 6.2519
v  -1.5739 15.9805 6.2519
v  -3.1327 15.7494 6.2519
v  -1.9652 9.8800 6.2519
v  -1.0066 10.2204 6.2519
v  -4.6613 15.3664 6.2519
v  -6.1451 14.8357 6.2519
v  -3.8550 9.3068 6.2519
v  -2.9812 9.8277 6.2519
v  -7.5696 14.1617 6.2519
v  -8.9213 13.3517 6.2519
v  -5.5966 8.3759 6.2519
v  -4.8412 9.0572 6.2519
v  -10.1869 12.4129 6.2519
v  -11.3547 11.3547 6.2519
v  -7.1231 7.1231 6.2519
v  -6.5151 7.9387 6.2519
v  -12.4128 10.1870 6.2519
v  -13.3517 8.9213 6.2519
v  -8.3759 5.5966 6.2519
v  -7.9387 6.5151 6.2519
v  -14.1617 7.5696 6.2519
v  -14.8356 6.1451 6.2519
v  -9.3068 3.8550 6.2519
v  -9.0572 4.8412 6.2519
v  -15.3664 4.6613 6.2519
v  -15.7494 3.1328 6.2519
v  -9.8800 1.9653 6.2519
v  -9.8277 2.9812 6.2519
v  -15.9805 1.5739 6.2519
v  -16.0580 -0.0000 6.2519
v  -10.0736 -0.0000 6.2519
v  -10.2204 1.0066 6.2519
v  -15.9805 -1.5739 6.2519
v  -15.7494 -3.1328 6.2519
v  -9.8800 -1.9653 6.2519
v  -10.2204 -1.0066 6.2519
v  -15.3663 -4.6613 6.2519
v  -14.8356 -6.1451 6.2519
v  -9.3068 -3.8550 6.2519
v  -9.8276 -2.9812 6.2519
v  -14.1617 -7.5696 6.2519
v  -13.3517 -8.9214 6.2519
v  -8.3759 -5.5966 6.2519
v  -9.0572 -4.8412 6.2519
v  -12.4128 -10.1870 6.2519
v  -11.3547 -11.3547 6.2519
v  -7.1231 -7.1231 6.2519
v  -7.9387 -6.5152 6.2519
v  -10.1869 -12.4129 6.2519
v  -8.9213 -13.3517 6.2519
v  -5.5966 -8.3759 6.2519
v  -6.5151 -7.9387 6.2519
v  -7.5696 -14.1617 6.2519
v  -6.1451 -14.8357 6.2519
v  -3.8550 -9.3068 6.2519
v  -4.8412 -9.0572 6.2519
v  -4.6613 -15.3664 6.2519
v  -3.1327 -15.7494 6.2519
v  -1.9652 -9.8800 6.2519
v  -2.9812 -9.8277 6.2519
v  -1.5739 -15.9805 6.2519
v  0.0000 -16.0580 6.2519
v  0.0000 -10.0736 6.2519
v  -1.0066 -10.2204 6.2519
v  1.5740 -15.9805 6.2519
v  3.1328 -15.7494 6.2519
v  1.9653 -9.8800 6.2519
v  1.0067 -10.2204 6.2519
v  4.6614 -15.3664 6.2519
v  6.1452 -14.8356 6.2519
v  3.8550 -9.3068 6.2519
v  2.9812 -9.8277 6.2519
v  7.5696 -14.1617 6.2519
v  8.9214 -13.3517 6.2519
v  5.5966 -8.3759 6.2519
v  4.8412 -9.0572 6.2519
v  10.1870 -12.4128 6.2519
v  11.3547 -11.3547 6.2519
v  7.1231 -7.1231 6.2519
v  6.5152 -7.9387 6.2519
v  12.4129 -10.1869 6.2519
v  13.3518 -8.9213 6.2519
v  8.3759 -5.5966 6.2519
v  7.9388 -6.5151 6.2519
v  14.1618 -7.5696 6.2519
v  14.8357 -6.1451 6.2519
v  9.3068 -3.8550 6.2519
v  9.0573 -4.8412 6.2519
v  15.3664 -4.6613 6.2519
v  15.7495 -3.1327 6.2519
v  9.8800 -1.9652 6.2519
v  9.8277 -2.9812 6.2519
v  15.9805 -1.5739 6.2519
v  10.2204 -1.0066 6.2519
v  6.2253 0.6131 6.2519
v  5.4698 0.0000 6.2519
v  5.3647 1.0671 6.2519
v  0.0000 0.0000 6.2519
v  5.9861 1.8159 6.2519
v  5.0535 2.0932 6.2519
v  5.5168 2.9488 6.2519
v  4.5480 3.0389 6.2519
v  4.8355 3.9684 6.2519
v  3.8677 3.8677 6.2519
v  3.9684 4.8355 6.2519
v  3.0389 4.5480 6.2519
v  2.9488 5.5168 6.2519
v  2.0932 5.0534 6.2519
v  1.8159 5.9861 6.2519
v  1.0671 5.3647 6.2519
v  0.6132 6.2253 6.2519
v  0.0000 5.4698 6.2519
v  -0.6131 6.2253 6.2519
v  -1.0671 5.3647 6.2519
v  -1.8158 5.9861 6.2519
v  -2.0932 5.0534 6.2519
v  -2.9488 5.5168 6.2519
v  -3.0388 4.5480 6.2519
v  -3.9684 4.8355 6.2519
v  -3.8677 3.8677 6.2519
v  -4.8355 3.9684 6.2519
v  -4.5480 3.0389 6.2519
v  -5.5168 2.9488 6.2519
v  -5.0534 2.0932 6.2519
v  -5.9861 1.8159 6.2519
v  -5.3647 1.0671 6.2519
v  -6.2253 0.6131 6.2519
v  -5.4698 0.0000 6.2519
v  -6.2253 -0.6131 6.2519
v  -5.3647 -1.0671 6.2519
v  -5.9861 -1.8159 6.2519
v  -5.0534 -2.0932 6.2519
v  -5.5168 -2.9488 6.2519
v  -4.5479 -3.0389 6.2519
v  -4.8355 -3.9684 6.2519
v  -3.8677 -3.8677 6.2519
v  -3.9684 -4.8355 6.2519
v  -3.0388 -4.5480 6.2519
v  -2.9488 -5.5168 6.2519
v  -2.0932 -5.0534 6.2519
v  -1.8158 -5.9861 6.2519
v  -1.0671 -5.3647 6.2519
v  -0.6131 -6.2253 6.2519
v  0.0000 -5.4698 6.2519
v  0.6132 -6.2253 6.2519
v  1.0671 -5.3647 6.2519
v  1.8159 -5.9861 6.2519
v  2.0932 -5.0534 6.2519
v  2.9488 -5.5168 6.2519
v  3.0389 -4.5480 6.2519
v  3.9684 -4.8355 6.2519
v  3.8677 -3.8677 6.2519
v  4.8355 -3.9684 6.2519
v  4.5480 -3.0388 6.2519
v  5.5168 -2.9488 6.2519
v  5.0534 -2.0932 6.2519
v  5.9861 -1.8158 6.2519
v  5.3647 -1.0671 6.2519
v  6.2253 -0.6131 6.2519
v  18.1041 1.7831 0.0944
v  17.8423 3.5491 0.0944
v  26.4678 5.2648 0.1093
v  26.8561 2.6451 0.1093
v  18.1919 0.0000 0.0944
v  26.9863 0.0000 0.1093
v  10.2790 0.0000 0.0944
v  10.4143 1.0257 0.0944
v  10.0815 2.0053 0.0944
v  17.4083 5.2808 0.0944
v  16.8071 6.9617 0.0944
v  24.9321 10.3272 0.1093
v  25.8240 7.8336 0.1093
v  10.0141 3.0377 0.0944
v  9.4966 3.9336 0.0944
v  16.0436 8.5755 0.0944
v  15.1260 10.1069 0.0944
v  22.4383 14.9928 0.1093
v  23.7995 12.7211 0.1093
v  9.2290 4.9330 0.0944
v  8.5467 5.7107 0.0944
v  14.0623 11.5407 0.0944
v  12.8636 12.8636 0.0944
v  19.0822 19.0822 0.1093
v  20.8605 17.1197 0.1093
v  8.0893 6.6387 0.0944
v  7.2684 7.2683 0.0944
v  11.5407 14.0623 0.0944
v  10.1069 15.1260 0.0944
v  14.9928 22.4383 0.1093
v  17.1197 20.8605 0.1093
v  6.6387 8.0893 0.0944
v  5.7107 8.5467 0.0944
v  8.5755 16.0436 0.0944
v  6.9617 16.8071 0.0944
v  10.3272 24.9321 0.1093
v  12.7211 23.7995 0.1093
v  4.9330 9.2290 0.0944
v  3.9336 9.4965 0.0944
v  5.2808 17.4083 0.0944
v  3.5491 17.8423 0.0944
v  5.2648 26.4678 0.1093
v  7.8336 25.8240 0.1093
v  3.0377 10.0140 0.0944
v  2.0053 10.0815 0.0944
v  1.7831 18.1040 0.0944
v  0.0000 18.1918 0.0944
v  0.0000 26.9863 0.1093
v  2.6451 26.8561 0.1093
v  1.0257 10.4143 0.0944
v  0.0000 10.2790 0.0944
v  -1.7831 18.1040 0.0944
v  -3.5490 17.8423 0.0944
v  -5.2648 26.4678 0.1093
v  -2.6451 26.8561 0.1093
v  -1.0257 10.4143 0.0944
v  -2.0053 10.0815 0.0944
v  -5.2807 17.4083 0.0944
v  -6.9617 16.8071 0.0944
v  -10.3272 24.9321 0.1093
v  -7.8336 25.8240 0.1093
v  -3.0377 10.0140 0.0944
v  -3.9336 9.4965 0.0944
v  -8.5755 16.0436 0.0944
v  -10.1068 15.1260 0.0944
v  -14.9928 22.4383 0.1093
v  -12.7211 23.7995 0.1093
v  -4.9330 9.2290 0.0944
v  -5.7107 8.5467 0.0944
v  -11.5406 14.0623 0.0944
v  -12.8636 12.8636 0.0944
v  -19.0822 19.0822 0.1093
v  -17.1197 20.8605 0.1093
v  -6.6387 8.0893 0.0944
v  -7.2683 7.2683 0.0944
v  -14.0623 11.5407 0.0944
v  -15.1260 10.1069 0.0944
v  -22.4383 14.9928 0.1093
v  -20.8605 17.1197 0.1093
v  -8.0893 6.6387 0.0944
v  -8.5466 5.7107 0.0944
v  -16.0436 8.5755 0.0944
v  -16.8071 6.9617 0.0944
v  -24.9321 10.3272 0.1093
v  -23.7995 12.7211 0.1093
v  -9.2290 4.9330 0.0944
v  -9.4965 3.9336 0.0944
v  -17.4083 5.2808 0.0944
v  -17.8423 3.5491 0.0944
v  -26.4678 5.2648 0.1093
v  -25.8240 7.8336 0.1093
v  -10.0140 3.0377 0.0944
v  -10.0815 2.0053 0.0944
v  -18.1040 1.7831 0.0944
v  -18.1918 -0.0000 0.0944
v  -26.9863 -0.0000 0.1093
v  -26.8560 2.6451 0.1093
v  -10.4142 1.0257 0.0944
v  -10.2790 -0.0000 0.0944
v  -18.1040 -1.7831 0.0944
v  -17.8423 -3.5491 0.0944
v  -26.4678 -5.2648 0.1093
v  -26.8560 -2.6451 0.1093
v  -10.4142 -1.0257 0.0944
v  -10.0815 -2.0053 0.0944
v  -17.4083 -5.2808 0.0944
v  -16.8071 -6.9617 0.0944
v  -24.9321 -10.3272 0.1093
v  -25.8240 -7.8336 0.1093
v  -10.0140 -3.0377 0.0944
v  -9.4965 -3.9336 0.0944
v  -16.0436 -8.5755 0.0944
v  -15.1259 -10.1069 0.0944
v  -22.4383 -14.9928 0.1093
v  -23.7995 -12.7211 0.1093
v  -9.2290 -4.9330 0.0944
v  -8.5466 -5.7107 0.0944
v  -14.0623 -11.5407 0.0944
v  -12.8636 -12.8636 0.0944
v  -19.0822 -19.0822 0.1093
v  -20.8604 -17.1197 0.1093
v  -8.0893 -6.6387 0.0944
v  -7.2683 -7.2683 0.0944
v  -11.5406 -14.0623 0.0944
v  -10.1068 -15.1260 0.0944
v  -14.9928 -22.4383 0.1093
v  -17.1197 -20.8605 0.1093
v  -6.6387 -8.0893 0.0944
v  -5.7107 -8.5467 0.0944
v  -8.5755 -16.0436 0.0944
v  -6.9617 -16.8071 0.0944
v  -10.3272 -24.9321 0.1093
v  -12.7211 -23.7995 0.1093
v  -4.9330 -9.2290 0.0944
v  -3.9336 -9.4965 0.0944
v  -5.2807 -17.4083 0.0944
v  -3.5490 -17.8423 0.0944
v  -5.2647 -26.4678 0.1093
v  -7.8336 -25.8240 0.1093
v  -3.0377 -10.0140 0.0944
v  -2.0053 -10.0815 0.0944
v  -1.7831 -18.1040 0.0944
v  0.0000 -18.1919 0.0944
v  0.0000 -26.9863 0.1093
v  -2.6451 -26.8561 0.1093
v  -1.0257 -10.4143 0.0944
v  0.0000 -10.2790 0.0944
v  1.7831 -18.1040 0.0944
v  3.5491 -17.8423 0.0944
v  5.2648 -26.4678 0.1093
v  2.6451 -26.8561 0.1093
v  1.0257 -10.4143 0.0944
v  2.0054 -10.0815 0.0944
v  5.2808 -17.4083 0.0944
v  6.9618 -16.8071 0.0944
v  10.3273 -24.9321 0.1093
v  7.8337 -25.8240 0.1093
v  3.0378 -10.0140 0.0944
v  3.9336 -9.4965 0.0944
v  8.5755 -16.0436 0.0944
v  10.1069 -15.1260 0.0944
v  14.9928 -22.4383 0.1093
v  12.7212 -23.7995 0.1093
v  4.9330 -9.2290 0.0944
v  5.7107 -8.5467 0.0944
v  11.5407 -14.0623 0.0944
v  12.8636 -12.8636 0.0944
v  19.0822 -19.0822 0.1093
v  17.1198 -20.8604 0.1093
v  6.6387 -8.0893 0.0944
v  7.2684 -7.2683 0.0944
v  14.0624 -11.5406 0.0944
v  15.1260 -10.1068 0.0944
v  22.4383 -14.9928 0.1093
v  20.8605 -17.1197 0.1093
v  8.0893 -6.6387 0.0944
v  8.5467 -5.7107 0.0944
v  16.0436 -8.5755 0.0944
v  16.8071 -6.9617 0.0944
v  24.9321 -10.3272 0.1093
v  23.7996 -12.7211 0.1093
v  9.2290 -4.9330 0.0944
v  9.4966 -3.9336 0.0944
v  17.4083 -5.2807 0.0944
v  17.8423 -3.5490 0.0944
v  26.4678 -5.2647 0.1093
v  25.8240 -7.8336 0.1093
v  10.0141 -3.0377 0.0944
v  10.0815 -2.0053 0.0944
v  18.1041 -1.7831 0.0944
v  26.8561 -2.6451 0.1093
v  10.4143 -1.0257 0.0944
v  5.8883 0.5799 0.0944
v  5.0742 1.0093 0.0944
v  5.1737 0.0000 0.0944
v  0.0000 0.0000 0.0944
v  5.6620 1.7175 0.0944
v  4.7798 1.9799 0.0944
v  5.2181 2.7891 0.0944
v  4.3017 2.8743 0.0944
v  4.5737 3.7535 0.0944
v  3.6583 3.6583 0.0944
v  3.7536 4.5737 0.0944
v  2.8743 4.3017 0.0944
v  2.7892 5.2181 0.0944
v  1.9799 4.7798 0.0944
v  1.7176 5.6620 0.0944
v  1.0093 5.0742 0.0944
v  0.5800 5.8882 0.0944
v  0.0000 5.1736 0.0944
v  -0.5799 5.8882 0.0944
v  -1.0093 5.0742 0.0944
v  -1.7175 5.6620 0.0944
v  -1.9798 4.7798 0.0944
v  -2.7891 5.2181 0.0944
v  -2.8743 4.3017 0.0944
v  -3.7535 4.5737 0.0944
v  -3.6583 3.6583 0.0944
v  -4.5737 3.7535 0.0944
v  -4.3017 2.8743 0.0944
v  -5.2181 2.7891 0.0944
v  -4.7798 1.9799 0.0944
v  -5.6619 1.7175 0.0944
v  -5.0742 1.0093 0.0944
v  -5.8882 0.5799 0.0944
v  -5.1736 0.0000 0.0944
v  -5.8882 -0.5799 0.0944
v  -5.0742 -1.0093 0.0944
v  -5.6620 -1.7175 0.0944
v  -4.7798 -1.9799 0.0944
v  -5.2181 -2.7891 0.0944
v  -4.3017 -2.8743 0.0944
v  -4.5737 -3.7535 0.0944
v  -3.6583 -3.6583 0.0944
v  -3.7535 -4.5737 0.0944
v  -2.8743 -4.3017 0.0944
v  -2.7891 -5.2181 0.0944
v  -1.9798 -4.7798 0.0944
v  -1.7175 -5.6620 0.0944
v  -1.0093 -5.0742 0.0944
v  -0.5799 -5.8882 0.0944
v  0.0000 -5.1736 0.0944
v  0.5800 -5.8882 0.0944
v  1.0094 -5.0742 0.0944
v  1.7176 -5.6620 0.0944
v  1.9799 -4.7798 0.0944
v  2.7892 -5.2181 0.0944
v  2.8743 -4.3017 0.0944
v  3.7536 -4.5737 0.0944
v  3.6583 -3.6583 0.0944
v  4.5737 -3.7535 0.0944
v  4.3017 -2.8743 0.0944
v  5.2181 -2.7891 0.0944
v  4.7798 -1.9799 0.0944
v  5.6620 -1.7175 0.0944
v  5.0742 -1.0093 0.0944
v  5.8883 -0.5799 0.0944
v  40.4027 3.9793 6.7102
v  39.8186 7.9204 6.7102
v  40.5986 0.0000 6.7102
v  59.0858 5.8194 150.4303
v  59.3724 0.0000 150.4303
v  59.1768 5.8284 150.8350
v  59.4638 0.0000 150.8350
v  58.3213 11.6008 150.8350
v  58.2315 11.5830 150.4303
v  38.8500 11.7850 6.7102
v  37.5083 15.5364 6.7102
v  56.8152 17.2347 150.4303
v  56.9027 17.2613 150.8350
v  54.9374 22.7558 150.8350
v  54.8529 22.7208 150.4303
v  35.8044 19.1378 6.7102
v  33.7565 22.5554 6.7102
v  52.3611 27.9876 150.4303
v  52.4418 28.0307 150.8350
v  49.4424 33.0363 150.8350
v  49.3663 32.9855 150.4303
v  31.3828 25.7552 6.7102
v  28.7076 28.7076 6.7102
v  45.8949 37.6650 150.4303
v  45.9656 37.7230 150.8350
v  42.0473 42.0473 150.8350
v  41.9826 41.9826 150.4303
v  25.7552 31.3828 6.7102
v  22.5554 33.7565 6.7102
v  37.6650 45.8949 150.4303
v  37.7230 45.9656 150.8350
v  33.0363 49.4424 150.8350
v  32.9855 49.3663 150.4303
v  19.1378 35.8044 6.7102
v  15.5364 37.5083 6.7102
v  27.9876 52.3611 150.4303
v  28.0307 52.4418 150.8350
v  22.7558 54.9374 150.8350
v  22.7208 54.8529 150.4303
v  11.7850 38.8500 6.7102
v  7.9204 39.8186 6.7102
v  17.2347 56.8152 150.4303
v  17.2612 56.9027 150.8350
v  11.6008 58.3213 150.8350
v  11.5830 58.2315 150.4303
v  3.9793 40.4027 6.7102
v  0.0000 40.5986 6.7102
v  5.8194 59.0858 150.4303
v  5.8284 59.1768 150.8350
v  -0.0000 59.4638 150.8350
v  -0.0000 59.3724 150.4303
v  -3.9793 40.4027 6.7102
v  -7.9204 39.8186 6.7102
v  -5.8194 59.0858 150.4303
v  -5.8284 59.1768 150.8350
v  -11.6008 58.3213 150.8350
v  -11.5830 58.2316 150.4303
v  -11.7850 38.8500 6.7102
v  -15.5364 37.5083 6.7102
v  -17.2347 56.8152 150.4303
v  -17.2612 56.9027 150.8350
v  -22.7558 54.9374 150.8350
v  -22.7208 54.8529 150.4303
v  -19.1378 35.8044 6.7102
v  -22.5554 33.7565 6.7102
v  -27.9876 52.3611 150.4303
v  -28.0307 52.4418 150.8350
v  -33.0363 49.4424 150.8350
v  -32.9855 49.3663 150.4303
v  -25.7552 31.3828 6.7102
v  -28.7076 28.7076 6.7102
v  -37.6650 45.8949 150.4303
v  -37.7230 45.9656 150.8350
v  -42.0473 42.0473 150.8350
v  -41.9826 41.9826 150.4303
v  -31.3828 25.7552 6.7102
v  -33.7565 22.5554 6.7102
v  -45.8949 37.6650 150.4303
v  -45.9657 37.7230 150.8350
v  -49.4424 33.0363 150.8350
v  -49.3663 32.9855 150.4303
v  -35.8044 19.1378 6.7102
v  -37.5083 15.5364 6.7102
v  -52.3612 27.9876 150.4303
v  -52.4418 28.0307 150.8350
v  -54.9374 22.7558 150.8350
v  -54.8529 22.7208 150.4303
v  -38.8500 11.7850 6.7102
v  -39.8185 7.9204 6.7102
v  -56.8152 17.2347 150.4303
v  -56.9027 17.2612 150.8350
v  -58.3213 11.6008 150.8350
v  -58.2316 11.5830 150.4303
v  -40.4027 3.9793 6.7102
v  -40.5986 -0.0000 6.7102
v  -59.0858 5.8194 150.4303
v  -59.1768 5.8284 150.8350
v  -59.4639 -0.0000 150.8350
v  -59.3724 -0.0000 150.4303
v  -40.4027 -3.9793 6.7102
v  -39.8185 -7.9204 6.7102
v  -59.0858 -5.8195 150.4303
v  -59.1768 -5.8284 150.8350
v  -58.3213 -11.6008 150.8350
v  -58.2315 -11.5830 150.4303
v  -38.8500 -11.7850 6.7102
v  -37.5082 -15.5364 6.7102
v  -56.8152 -17.2347 150.4303
v  -56.9027 -17.2613 150.8349
v  -54.9374 -22.7559 150.8349
v  -54.8529 -22.7209 150.4302
v  -35.8044 -19.1379 6.7102
v  -33.7565 -22.5554 6.7102
v  -52.3611 -27.9876 150.4302
v  -52.4418 -28.0308 150.8349
v  -49.4424 -33.0364 150.8349
v  -49.3663 -32.9855 150.4302
v  -31.3828 -25.7552 6.7102
v  -28.7076 -28.7076 6.7102
v  -45.8949 -37.6650 150.4302
v  -45.9656 -37.7230 150.8349
v  -42.0473 -42.0473 150.8350
v  -41.9826 -41.9826 150.4303
v  -25.7552 -31.3828 6.7102
v  -22.5554 -33.7566 6.7102
v  -37.6650 -45.8950 150.4302
v  -37.7230 -45.9657 150.8349
v  -33.0363 -49.4424 150.8350
v  -32.9855 -49.3663 150.4302
v  -19.1378 -35.8044 6.7102
v  -15.5364 -37.5083 6.7102
v  -27.9876 -52.3612 150.4302
v  -28.0307 -52.4418 150.8349
v  -22.7558 -54.9374 150.8350
v  -22.7208 -54.8529 150.4302
v  -11.7850 -38.8500 6.7102
v  -7.9204 -39.8186 6.7102
v  -17.2346 -56.8152 150.4302
v  -17.2612 -56.9027 150.8349
v  -11.6008 -58.3213 150.8350
v  -11.5829 -58.2316 150.4303
v  -3.9793 -40.4027 6.7102
v  0.0000 -40.5986 6.7102
v  -5.8194 -59.0858 150.4303
v  -5.8284 -59.1768 150.8349
v  0.0000 -59.4639 150.8350
v  0.0000 -59.3724 150.4303
v  3.9794 -40.4027 6.7102
v  7.9204 -39.8185 6.7102
v  5.8195 -59.0858 150.4303
v  5.8285 -59.1768 150.8349
v  11.6009 -58.3213 150.8350
v  11.5830 -58.2315 150.4303
v  11.7851 -38.8500 6.7102
v  15.5365 -37.5082 6.7102
v  17.2347 -56.8151 150.4303
v  17.2613 -56.9027 150.8349
v  22.7559 -54.9374 150.8350
v  22.7209 -54.8529 150.4303
v  19.1379 -35.8044 6.7102
v  22.5554 -33.7565 6.7102
v  27.9877 -52.3611 150.4302
v  28.0308 -52.4418 150.8349
v  33.0364 -49.4423 150.8350
v  32.9856 -49.3663 150.4302
v  25.7552 -31.3828 6.7102
v  28.7076 -28.7075 6.7102
v  37.6650 -45.8949 150.4302
v  37.7231 -45.9656 150.8349
v  42.0473 -42.0472 150.8349
v  41.9827 -41.9826 150.4302
v  31.3828 -25.7552 6.7102
v  33.7566 -22.5554 6.7102
v  45.8950 -37.6649 150.4302
v  45.9657 -37.7230 150.8349
v  49.4424 -33.0363 150.8349
v  49.3664 -32.9855 150.4302
v  35.8044 -19.1378 6.7102
v  37.5083 -15.5364 6.7102
v  52.3612 -27.9875 150.4302
v  52.4418 -28.0307 150.8349
v  54.9374 -22.7557 150.8350
v  54.8529 -22.7207 150.4303
v  38.8500 -11.7850 6.7102
v  39.8186 -7.9204 6.7102
v  56.8152 -17.2346 150.4303
v  56.9027 -17.2612 150.8350
v  58.3213 -11.6007 150.8350
v  58.2315 -11.5829 150.4303
v  40.4027 -3.9793 6.7102
v  59.0858 -5.8194 150.4303
v  59.1768 -5.8284 150.8350
v  63.9587 6.2994 150.2663
v  63.0341 12.5383 150.2663
v  63.9550 6.2990 150.4786
v  63.0303 12.5375 150.4787
v  64.2652 0.0000 150.4786
v  64.2690 0.0000 150.2663
v  61.5009 18.6561 150.2663
v  59.3768 24.5947 150.2663
v  61.4972 18.6550 150.4786
v  59.3733 24.5932 150.4786
v  56.6795 30.2958 150.2663
v  53.4377 35.7059 150.2663
v  56.6761 30.2940 150.4786
v  53.4345 35.7038 150.4786
v  49.6800 40.7713 150.2663
v  45.4450 45.4450 150.2664
v  49.6771 40.7689 150.4787
v  45.4423 45.4423 150.4787
v  40.7713 49.6800 150.2663
v  35.7059 53.4377 150.2663
v  40.7689 49.6771 150.4787
v  35.7038 53.4345 150.4787
v  30.2958 56.6795 150.2663
v  24.5947 59.3768 150.2663
v  30.2940 56.6762 150.4787
v  24.5932 59.3733 150.4786
v  18.6561 61.5009 150.2663
v  12.5382 63.0341 150.2663
v  18.6550 61.4972 150.4786
v  12.5375 63.0303 150.4786
v  6.2994 63.9588 150.2663
v  -0.0000 64.2690 150.2663
v  6.2990 63.9550 150.4786
v  -0.0000 64.2652 150.4786
v  -6.2994 63.9588 150.2663
v  -12.5383 63.0341 150.2663
v  -6.2990 63.9550 150.4787
v  -12.5375 63.0303 150.4787
v  -18.6561 61.5009 150.2663
v  -24.5947 59.3768 150.2663
v  -18.6550 61.4972 150.4787
v  -24.5932 59.3733 150.4786
v  -30.2958 56.6795 150.2663
v  -35.7059 53.4377 150.2663
v  -30.2940 56.6762 150.4786
v  -35.7038 53.4345 150.4786
v  -40.7713 49.6800 150.2663
v  -45.4450 45.4450 150.2664
v  -40.7689 49.6771 150.4787
v  -45.4423 45.4423 150.4787
v  -49.6800 40.7713 150.2663
v  -53.4377 35.7059 150.2663
v  -49.6771 40.7689 150.4787
v  -53.4346 35.7038 150.4787
v  -56.6795 30.2958 150.2663
v  -59.3768 24.5947 150.2663
v  -56.6762 30.2940 150.4787
v  -59.3733 24.5932 150.4787
v  -61.5009 18.6561 150.2663
v  -63.0341 12.5382 150.2663
v  -61.4972 18.6550 150.4786
v  -63.0303 12.5375 150.4787
v  -63.9588 6.2994 150.2663
v  -64.2690 -0.0000 150.2663
v  -63.9550 6.2990 150.4786
v  -64.2652 -0.0000 150.4787
v  -63.9588 -6.2994 150.2663
v  -63.0341 -12.5383 150.2663
v  -63.9550 -6.2990 150.4786
v  -63.0303 -12.5375 150.4787
v  -61.5009 -18.6561 150.2663
v  -59.3768 -24.5947 150.2663
v  -61.4972 -18.6550 150.4786
v  -59.3733 -24.5932 150.4787
v  -56.6795 -30.2959 150.2663
v  -53.4377 -35.7060 150.2663
v  -56.6762 -30.2941 150.4787
v  -53.4345 -35.7038 150.4787
v  -49.6800 -40.7714 150.2663
v  -45.4450 -45.4451 150.2663
v  -49.6770 -40.7689 150.4786
v  -45.4423 -45.4424 150.4786
v  -40.7713 -49.6800 150.2663
v  -35.7059 -53.4377 150.2663
v  -40.7689 -49.6771 150.4786
v  -35.7038 -53.4346 150.4786
v  -30.2958 -56.6795 150.2663
v  -24.5946 -59.3768 150.2663
v  -30.2940 -56.6762 150.4786
v  -24.5932 -59.3733 150.4786
v  -18.6560 -61.5009 150.2663
v  -12.5382 -63.0341 150.2663
v  -18.6549 -61.4972 150.4786
v  -12.5375 -63.0303 150.4786
v  -6.2993 -63.9588 150.2663
v  0.0001 -64.2690 150.2663
v  -6.2990 -63.9550 150.4786
v  0.0001 -64.2652 150.4786
v  6.2994 -63.9587 150.2663
v  12.5383 -63.0341 150.2663
v  6.2991 -63.9550 150.4786
v  12.5376 -63.0303 150.4786
v  18.6561 -61.5008 150.2663
v  24.5947 -59.3768 150.2663
v  18.6550 -61.4972 150.4786
v  24.5933 -59.3732 150.4786
v  30.2959 -56.6795 150.2663
v  35.7060 -53.4376 150.2663
v  30.2941 -56.6761 150.4786
v  35.7039 -53.4345 150.4786
v  40.7714 -49.6800 150.2663
v  45.4451 -45.4450 150.2663
v  40.7690 -49.6770 150.4786
v  45.4424 -45.4423 150.4786
v  49.6801 -40.7713 150.2663
v  53.4377 -35.7059 150.2663
v  49.6771 -40.7688 150.4786
v  53.4346 -35.7037 150.4786
v  56.6795 -30.2957 150.2663
v  59.3768 -24.5946 150.2663
v  56.6762 -30.2940 150.4786
v  59.3733 -24.5931 150.4786
v  61.5009 -18.6560 150.2663
v  63.0341 -12.5382 150.2663
v  61.4972 -18.6549 150.4786
v  63.0303 -12.5374 150.4786
v  63.9588 -6.2993 150.2663
v  63.9550 -6.2990 150.4786
v  59.4102 5.8514 111.7907
v  58.8226 5.7935 107.7441
v  57.9722 11.5314 107.7442
v  58.5513 11.6466 111.7907
v  59.6984 0.0000 111.7907
v  59.1079 0.0000 107.7442
v  57.1271 17.3293 111.7907
v  56.5621 17.1579 107.7441
v  54.6086 22.6196 107.7442
v  55.1541 22.8456 111.7907
v  52.6487 28.1413 111.7907
v  52.1279 27.8630 107.7442
v  49.1465 32.8386 107.7442
v  49.6374 33.1667 111.7907
v  46.1469 37.8718 111.7907
v  45.6905 37.4973 107.7442
v  41.7956 41.7956 107.7442
v  42.2131 42.2132 111.7907
v  37.8718 46.1470 111.7907
v  37.4972 45.6905 107.7442
v  32.8386 49.1465 107.7442
v  33.1667 49.6374 111.7907
v  28.1413 52.6487 111.7907
v  27.8630 52.1280 107.7442
v  22.6196 54.6086 107.7442
v  22.8456 55.1541 111.7907
v  17.3293 57.1271 111.7907
v  17.1579 56.5621 107.7442
v  11.5314 57.9722 107.7442
v  11.6466 58.5513 111.7907
v  5.8514 59.4103 111.7907
v  5.7935 58.8226 107.7442
v  -0.0000 59.1080 107.7442
v  -0.0000 59.6984 111.7907
v  -5.8514 59.4103 111.7907
v  -5.7935 58.8226 107.7442
v  -11.5314 57.9722 107.7442
v  -11.6466 58.5513 111.7907
v  -17.3293 57.1272 111.7907
v  -17.1579 56.5621 107.7442
v  -22.6196 54.6086 107.7442
v  -22.8456 55.1541 111.7907
v  -28.1413 52.6487 111.7907
v  -27.8630 52.1280 107.7442
v  -32.8386 49.1465 107.7442
v  -33.1667 49.6374 111.7907
v  -37.8718 46.1470 111.7907
v  -37.4973 45.6905 107.7442
v  -41.7956 41.7956 107.7442
v  -42.2132 42.2132 111.7907
v  -46.1470 37.8718 111.7907
v  -45.6905 37.4972 107.7442
v  -49.1465 32.8386 107.7442
v  -49.6374 33.1667 111.7907
v  -52.6487 28.1413 111.7907
v  -52.1280 27.8630 107.7442
v  -54.6086 22.6196 107.7442
v  -55.1542 22.8456 111.7907
v  -57.1272 17.3293 111.7907
v  -56.5621 17.1579 107.7442
v  -57.9722 11.5314 107.7442
v  -58.5513 11.6466 111.7907
v  -59.4103 5.8514 111.7907
v  -58.8227 5.7935 107.7442
v  -59.1080 -0.0000 107.7442
v  -59.6984 -0.0000 111.7907
v  -59.4103 -5.8514 111.7907
v  -58.8226 -5.7935 107.7441
v  -57.9722 -11.5314 107.7441
v  -58.5513 -11.6466 111.7907
v  -57.1272 -17.3294 111.7907
v  -56.5621 -17.1580 107.7441
v  -54.6086 -22.6197 107.7441
v  -55.1541 -22.8456 111.7907
v  -52.6487 -28.1413 111.7907
v  -52.1279 -27.8630 107.7441
v  -49.1465 -32.8386 107.7442
v  -49.6374 -33.1667 111.7907
v  -46.1469 -37.8719 111.7907
v  -45.6905 -37.4973 107.7441
v  -41.7956 -41.7957 107.7442
v  -42.2131 -42.2132 111.7907
v  -37.8718 -46.1470 111.7907
v  -37.4972 -45.6906 107.7442
v  -32.8386 -49.1465 107.7442
v  -33.1666 -49.6374 111.7907
v  -28.1413 -52.6487 111.7907
v  -27.8629 -52.1280 107.7442
v  -22.6196 -54.6086 107.7442
v  -22.8456 -55.1541 111.7907
v  -17.3293 -57.1272 111.7907
v  -17.1579 -56.5621 107.7441
v  -11.5313 -57.9722 107.7442
v  -11.6465 -58.5513 111.7907
v  -5.8513 -59.4103 111.7907
v  -5.7935 -58.8227 107.7441
v  0.0001 -59.1080 107.7442
v  0.0001 -59.6984 111.7907
v  5.8515 -59.4103 111.7907
v  5.7936 -58.8226 107.7442
v  11.5314 -57.9722 107.7442
v  11.6466 -58.5513 111.7907
v  17.3294 -57.1271 111.7907
v  17.1580 -56.5621 107.7442
v  22.6197 -54.6086 107.7442
v  22.8457 -55.1541 111.7907
v  28.1414 -52.6486 111.7907
v  27.8630 -52.1279 107.7442
v  32.8387 -49.1464 107.7442
v  33.1667 -49.6374 111.7907
v  37.8719 -46.1469 111.7907
v  37.4973 -45.6905 107.7442
v  41.7957 -41.7956 107.7442
v  42.2132 -42.2131 111.7907
v  46.1470 -37.8718 111.7907
v  45.6906 -37.4972 107.7441
v  49.1465 -32.8386 107.7442
v  49.6375 -33.1666 111.7907
v  52.6487 -28.1412 111.7907
v  52.1280 -27.8629 107.7442
v  54.6087 -22.6196 107.7442
v  55.1542 -22.8455 111.7907
v  57.1272 -17.3292 111.7907
v  56.5621 -17.1578 107.7442
v  57.9722 -11.5313 107.7442
v  58.5513 -11.6465 111.7907
v  59.4103 -5.8514 111.7907
v  58.8226 -5.7935 107.7442
v  63.6469 6.2687 114.6191
v  63.8343 6.2871 114.9244
v  64.1439 0.0000 114.9244
v  63.9556 0.0000 114.6191
v  63.0063 6.2056 114.1409
v  63.3119 0.0000 114.1409
v  62.0954 12.3515 114.1409
v  62.7267 12.4771 114.6191
v  62.9114 12.5139 114.9244
v  61.2010 18.5651 114.6191
v  61.3812 18.6198 114.9244
v  60.5850 18.3783 114.1409
v  58.4926 24.2284 114.1409
v  59.0873 24.4747 114.6191
v  59.2612 24.5468 114.9244
v  56.4031 30.1481 114.6191
v  56.5692 30.2369 114.9244
v  55.8355 29.8447 114.1409
v  52.6419 35.1742 114.1409
v  53.1771 35.5318 114.6191
v  53.3337 35.6364 114.9244
v  49.4378 40.5725 114.6191
v  49.5833 40.6920 114.9244
v  48.9402 40.1642 114.1409
v  44.7683 44.7683 114.1409
v  45.2234 45.2234 114.6191
v  45.3566 45.3566 114.9244
v  40.5725 49.4378 114.6191
v  40.6920 49.5833 114.9244
v  40.1642 48.9402 114.1409
v  35.1742 52.6419 114.1409
v  35.5318 53.1771 114.6191
v  35.6364 53.3337 114.9244
v  30.1481 56.4032 114.6191
v  30.2369 56.5692 114.9244
v  29.8447 55.8355 114.1409
v  24.2284 58.4926 114.1409
v  24.4747 59.0873 114.6191
v  24.5468 59.2612 114.9244
v  18.5651 61.2010 114.6191
v  18.6198 61.3812 114.9244
v  18.3783 60.5850 114.1409
v  12.3515 62.0954 114.1409
v  12.4771 62.7267 114.6191
v  12.5138 62.9114 114.9244
v  6.2687 63.6469 114.6191
v  6.2871 63.8343 114.9244
v  6.2056 63.0063 114.1409
v  -0.0000 63.3119 114.1409
v  -0.0000 63.9556 114.6191
v  -0.0000 64.1439 114.9244
v  -6.2687 63.6469 114.6191
v  -6.2871 63.8343 114.9244
v  -6.2056 63.0063 114.1409
v  -12.3515 62.0954 114.1409
v  -12.4771 62.7267 114.6191
v  -12.5138 62.9114 114.9244
v  -18.5651 61.2010 114.6191
v  -18.6198 61.3812 114.9244
v  -18.3783 60.5850 114.1409
v  -24.2284 58.4926 114.1409
v  -24.4747 59.0873 114.6191
v  -24.5468 59.2612 114.9244
v  -30.1481 56.4031 114.6191
v  -30.2369 56.5692 114.9244
v  -29.8447 55.8355 114.1409
v  -35.1742 52.6419 114.1409
v  -35.5318 53.1771 114.6191
v  -35.6364 53.3337 114.9244
v  -40.5725 49.4378 114.6191
v  -40.6920 49.5833 114.9244
v  -40.1642 48.9402 114.1409
v  -44.7683 44.7683 114.1409
v  -45.2234 45.2234 114.6191
v  -45.3566 45.3566 114.9244
v  -49.4378 40.5725 114.6191
v  -49.5833 40.6920 114.9244
v  -48.9402 40.1642 114.1409
v  -52.6420 35.1742 114.1409
v  -53.1772 35.5318 114.6191
v  -53.3337 35.6364 114.9244
v  -56.4032 30.1481 114.6191
v  -56.5692 30.2369 114.9244
v  -55.8355 29.8447 114.1409
v  -58.4926 24.2284 114.1409
v  -59.0873 24.4747 114.6191
v  -59.2613 24.5468 114.9244
v  -61.2010 18.5651 114.6191
v  -61.3812 18.6198 114.9244
v  -60.5850 18.3783 114.1409
v  -62.0954 12.3515 114.1409
v  -62.7267 12.4771 114.6191
v  -62.9114 12.5138 114.9244
v  -63.6469 6.2687 114.6191
v  -63.8343 6.2871 114.9244
v  -63.0063 6.2056 114.1409
v  -63.3119 -0.0000 114.1409
v  -63.9556 -0.0000 114.6191
v  -64.1439 -0.0000 114.9244
v  -63.6469 -6.2687 114.6191
v  -63.8343 -6.2872 114.9244
v  -63.0063 -6.2056 114.1409
v  -62.0954 -12.3516 114.1409
v  -62.7267 -12.4771 114.6191
v  -62.9114 -12.5139 114.9244
v  -61.2010 -18.5651 114.6191
v  -61.3812 -18.6198 114.9244
v  -60.5850 -18.3783 114.1409
v  -58.4926 -24.2285 114.1409
v  -59.0873 -24.4748 114.6191
v  -59.2612 -24.5468 114.9244
v  -56.4031 -30.1481 114.6191
v  -56.5692 -30.2369 114.9244
v  -55.8355 -29.8447 114.1409
v  -52.6419 -35.1742 114.1409
v  -53.1771 -35.5319 114.6191
v  -53.3337 -35.6365 114.9244
v  -49.4378 -40.5726 114.6191
v  -49.5833 -40.6920 114.9244
v  -48.9402 -40.1642 114.1409
v  -44.7683 -44.7683 114.1409
v  -45.2234 -45.2235 114.6191
v  -45.3566 -45.3566 114.9244
v  -40.5725 -49.4378 114.6191
v  -40.6920 -49.5833 114.9244
v  -40.1642 -48.9402 114.1409
v  -35.1742 -52.6420 114.1409
v  -35.5318 -53.1772 114.6191
v  -35.6364 -53.3337 114.9244
v  -30.1481 -56.4032 114.6191
v  -30.2368 -56.5692 114.9244
v  -29.8446 -55.8355 114.1409
v  -24.2284 -58.4926 114.1409
v  -24.4747 -59.0873 114.6191
v  -24.5468 -59.2612 114.9244
v  -18.5651 -61.2010 114.6191
v  -18.6197 -61.3812 114.9244
v  -18.3782 -60.5850 114.1409
v  -12.3515 -62.0954 114.1409
v  -12.4771 -62.7267 114.6191
v  -12.5138 -62.9114 114.9244
v  -6.2686 -63.6469 114.6191
v  -6.2871 -63.8343 114.9244
v  -6.2055 -63.0063 114.1409
v  0.0001 -63.3119 114.1409
v  0.0001 -63.9556 114.6191
v  0.0001 -64.1439 114.9244
v  6.2687 -63.6469 114.6191
v  6.2872 -63.8343 114.9244
v  6.2056 -63.0063 114.1409
v  12.3516 -62.0954 114.1409
v  12.4772 -62.7267 114.6191
v  12.5139 -62.9114 114.9244
v  18.5652 -61.2010 114.6191
v  18.6198 -61.3811 114.9244
v  18.3783 -60.5850 114.1409
v  24.2285 -58.4926 114.1409
v  24.4748 -59.0872 114.6191
v  24.5469 -59.2612 114.9244
v  30.1482 -56.4031 114.6191
v  30.2369 -56.5692 114.9244
v  29.8447 -55.8354 114.1409
v  35.1743 -52.6419 114.1409
v  35.5319 -53.1771 114.6191
v  35.6365 -53.3336 114.9244
v  40.5726 -49.4377 114.6191
v  40.6920 -49.5833 114.9244
v  40.1642 -48.9402 114.1409
v  44.7683 -44.7682 114.1409
v  45.2235 -45.2234 114.6191
v  45.3566 -45.3565 114.9244
v  49.4378 -40.5725 114.6191
v  49.5834 -40.6919 114.9244
v  48.9403 -40.1641 114.1409
v  52.6420 -35.1741 114.1409
v  53.1772 -35.5317 114.6191
v  53.3337 -35.6364 114.9244
v  56.4032 -30.1480 114.6191
v  56.5692 -30.2368 114.9244
v  55.8355 -29.8446 114.1409
v  58.4926 -24.2283 114.1409
v  59.0873 -24.4747 114.6191
v  59.2613 -24.5467 114.9244
v  61.2010 -18.5650 114.6191
v  61.3812 -18.6197 114.9244
v  60.5850 -18.3782 114.1409
v  62.0954 -12.3515 114.1409
v  62.7267 -12.4770 114.6191
v  62.9114 -12.5138 114.9244
v  63.6469 -6.2686 114.6191
v  63.8343 -6.2871 114.9244
v  63.0063 -6.2055 114.1409
v  63.9020 6.2938 115.1866
v  63.9093 6.2945 117.5270
v  64.2193 0.0000 117.5270
v  64.2120 0.0000 115.1866
v  62.9782 12.5271 115.1866
v  62.9854 12.5286 117.5270
v  61.4463 18.6395 115.1866
v  61.4533 18.6417 117.5270
v  59.3242 24.5729 115.1866
v  59.3309 24.5757 117.5270
v  56.6293 30.2690 115.1866
v  56.6357 30.2724 117.5270
v  53.3903 35.6743 115.1866
v  53.3964 35.6783 117.5270
v  49.6360 40.7352 115.1866
v  49.6416 40.7398 117.5270
v  45.4047 45.4047 115.1866
v  45.4099 45.4099 117.5270
v  40.7352 49.6360 115.1866
v  40.7398 49.6416 117.5270
v  35.6743 53.3903 115.1866
v  35.6783 53.3964 117.5270
v  30.2690 56.6293 115.1866
v  30.2724 56.6357 117.5270
v  24.5729 59.3242 115.1866
v  24.5757 59.3309 117.5270
v  18.6395 61.4464 115.1866
v  18.6417 61.4534 117.5270
v  12.5271 62.9782 115.1866
v  12.5286 62.9854 117.5270
v  6.2938 63.9021 115.1866
v  6.2945 63.9094 117.5270
v  -0.0000 64.2120 115.1866
v  -0.0000 64.2193 117.5270
v  -6.2938 63.9021 115.1866
v  -6.2945 63.9094 117.5270
v  -12.5271 62.9782 115.1866
v  -12.5286 62.9854 117.5270
v  -18.6395 61.4463 115.1866
v  -18.6417 61.4534 117.5270
v  -24.5729 59.3242 115.1866
v  -24.5757 59.3309 117.5270
v  -30.2690 56.6293 115.1866
v  -30.2724 56.6357 117.5270
v  -35.6743 53.3903 115.1866
v  -35.6783 53.3964 117.5270
v  -40.7352 49.6360 115.1866
v  -40.7398 49.6416 117.5270
v  -45.4048 45.4048 115.1866
v  -45.4099 45.4099 117.5270
v  -49.6360 40.7352 115.1866
v  -49.6416 40.7398 117.5270
v  -53.3904 35.6743 115.1866
v  -53.3964 35.6783 117.5270
v  -56.6293 30.2690 115.1866
v  -56.6358 30.2724 117.5270
v  -59.3242 24.5729 115.1866
v  -59.3309 24.5757 117.5270
v  -61.4464 18.6395 115.1866
v  -61.4534 18.6417 117.5270
v  -62.9782 12.5271 115.1866
v  -62.9854 12.5286 117.5270
v  -63.9021 6.2938 115.1866
v  -63.9094 6.2945 117.5270
v  -64.2120 -0.0000 115.1866
v  -64.2193 -0.0000 117.5270
v  -63.9021 -6.2938 115.1866
v  -63.9094 -6.2945 117.5270
v  -62.9782 -12.5272 115.1866
v  -62.9854 -12.5286 117.5270
v  -61.4463 -18.6396 115.1866
v  -61.4534 -18.6417 117.5270
v  -59.3242 -24.5729 115.1866
v  -59.3309 -24.5757 117.5270
v  -56.6293 -30.2690 115.1866
v  -56.6357 -30.2725 117.5270
v  -53.3903 -35.6743 115.1866
v  -53.3964 -35.6784 117.5270
v  -49.6360 -40.7352 115.1866
v  -49.6416 -40.7399 117.5270
v  -45.4047 -45.4048 115.1866
v  -45.4099 -45.4099 117.5270
v  -40.7352 -49.6360 115.1866
v  -40.7398 -49.6417 117.5270
v  -35.6742 -53.3904 115.1866
v  -35.6783 -53.3964 117.5270
v  -30.2689 -56.6293 115.1866
v  -30.2724 -56.6357 117.5270
v  -24.5728 -59.3242 115.1866
v  -24.5756 -59.3309 117.5270
v  -18.6395 -61.4464 115.1866
v  -18.6416 -61.4534 117.5270
v  -12.5271 -62.9782 115.1866
v  -12.5285 -62.9854 117.5270
v  -6.2937 -63.9021 115.1866
v  -6.2945 -63.9094 117.5270
v  0.0001 -64.2120 115.1866
v  0.0001 -64.2193 117.5270
v  6.2939 -63.9021 115.1866
v  6.2946 -63.9093 117.5270
v  12.5272 -62.9782 115.1866
v  12.5286 -62.9853 117.5270
v  18.6396 -61.4463 115.1866
v  18.6417 -61.4533 117.5270
v  24.5729 -59.3241 115.1866
v  24.5757 -59.3309 117.5270
v  30.2690 -56.6292 115.1866
v  30.2725 -56.6357 117.5270
v  35.6743 -53.3903 115.1866
v  35.6784 -53.3964 117.5270
v  40.7352 -49.6359 115.1866
v  40.7399 -49.6416 117.5270
v  45.4048 -45.4047 115.1866
v  45.4100 -45.4099 117.5270
v  49.6360 -40.7351 115.1866
v  49.6417 -40.7398 117.5270
v  53.3904 -35.6742 115.1866
v  53.3965 -35.6783 117.5270
v  56.6293 -30.2689 115.1866
v  56.6358 -30.2723 117.5270
v  59.3242 -24.5728 115.1866
v  59.3309 -24.5756 117.5270
v  61.4464 -18.6394 115.1866
v  61.4534 -18.6416 117.5270
v  62.9782 -12.5271 115.1866
v  62.9854 -12.5285 117.5270
v  63.9021 -6.2938 115.1866
v  63.9093 -6.2945 117.5270
v  61.5790 6.0650 113.3600
v  60.6887 12.0717 113.3600
v  61.8777 0.0000 113.3600
v  59.2126 17.9619 113.3600
v  57.1675 23.6796 113.3600
v  54.5706 29.1686 113.3600
v  51.4494 34.3774 113.3600
v  47.8315 39.2543 113.3600
v  43.7541 43.7541 113.3600
v  39.2543 47.8316 113.3600
v  34.3774 51.4494 113.3600
v  29.1686 54.5706 113.3600
v  23.6796 57.1675 113.3600
v  17.9619 59.2126 113.3600
v  12.0717 60.6887 113.3600
v  6.0650 61.5790 113.3600
v  -0.0000 61.8777 113.3600
v  -6.0650 61.5790 113.3600
v  -12.0717 60.6887 113.3600
v  -17.9619 59.2126 113.3600
v  -23.6796 57.1675 113.3600
v  -29.1686 54.5706 113.3600
v  -34.3774 51.4494 113.3600
v  -39.2543 47.8316 113.3600
v  -43.7542 43.7542 113.3600
v  -47.8316 39.2544 113.3600
v  -51.4494 34.3774 113.3600
v  -54.5706 29.1686 113.3600
v  -57.1676 23.6796 113.3600
v  -59.2126 17.9619 113.3600
v  -60.6888 12.0717 113.3600
v  -61.5790 6.0650 113.3599
v  -61.8777 -0.0000 113.3600
v  -61.5790 -6.0650 113.3600
v  -60.6887 -12.0718 113.3600
v  -59.2126 -17.9620 113.3600
v  -57.1675 -23.6796 113.3600
v  -54.5706 -29.1686 113.3600
v  -51.4494 -34.3774 113.3600
v  -47.8315 -39.2544 113.3599
v  -43.7541 -43.7542 113.3599
v  -39.2543 -47.8316 113.3599
v  -34.3774 -51.4494 113.3600
v  -29.1686 -54.5706 113.3600
v  -23.6795 -57.1676 113.3600
v  -17.9619 -59.2126 113.3599
v  -12.0717 -60.6887 113.3599
v  -6.0650 -61.5790 113.3599
v  0.0001 -61.8777 113.3600
v  6.0651 -61.5790 113.3600
v  12.0718 -60.6887 113.3600
v  17.9620 -59.2126 113.3599
v  23.6796 -57.1675 113.3599
v  29.1687 -54.5706 113.3599
v  34.3775 -51.4494 113.3599
v  39.2544 -47.8315 113.3599
v  43.7542 -43.7541 113.3600
v  47.8316 -39.2543 113.3600
v  51.4495 -34.3773 113.3600
v  54.5707 -29.1685 113.3600
v  57.1676 -23.6795 113.3600
v  59.2126 -17.9618 113.3599
v  60.6887 -12.0717 113.3600
v  61.5790 -6.0650 113.3600
v  59.2856 5.8391 150.9629
v  58.4285 11.6222 150.9629
v  59.5732 0.0000 150.9629
v  63.8752 6.2912 150.5564
v  64.1850 0.0000 150.5564
v  62.9517 12.5219 150.5564
v  59.2856 -5.8391 150.9629
v  58.4285 -11.6221 150.9629
v  63.8752 -6.2911 150.5564
v  62.9517 -12.5218 150.5564
v  57.0073 -17.2929 150.9629
v  55.0385 -22.7976 150.9629
v  61.4205 -18.6316 150.5564
v  59.2993 -24.5625 150.5564
v  52.5383 -28.0822 150.9629
v  49.5333 -33.0970 150.9629
v  56.6055 -30.2562 150.5564
v  53.3679 -35.6592 150.5564
v  46.0502 -37.7923 150.9629
v  42.1246 -42.1245 150.9629
v  49.6152 -40.7180 150.5564
v  45.3857 -45.3856 150.5563
v  37.7924 -46.0501 150.9629
v  33.0972 -49.5333 150.9629
v  40.7181 -49.6151 150.5563
v  35.6593 -53.3678 150.5563
v  28.0823 -52.5382 150.9629
v  22.7977 -55.0384 150.9629
v  30.2563 -56.6054 150.5564
v  24.5626 -59.2992 150.5564
v  17.2930 -57.0073 150.9629
v  11.6222 -58.4285 150.9629
v  18.6318 -61.4205 150.5564
v  12.5219 -62.9517 150.5564
v  5.8392 -59.2856 150.9629
v  0.0000 -59.5732 150.9629
v  6.2912 -63.8752 150.5564
v  0.0001 -64.1850 150.5564
v  -5.8391 -59.2856 150.9629
v  -11.6221 -58.4285 150.9629
v  -6.2911 -63.8752 150.5564
v  -12.5218 -62.9517 150.5564
v  -17.2929 -57.0073 150.9629
v  -22.7976 -55.0385 150.9629
v  -18.6317 -61.4205 150.5564
v  -24.5625 -59.2992 150.5564
v  -28.0822 -52.5383 150.9629
v  -33.0971 -49.5333 150.9629
v  -30.2562 -56.6055 150.5564
v  -35.6593 -53.3679 150.5564
v  -37.7924 -46.0502 150.9629
v  -42.1246 -42.1246 150.9629
v  -40.7180 -49.6151 150.5564
v  -45.3856 -45.3857 150.5564
v  -46.0501 -37.7924 150.9629
v  -49.5333 -33.0971 150.9629
v  -49.6151 -40.7181 150.5564
v  -53.3679 -35.6593 150.5564
v  -52.5382 -28.0823 150.9629
v  -55.0384 -22.7977 150.9629
v  -56.6055 -30.2563 150.5564
v  -59.2992 -24.5626 150.5564
v  -57.0073 -17.2930 150.9629
v  -58.4285 -11.6222 150.9629
v  -61.4205 -18.6317 150.5564
v  -62.9517 -12.5219 150.5564
v  -59.2856 -5.8391 150.9629
v  -59.5732 -0.0000 150.9629
v  -63.8752 -6.2912 150.5564
v  -64.1850 -0.0000 150.5564
v  -59.2857 5.8391 150.9629
v  -58.4285 11.6221 150.9629
v  -63.8752 6.2911 150.5564
v  -62.9517 12.5219 150.5564
v  -57.0073 17.2930 150.9629
v  -55.0385 22.7977 150.9629
v  -61.4205 18.6317 150.5564
v  -59.2993 24.5625 150.5564
v  -52.5383 28.0823 150.9629
v  -49.5333 33.0971 150.9629
v  -56.6055 30.2563 150.5564
v  -53.3679 35.6593 150.5564
v  -46.0502 37.7924 150.9629
v  -42.1246 42.1246 150.9629
v  -49.6151 40.7181 150.5564
v  -45.3857 45.3857 150.5564
v  -37.7924 46.0502 150.9629
v  -33.0971 49.5333 150.9629
v  -40.7181 49.6151 150.5564
v  -35.6593 53.3679 150.5564
v  -28.0823 52.5382 150.9629
v  -22.7977 55.0384 150.9629
v  -30.2563 56.6055 150.5564
v  -24.5625 59.2992 150.5564
v  -17.2930 57.0073 150.9629
v  -11.6221 58.4285 150.9629
v  -18.6317 61.4205 150.5564
v  -12.5219 62.9517 150.5564
v  -5.8391 59.2856 150.9629
v  -0.0000 59.5732 150.9630
v  -6.2912 63.8752 150.5564
v  -0.0000 64.1850 150.5564
v  5.8391 59.2856 150.9630
v  11.6221 58.4285 150.9629
v  6.2912 63.8752 150.5564
v  12.5219 62.9517 150.5564
v  17.2930 57.0073 150.9629
v  22.7977 55.0384 150.9629
v  18.6317 61.4205 150.5564
v  24.5625 59.2992 150.5564
v  28.0823 52.5382 150.9629
v  33.0971 49.5333 150.9629
v  30.2562 56.6055 150.5564
v  35.6593 53.3679 150.5564
v  37.7924 46.0502 150.9629
v  42.1246 42.1246 150.9629
v  40.7181 49.6151 150.5564
v  45.3857 45.3857 150.5564
v  46.0501 37.7924 150.9629
v  49.5333 33.0971 150.9629
v  49.6151 40.7181 150.5564
v  53.3679 35.6593 150.5564
v  52.5382 28.0823 150.9629
v  55.0384 22.7977 150.9629
v  56.6055 30.2563 150.5564
v  59.2992 24.5625 150.5564
v  57.0073 17.2930 150.9629
v  61.4205 18.6317 150.5564
v  41.9463 4.1313 0.2154
v  42.1370 4.1501 0.2634
v  42.3414 0.0000 0.2634
v  42.1497 0.0000 0.2154
v  40.0097 3.9406 0.1994
v  40.2037 0.0000 0.1994
v  39.4312 7.8434 0.1994
v  41.3398 8.2230 0.2154
v  41.5278 8.2604 0.2634
v  40.3343 12.2353 0.2154
v  40.5177 12.2909 0.2634
v  38.4721 11.6704 0.1994
v  37.1434 15.3853 0.1994
v  38.9413 16.1300 0.2154
v  39.1183 16.2033 0.2634
v  37.1723 19.8690 0.2154
v  37.3413 19.9593 0.2634
v  35.4561 18.9517 0.1994
v  33.4282 22.3360 0.1994
v  35.0462 23.4171 0.2154
v  35.2056 23.5236 0.2634
v  32.5818 26.7392 0.2154
v  32.7299 26.8608 0.2634
v  31.0776 25.5047 0.1994
v  28.4283 28.4283 0.1994
v  29.8044 29.8043 0.2154
v  29.9399 29.9399 0.2634
v  26.7392 32.5818 0.2154
v  26.8608 32.7299 0.2634
v  25.5047 31.0775 0.1994
v  22.3360 33.4282 0.1994
v  23.4171 35.0462 0.2154
v  23.5236 35.2056 0.2634
v  19.8690 37.1723 0.2154
v  19.9594 37.3413 0.2634
v  18.9517 35.4561 0.1994
v  15.3853 37.1434 0.1994
v  16.1300 38.9413 0.2154
v  16.2033 39.1183 0.2634
v  12.2353 40.3343 0.2154
v  12.2909 40.5177 0.2634
v  11.6704 38.4721 0.1994
v  7.8434 39.4312 0.1994
v  8.2230 41.3398 0.2154
v  8.2604 41.5278 0.2634
v  4.1314 41.9463 0.2154
v  4.1501 42.1370 0.2634
v  3.9406 40.0097 0.1994
v  0.0000 40.2037 0.1994
v  0.0000 42.1497 0.2154
v  0.0000 42.3414 0.2634
v  -4.1313 41.9463 0.2154
v  -4.1501 42.1370 0.2634
v  -3.9406 40.0097 0.1994
v  -7.8433 39.4312 0.1994
v  -8.2230 41.3398 0.2154
v  -8.2604 41.5278 0.2634
v  -12.2353 40.3343 0.2154
v  -12.2909 40.5177 0.2634
v  -11.6704 38.4721 0.1994
v  -15.3853 37.1434 0.1994
v  -16.1300 38.9413 0.2154
v  -16.2033 39.1183 0.2634
v  -19.8690 37.1723 0.2154
v  -19.9593 37.3413 0.2634
v  -18.9517 35.4561 0.1994
v  -22.3360 33.4282 0.1994
v  -23.4171 35.0462 0.2154
v  -23.5236 35.2056 0.2634
v  -26.7392 32.5818 0.2154
v  -26.8608 32.7299 0.2634
v  -25.5047 31.0775 0.1994
v  -28.4283 28.4283 0.1994
v  -29.8043 29.8043 0.2154
v  -29.9399 29.9399 0.2634
v  -32.5818 26.7392 0.2154
v  -32.7299 26.8608 0.2634
v  -31.0775 25.5047 0.1994
v  -33.4282 22.3360 0.1994
v  -35.0462 23.4171 0.2154
v  -35.2056 23.5236 0.2634
v  -37.1723 19.8690 0.2154
v  -37.3413 19.9593 0.2634
v  -35.4561 18.9517 0.1994
v  -37.1434 15.3853 0.1994
v  -38.9413 16.1300 0.2154
v  -39.1183 16.2033 0.2634
v  -40.3343 12.2353 0.2154
v  -40.5177 12.2909 0.2634
v  -38.4721 11.6704 0.1994
v  -39.4312 7.8433 0.1994
v  -41.3398 8.2230 0.2154
v  -41.5278 8.2604 0.2634
v  -41.9463 4.1313 0.2154
v  -42.1370 4.1501 0.2634
v  -40.0097 3.9406 0.1994
v  -40.2037 -0.0000 0.1994
v  -42.1497 -0.0000 0.2154
v  -42.3414 -0.0000 0.2634
v  -41.9463 -4.1314 0.2154
v  -42.1370 -4.1501 0.2634
v  -40.0097 -3.9406 0.1994
v  -39.4312 -7.8434 0.1994
v  -41.3398 -8.2230 0.2154
v  -41.5278 -8.2604 0.2634
v  -40.3343 -12.2353 0.2154
v  -40.5177 -12.2909 0.2634
v  -38.4721 -11.6704 0.1994
v  -37.1434 -15.3853 0.1994
v  -38.9412 -16.1300 0.2154
v  -39.1183 -16.2034 0.2634
v  -37.1723 -19.8690 0.2154
v  -37.3413 -19.9594 0.2634
v  -35.4561 -18.9517 0.1994
v  -33.4282 -22.3360 0.1994
v  -35.0462 -23.4172 0.2154
v  -35.2055 -23.5236 0.2634
v  -32.5818 -26.7392 0.2154
v  -32.7299 -26.8608 0.2634
v  -31.0775 -25.5047 0.1994
v  -28.4283 -28.4283 0.1994
v  -29.8043 -29.8044 0.2154
v  -29.9398 -29.9399 0.2634
v  -26.7392 -32.5818 0.2154
v  -26.8607 -32.7300 0.2634
v  -25.5047 -31.0776 0.1994
v  -22.3360 -33.4282 0.1994
v  -23.4171 -35.0462 0.2154
v  -23.5236 -35.2056 0.2634
v  -19.8690 -37.1723 0.2154
v  -19.9593 -37.3413 0.2634
v  -18.9517 -35.4561 0.1994
v  -15.3853 -37.1434 0.1994
v  -16.1300 -38.9413 0.2154
v  -16.2033 -39.1183 0.2634
v  -12.2352 -40.3343 0.2154
v  -12.2909 -40.5177 0.2634
v  -11.6704 -38.4721 0.1994
v  -7.8433 -39.4312 0.1994
v  -8.2230 -41.3398 0.2154
v  -8.2604 -41.5278 0.2634
v  -4.1313 -41.9463 0.2154
v  -4.1501 -42.1370 0.2634
v  -3.9406 -40.0097 0.1994
v  0.0000 -40.2037 0.1994
v  0.0000 -42.1497 0.2154
v  0.0000 -42.3414 0.2634
v  4.1314 -41.9463 0.2154
v  4.1502 -42.1370 0.2634
v  3.9407 -40.0097 0.1994
v  7.8434 -39.4312 0.1994
v  8.2231 -41.3398 0.2154
v  8.2604 -41.5278 0.2634
v  12.2353 -40.3343 0.2154
v  12.2910 -40.5177 0.2634
v  11.6704 -38.4721 0.1994
v  15.3854 -37.1434 0.1994
v  16.1301 -38.9412 0.2154
v  16.2034 -39.1183 0.2634
v  19.8691 -37.1723 0.2154
v  19.9594 -37.3413 0.2634
v  18.9517 -35.4561 0.1994
v  22.3361 -33.4282 0.1994
v  23.4172 -35.0462 0.2154
v  23.5236 -35.2055 0.2634
v  26.7392 -32.5818 0.2154
v  26.8608 -32.7299 0.2634
v  25.5047 -31.0775 0.1994
v  28.4284 -28.4283 0.1994
v  29.8044 -29.8043 0.2154
v  29.9399 -29.9398 0.2634
v  32.5818 -26.7391 0.2154
v  32.7300 -26.8607 0.2634
v  31.0776 -25.5046 0.1994
v  33.4282 -22.3360 0.1994
v  35.0462 -23.4171 0.2154
v  35.2056 -23.5236 0.2634
v  37.1723 -19.8690 0.2154
v  37.3413 -19.9593 0.2634
v  35.4562 -18.9516 0.1994
v  37.1434 -15.3852 0.1994
v  38.9413 -16.1299 0.2154
v  39.1183 -16.2033 0.2634
v  40.3343 -12.2352 0.2154
v  40.5177 -12.2908 0.2634
v  38.4721 -11.6703 0.1994
v  39.4313 -7.8433 0.1994
v  41.3398 -8.2229 0.2154
v  41.5278 -8.2603 0.2634
v  41.9463 -4.1313 0.2154
v  42.1370 -4.1501 0.2634
v  40.0097 -3.9406 0.1994
v  42.3403 4.1702 0.4042
v  42.5457 0.0000 0.4042
v  41.7281 8.3002 0.4042
v  40.7132 12.3502 0.4042
v  39.3070 16.2815 0.4042
v  37.5215 20.0556 0.4042
v  35.3754 23.6371 0.4042
v  32.8879 26.9904 0.4042
v  30.0843 30.0843 0.4042
v  26.9904 32.8878 0.4042
v  23.6371 35.3754 0.4042
v  20.0557 37.5215 0.4042
v  16.2815 39.3071 0.4042
v  12.3502 40.7132 0.4042
v  8.3003 41.7281 0.4042
v  4.1702 42.3403 0.4042
v  0.0000 42.5456 0.4042
v  -4.1701 42.3403 0.4042
v  -8.3002 41.7281 0.4042
v  -12.3502 40.7132 0.4042
v  -16.2815 39.3071 0.4042
v  -20.0556 37.5215 0.4042
v  -23.6371 35.3754 0.4042
v  -26.9904 32.8878 0.4042
v  -30.0843 30.0843 0.4042
v  -32.8878 26.9904 0.4042
v  -35.3754 23.6371 0.4042
v  -37.5215 20.0556 0.4042
v  -39.3071 16.2815 0.4042
v  -40.7132 12.3502 0.4042
v  -41.7281 8.3002 0.4042
v  -42.3403 4.1701 0.4042
v  -42.5457 -0.0000 0.4042
v  -42.3403 -4.1702 0.4042
v  -41.7281 -8.3003 0.4042
v  -40.7132 -12.3502 0.4042
v  -39.3070 -16.2815 0.4042
v  -37.5215 -20.0557 0.4042
v  -35.3754 -23.6371 0.4042
v  -32.8878 -26.9904 0.4042
v  -30.0843 -30.0843 0.4042
v  -26.9903 -32.8879 0.4042
v  -23.6371 -35.3754 0.4042
v  -20.0556 -37.5215 0.4042
v  -16.2815 -39.3071 0.4042
v  -12.3502 -40.7132 0.4042
v  -8.3002 -41.7282 0.4042
v  -4.1701 -42.3403 0.4042
v  0.0000 -42.5456 0.4042
v  4.1702 -42.3403 0.4042
v  8.3003 -41.7281 0.4042
v  12.3503 -40.7132 0.4042
v  16.2816 -39.3070 0.4042
v  20.0557 -37.5215 0.4042
v  23.6371 -35.3754 0.4042
v  26.9904 -32.8878 0.4042
v  30.0844 -30.0843 0.4042
v  32.8879 -26.9903 0.4042
v  35.3755 -23.6370 0.4042
v  37.5215 -20.0556 0.4042
v  39.3071 -16.2815 0.4042
v  40.7132 -12.3501 0.4042
v  41.7282 -8.3002 0.4042
v  42.3403 -4.1701 0.4042
v  47.3374 4.6623 31.5221
v  46.6531 9.2799 31.5221
v  51.2469 5.0474 56.8093
v  50.5060 10.0463 56.8093
v  51.4955 0.0000 56.8093
v  47.5670 0.0000 31.5221
v  45.5183 13.8078 31.5221
v  43.9462 18.2031 31.5221
v  49.2775 14.9482 56.8093
v  47.5756 19.7065 56.8093
v  41.9499 22.4227 31.5221
v  39.5506 26.4268 31.5221
v  45.4144 24.2745 56.8093
v  42.8169 28.6094 56.8094
v  36.7694 30.1759 31.5221
v  33.6350 33.6350 31.5221
v  39.8061 32.6680 56.8093
v  36.4128 36.4128 56.8093
v  30.1759 36.7694 31.5221
v  26.4268 39.5506 31.5221
v  32.6680 39.8061 56.8093
v  28.6094 42.8169 56.8094
v  22.4227 41.9499 31.5221
v  18.2031 43.9462 31.5221
v  24.2745 45.4144 56.8093
v  19.7065 47.5756 56.8093
v  13.8078 45.5183 31.5221
v  9.2799 46.6531 31.5221
v  14.9482 49.2775 56.8093
v  10.0463 50.5060 56.8094
v  4.6623 47.3374 31.5221
v  0.0000 47.5670 31.5221
v  5.0474 51.2469 56.8093
v  0.0000 51.4955 56.8094
v  -4.6623 47.3374 31.5221
v  -9.2799 46.6530 31.5221
v  -5.0474 51.2469 56.8093
v  -10.0463 50.5060 56.8094
v  -13.8078 45.5183 31.5221
v  -18.2031 43.9462 31.5221
v  -14.9482 49.2775 56.8094
v  -19.7065 47.5756 56.8094
v  -22.4227 41.9499 31.5221
v  -26.4268 39.5506 31.5221
v  -24.2745 45.4144 56.8094
v  -28.6094 42.8169 56.8094
v  -30.1759 36.7694 31.5221
v  -33.6350 33.6350 31.5221
v  -32.6680 39.8061 56.8094
v  -36.4128 36.4128 56.8094
v  -36.7694 30.1759 31.5221
v  -39.5505 26.4268 31.5221
v  -39.8061 32.6680 56.8094
v  -42.8169 28.6094 56.8094
v  -41.9499 22.4227 31.5221
v  -43.9462 18.2031 31.5221
v  -45.4144 24.2745 56.8093
v  -47.5756 19.7065 56.8093
v  -45.5183 13.8078 31.5221
v  -46.6531 9.2799 31.5221
v  -49.2775 14.9482 56.8093
v  -50.5060 10.0463 56.8094
v  -47.3374 4.6623 31.5221
v  -47.5670 -0.0000 31.5221
v  -51.2469 5.0474 56.8093
v  -51.4955 -0.0000 56.8093
v  -47.3374 -4.6623 31.5221
v  -46.6530 -9.2799 31.5221
v  -51.2469 -5.0474 56.8093
v  -50.5060 -10.0463 56.8093
v  -45.5183 -13.8078 31.5221
v  -43.9462 -18.2031 31.5221
v  -49.2775 -14.9482 56.8093
v  -47.5756 -19.7065 56.8093
v  -41.9499 -22.4227 31.5221
v  -39.5505 -26.4269 31.5221
v  -45.4144 -24.2746 56.8093
v  -42.8169 -28.6094 56.8093
v  -36.7694 -30.1759 31.5221
v  -33.6349 -33.6350 31.5221
v  -39.8061 -32.6680 56.8093
v  -36.4128 -36.4128 56.8093
v  -30.1758 -36.7694 31.5221
v  -26.4268 -39.5506 31.5221
v  -32.6680 -39.8061 56.8093
v  -28.6093 -42.8170 56.8093
v  -22.4227 -41.9499 31.5221
v  -18.2031 -43.9462 31.5221
v  -24.2745 -45.4145 56.8093
v  -19.7064 -47.5756 56.8094
v  -13.8078 -45.5183 31.5221
v  -9.2798 -46.6531 31.5221
v  -14.9481 -49.2775 56.8093
v  -10.0462 -50.5060 56.8094
v  -4.6623 -47.3374 31.5221
v  0.0001 -47.5670 31.5221
v  -5.0473 -51.2469 56.8093
v  0.0001 -51.4955 56.8093
v  4.6624 -47.3374 31.5221
v  9.2799 -46.6530 31.5221
v  5.0474 -51.2469 56.8093
v  10.0463 -50.5060 56.8093
v  13.8079 -45.5183 31.5221
v  18.2032 -43.9462 31.5221
v  14.9482 -49.2775 56.8093
v  19.7065 -47.5756 56.8093
v  22.4228 -41.9499 31.5221
v  26.4269 -39.5505 31.5221
v  24.2746 -45.4144 56.8093
v  28.6094 -42.8169 56.8093
v  30.1759 -36.7694 31.5221
v  33.6350 -33.6349 31.5221
v  32.6681 -39.8060 56.8093
v  36.4129 -36.4128 56.8093
v  36.7694 -30.1758 31.5221
v  39.5506 -26.4268 31.5221
v  39.8061 -32.6680 56.8093
v  42.8170 -28.6093 56.8093
v  41.9499 -22.4226 31.5221
v  43.9462 -18.2031 31.5221
v  45.4145 -24.2745 56.8093
v  47.5757 -19.7064 56.8093
v  45.5183 -13.8078 31.5221
v  46.6531 -9.2798 31.5221
v  49.2776 -14.9481 56.8093
v  50.5060 -10.0462 56.8093
v  47.3374 -4.6623 31.5221
v  51.2469 -5.0473 56.8093
v  34.5688 3.4047 0.1542
v  34.7365 0.0000 0.1542
v  34.0690 6.7767 0.1542
v  33.2403 10.0833 0.1542
v  32.0923 13.2931 0.1542
v  30.6345 16.3745 0.1542
v  28.8823 19.2985 0.1542
v  26.8513 22.0363 0.1542
v  24.5624 24.5624 0.1542
v  22.0363 26.8513 0.1542
v  19.2985 28.8823 0.1542
v  16.3745 30.6345 0.1542
v  13.2931 32.0923 0.1542
v  10.0834 33.2403 0.1542
v  6.7768 34.0690 0.1542
v  3.4047 34.5688 0.1542
v  0.0000 34.7364 0.1542
v  -3.4047 34.5688 0.1542
v  -6.7767 34.0690 0.1542
v  -10.0833 33.2403 0.1542
v  -13.2930 32.0923 0.1542
v  -16.3744 30.6345 0.1542
v  -19.2985 28.8823 0.1542
v  -22.0363 26.8513 0.1542
v  -24.5624 24.5624 0.1542
v  -26.8513 22.0363 0.1542
v  -28.8823 19.2985 0.1542
v  -30.6344 16.3745 0.1542
v  -32.0923 13.2931 0.1542
v  -33.2403 10.0833 0.1542
v  -34.0690 6.7767 0.1542
v  -34.5688 3.4047 0.1542
v  -34.7364 -0.0000 0.1542
v  -34.5688 -3.4047 0.1542
v  -34.0690 -6.7768 0.1542
v  -33.2403 -10.0834 0.1542
v  -32.0923 -13.2931 0.1542
v  -30.6344 -16.3745 0.1542
v  -28.8823 -19.2985 0.1542
v  -26.8513 -22.0363 0.1542
v  -24.5623 -24.5624 0.1542
v  -22.0363 -26.8513 0.1542
v  -19.2985 -28.8823 0.1542
v  -16.3744 -30.6345 0.1542
v  -13.2930 -32.0923 0.1542
v  -10.0833 -33.2403 0.1542
v  -6.7767 -34.0690 0.1542
v  -3.4047 -34.5688 0.1542
v  0.0000 -34.7364 0.1542
v  3.4048 -34.5688 0.1542
v  6.7768 -34.0690 0.1542
v  10.0834 -33.2403 0.1542
v  13.2931 -32.0923 0.1542
v  16.3745 -30.6344 0.1542
v  19.2986 -28.8823 0.1542
v  22.0364 -26.8513 0.1542
v  24.5624 -24.5623 0.1542
v  26.8514 -22.0363 0.1542
v  28.8823 -19.2985 0.1542
v  30.6345 -16.3744 0.1542
v  32.0923 -13.2930 0.1542
v  33.2403 -10.0833 0.1542
v  34.0690 -6.7767 0.1542
v  34.5688 -3.4047 0.1542
v  53.4950 5.2688 71.5503
v  52.7216 10.4870 71.5503
v  55.1152 5.4284 82.4578
v  54.3184 10.8046 82.4578
v  55.3825 0.0000 82.4578
v  53.7545 0.0000 71.5503
v  51.4392 15.6039 71.5503
v  49.6627 20.5710 71.5503
v  52.9971 16.0765 82.4578
v  51.1668 21.1940 82.4578
v  47.4067 25.3394 71.5503
v  44.6952 29.8644 71.5503
v  48.8424 26.1068 82.4578
v  46.0489 30.7689 82.4578
v  41.5523 34.1011 71.5503
v  38.0101 38.0101 71.5503
v  42.8108 35.1339 82.4578
v  39.1613 39.1613 82.4578
v  34.1011 41.5523 71.5503
v  29.8644 44.6952 71.5503
v  35.1339 42.8108 82.4578
v  30.7689 46.0489 82.4578
v  25.3394 47.4067 71.5503
v  20.5709 49.6627 71.5503
v  26.1068 48.8425 82.4578
v  21.1940 51.1668 82.4578
v  15.6039 51.4392 71.5503
v  10.4870 52.7216 71.5503
v  16.0765 52.9971 82.4578
v  10.8046 54.3184 82.4578
v  5.2688 53.4950 71.5503
v  0.0000 53.7545 71.5503
v  5.4284 55.1152 82.4578
v  0.0000 55.3825 82.4578
v  -5.2688 53.4950 71.5503
v  -10.4870 52.7216 71.5503
v  -5.4284 55.1152 82.4578
v  -10.8046 54.3183 82.4578
v  -15.6039 51.4392 71.5503
v  -20.5709 49.6627 71.5503
v  -16.0765 52.9972 82.4578
v  -21.1940 51.1668 82.4578
v  -25.3394 47.4067 71.5503
v  -29.8644 44.6952 71.5503
v  -26.1068 48.8425 82.4578
v  -30.7689 46.0489 82.4578
v  -34.1011 41.5523 71.5503
v  -38.0102 38.0101 71.5503
v  -35.1339 42.8108 82.4578
v  -39.1614 39.1613 82.4578
v  -41.5523 34.1011 71.5503
v  -44.6952 29.8644 71.5503
v  -42.8108 35.1339 82.4578
v  -46.0489 30.7689 82.4578
v  -47.4067 25.3394 71.5503
v  -49.6627 20.5709 71.5503
v  -48.8425 26.1068 82.4578
v  -51.1668 21.1940 82.4578
v  -51.4392 15.6039 71.5503
v  -52.7216 10.4870 71.5503
v  -52.9972 16.0765 82.4578
v  -54.3184 10.8046 82.4578
v  -53.4950 5.2688 71.5503
v  -53.7545 -0.0000 71.5503
v  -55.1152 5.4284 82.4578
v  -55.3825 -0.0000 82.4578
v  -53.4950 -5.2688 71.5503
v  -52.7216 -10.4870 71.5503
v  -55.1152 -5.4284 82.4578
v  -54.3183 -10.8046 82.4578
v  -51.4392 -15.6039 71.5503
v  -49.6627 -20.5710 71.5503
v  -52.9971 -16.0765 82.4578
v  -51.1668 -21.1940 82.4578
v  -47.4067 -25.3394 71.5503
v  -44.6952 -29.8644 71.5503
v  -48.8424 -26.1069 82.4578
v  -46.0489 -30.7689 82.4578
v  -41.5523 -34.1011 71.5503
v  -38.0101 -38.0102 71.5503
v  -42.8108 -35.1339 82.4578
v  -39.1613 -39.1614 82.4578
v  -34.1011 -41.5523 71.5503
v  -29.8644 -44.6952 71.5503
v  -35.1339 -42.8108 82.4578
v  -30.7689 -46.0489 82.4578
v  -25.3394 -47.4067 71.5503
v  -20.5709 -49.6627 71.5503
v  -26.1068 -48.8425 82.4578
v  -21.1939 -51.1668 82.4578
v  -15.6039 -51.4392 71.5503
v  -10.4869 -52.7216 71.5503
v  -16.0765 -52.9972 82.4578
v  -10.8045 -54.3184 82.4578
v  -5.2688 -53.4950 71.5503
v  0.0000 -53.7545 71.5503
v  -5.4283 -55.1152 82.4578
v  0.0001 -55.3825 82.4578
v  5.2688 -53.4950 71.5503
v  10.4870 -52.7216 71.5503
v  5.4284 -55.1152 82.4578
v  10.8046 -54.3183 82.4578
v  15.6040 -51.4392 71.5503
v  20.5710 -49.6626 71.5503
v  16.0766 -52.9971 82.4578
v  21.1940 -51.1667 82.4578
v  25.3394 -47.4066 71.5503
v  29.8644 -44.6952 71.5503
v  26.1069 -48.8424 82.4578
v  30.7689 -46.0488 82.4578
v  34.1011 -41.5522 71.5503
v  38.0102 -38.0101 71.5503
v  35.1339 -42.8107 82.4578
v  39.1614 -39.1613 82.4578
v  41.5523 -34.1010 71.5503
v  44.6953 -29.8643 71.5503
v  42.8108 -35.1338 82.4578
v  46.0489 -30.7688 82.4578
v  47.4067 -25.3393 71.5503
v  49.6627 -20.5709 71.5503
v  48.8425 -26.1068 82.4578
v  51.1668 -21.1939 82.4578
v  51.4392 -15.6038 71.5503
v  52.7216 -10.4869 71.5503
v  52.9972 -16.0764 82.4578
v  54.3184 -10.8045 82.4578
v  53.4950 -5.2688 71.5503
v  55.1152 -5.4283 82.4578
v  57.1410 5.6279 96.2444
v  56.3149 11.2017 96.2444
v  57.4182 0.0000 96.2444
v  54.9451 16.6674 96.2444
v  53.0475 21.9730 96.2444
v  50.6377 27.0664 96.2445
v  47.7415 31.8998 96.2445
v  44.3843 36.4253 96.2445
v  40.6008 40.6008 96.2445
v  36.4253 44.3843 96.2445
v  31.8998 47.7415 96.2445
v  27.0664 50.6377 96.2445
v  21.9730 53.0475 96.2445
v  16.6674 54.9451 96.2445
v  11.2017 56.3149 96.2445
v  5.6279 57.1410 96.2445
v  -0.0000 57.4182 96.2445
v  -5.6279 57.1410 96.2445
v  -11.2017 56.3149 96.2445
v  -16.6674 54.9451 96.2445
v  -21.9730 53.0475 96.2445
v  -27.0664 50.6377 96.2445
v  -31.8998 47.7415 96.2445
v  -36.4253 44.3843 96.2445
v  -40.6008 40.6008 96.2445
v  -44.3843 36.4253 96.2445
v  -47.7415 31.8998 96.2445
v  -50.6377 27.0664 96.2445
v  -53.0475 21.9730 96.2445
v  -54.9451 16.6674 96.2445
v  -56.3149 11.2017 96.2444
v  -57.1410 5.6279 96.2444
v  -57.4182 -0.0000 96.2444
v  -57.1410 -5.6279 96.2444
v  -56.3149 -11.2018 96.2444
v  -54.9451 -16.6674 96.2444
v  -53.0475 -21.9730 96.2444
v  -50.6377 -27.0664 96.2444
v  -47.7414 -31.8998 96.2444
v  -44.3843 -36.4253 96.2444
v  -40.6008 -40.6008 96.2444
v  -36.4253 -44.3843 96.2444
v  -31.8998 -47.7415 96.2444
v  -27.0664 -50.6377 96.2444
v  -21.9729 -53.0475 96.2444
v  -16.6674 -54.9451 96.2444
v  -11.2017 -56.3149 96.2444
v  -5.6279 -57.1410 96.2444
v  0.0001 -57.4182 96.2444
v  5.6280 -57.1410 96.2444
v  11.2018 -56.3149 96.2444
v  16.6675 -54.9451 96.2444
v  21.9730 -53.0474 96.2444
v  27.0665 -50.6377 96.2444
v  31.8999 -47.7414 96.2444
v  36.4253 -44.3843 96.2444
v  40.6008 -40.6007 96.2444
v  44.3844 -36.4252 96.2444
v  47.7415 -31.8998 96.2444
v  50.6377 -27.0664 96.2444
v  53.0475 -21.9729 96.2444
v  54.9451 -16.6673 96.2445
v  56.3149 -11.2017 96.2444
v  57.1410 -5.6279 96.2444
v  63.9152 6.2951 124.0671
v  64.2253 0.0000 124.0671
v  62.9912 12.5297 124.0671
v  61.4590 18.6434 124.0671
v  59.3364 24.5779 124.0671
v  56.6410 30.2752 124.0671
v  53.4014 35.6816 124.0671
v  49.6462 40.7436 124.0671
v  45.4141 45.4141 124.0671
v  40.7436 49.6462 124.0671
v  35.6816 53.4014 124.0671
v  30.2752 56.6410 124.0671
v  24.5779 59.3364 124.0671
v  18.6434 61.4590 124.0671
v  12.5297 62.9912 124.0671
v  6.2951 63.9153 124.0671
v  -0.0000 64.2253 124.0671
v  -6.2951 63.9153 124.0671
v  -12.5297 62.9912 124.0671
v  -18.6434 61.4590 124.0671
v  -24.5779 59.3364 124.0671
v  -30.2752 56.6410 124.0671
v  -35.6816 53.4014 124.0671
v  -40.7436 49.6462 124.0671
v  -45.4141 45.4141 124.0671
v  -49.6462 40.7436 124.0671
v  -53.4014 35.6816 124.0671
v  -56.6410 30.2752 124.0671
v  -59.3364 24.5779 124.0671
v  -61.4590 18.6434 124.0671
v  -62.9912 12.5297 124.0671
v  -63.9153 6.2951 124.0671
v  -64.2253 -0.0000 124.0671
v  -63.9153 -6.2951 124.0671
v  -62.9912 -12.5298 124.0671
v  -61.4590 -18.6434 124.0671
v  -59.3364 -24.5780 124.0671
v  -56.6410 -30.2753 124.0671
v  -53.4013 -35.6817 124.0671
v  -49.6462 -40.7436 124.0671
v  -45.4141 -45.4141 124.0671
v  -40.7436 -49.6463 124.0671
v  -35.6816 -53.4014 124.0671
v  -30.2752 -56.6410 124.0671
v  -24.5779 -59.3364 124.0671
v  -18.6434 -61.4590 124.0671
v  -12.5297 -62.9912 124.0671
v  -6.2950 -63.9153 124.0671
v  0.0001 -64.2253 124.0671
v  6.2952 -63.9152 124.0671
v  12.5298 -62.9912 124.0671
v  18.6435 -61.4590 124.0671
v  24.5780 -59.3364 124.0671
v  30.2753 -56.6409 124.0671
v  35.6817 -53.4013 124.0671
v  40.7437 -49.6462 124.0671
v  45.4142 -45.4141 124.0671
v  49.6463 -40.7435 124.0671
v  53.4014 -35.6816 124.0671
v  56.6410 -30.2751 124.0671
v  59.3364 -24.5779 124.0671
v  61.4590 -18.6433 124.0671
v  62.9912 -12.5296 124.0671
v  63.9153 -6.2951 124.0671
# 3394 vertices

vt 0.7656 -0.0492 0.0000
vt 0.7500 -0.0492 0.0000
vt 0.7500 -0.0505 0.0000
vt 0.7656 -0.0505 0.0000
vt 0.7812 -0.0492 0.0000
vt 0.7812 -0.0505 0.0000
vt 0.7812 0.0080 0.0000
vt 0.7656 0.0080 0.0000
vt 0.7500 0.0080 0.0000
vt 0.7969 -0.0492 0.0000
vt 0.7969 -0.0505 0.0000
vt 0.8125 -0.0492 0.0000
vt 0.8125 -0.0505 0.0000
vt 0.8125 0.0080 0.0000
vt 0.7969 0.0080 0.0000
vt 0.8281 -0.0492 0.0000
vt 0.8281 -0.0505 0.0000
vt 0.8437 -0.0492 0.0000
vt 0.8437 -0.0505 0.0000
vt 0.8437 0.0080 0.0000
vt 0.8281 0.0080 0.0000
vt 0.8594 -0.0492 0.0000
vt 0.8594 -0.0505 0.0000
vt 0.8750 -0.0492 0.0000
vt 0.8750 -0.0505 0.0000
vt 0.8750 0.0080 0.0000
vt 0.8594 0.0080 0.0000
vt 0.8906 -0.0492 0.0000
vt 0.8906 -0.0505 0.0000
vt 0.9062 -0.0492 0.0000
vt 0.9062 -0.0505 0.0000
vt 0.9062 0.0080 0.0000
vt 0.8906 0.0080 0.0000
vt 0.9219 -0.0492 0.0000
vt 0.9219 -0.0505 0.0000
vt 0.9375 -0.0492 0.0000
vt 0.9375 -0.0505 0.0000
vt 0.9375 0.0080 0.0000
vt 0.9219 0.0080 0.0000
vt 0.9531 -0.0492 0.0000
vt 0.9531 -0.0505 0.0000
vt 0.9687 -0.0492 0.0000
vt 0.9687 -0.0505 0.0000
vt 0.9687 0.0080 0.0000
vt 0.9531 0.0080 0.0000
vt 0.9844 -0.0492 0.0000
vt 0.9844 -0.0505 0.0000
vt 1.0000 -0.0492 0.0000
vt 1.0000 -0.0505 0.0000
vt 1.0000 0.0080 0.0000
vt 0.9844 0.0080 0.0000
vt 0.0156 -0.0492 0.0000
vt -0.0000 -0.0492 0.0000
vt -0.0000 -0.0505 0.0000
vt 0.0156 -0.0505 0.0000
vt 0.0312 -0.0492 0.0000
vt 0.0312 -0.0505 0.0000
vt 0.0312 0.0080 0.0000
vt 0.0156 0.0080 0.0000
vt -0.0000 0.0080 0.0000
vt 0.0469 -0.0492 0.0000
vt 0.0469 -0.0505 0.0000
vt 0.0625 -0.0492 0.0000
vt 0.0625 -0.0505 0.0000
vt 0.0625 0.0080 0.0000
vt 0.0469 0.0080 0.0000
vt 0.0781 -0.0492 0.0000
vt 0.0781 -0.0505 0.0000
vt 0.0937 -0.0492 0.0000
vt 0.0937 -0.0505 0.0000
vt 0.0937 0.0080 0.0000
vt 0.0781 0.0080 0.0000
vt 0.1094 -0.0492 0.0000
vt 0.1094 -0.0505 0.0000
vt 0.1250 -0.0492 0.0000
vt 0.1250 -0.0505 0.0000
vt 0.1250 0.0080 0.0000
vt 0.1094 0.0080 0.0000
vt 0.1406 -0.0492 0.0000
vt 0.1406 -0.0505 0.0000
vt 0.1562 -0.0492 0.0000
vt 0.1562 -0.0505 0.0000
vt 0.1562 0.0080 0.0000
vt 0.1406 0.0080 0.0000
vt 0.1719 -0.0492 0.0000
vt 0.1719 -0.0505 0.0000
vt 0.1875 -0.0492 0.0000
vt 0.1875 -0.0505 0.0000
vt 0.1875 0.0080 0.0000
vt 0.1719 0.0080 0.0000
vt 0.2031 -0.0492 0.0000
vt 0.2031 -0.0505 0.0000
vt 0.2188 -0.0492 0.0000
vt 0.2188 -0.0505 0.0000
vt 0.2188 0.0080 0.0000
vt 0.2031 0.0080 0.0000
vt 0.2344 -0.0492 0.0000
vt 0.2344 -0.0505 0.0000
vt 0.2500 -0.0492 0.0000
vt 0.2500 -0.0505 0.0000
vt 0.2500 0.0080 0.0000
vt 0.2344 0.0080 0.0000
vt 0.2656 -0.0492 0.0000
vt 0.2656 -0.0505 0.0000
vt 0.2813 -0.0492 0.0000
vt 0.2813 -0.0505 0.0000
vt 0.2813 0.0080 0.0000
vt 0.2656 0.0080 0.0000
vt 0.2969 -0.0492 0.0000
vt 0.2969 -0.0505 0.0000
vt 0.3125 -0.0492 0.0000
vt 0.3125 -0.0505 0.0000
vt 0.3125 0.0080 0.0000
vt 0.2969 0.0080 0.0000
vt 0.3281 -0.0492 0.0000
vt 0.3281 -0.0505 0.0000
vt 0.3438 -0.0492 0.0000
vt 0.3438 -0.0505 0.0000
vt 0.3438 0.0080 0.0000
vt 0.3281 0.0080 0.0000
vt 0.3594 -0.0492 0.0000
vt 0.3594 -0.0505 0.0000
vt 0.3750 -0.0492 0.0000
vt 0.3750 -0.0505 0.0000
vt 0.3750 0.0080 0.0000
vt 0.3594 0.0080 0.0000
vt 0.3906 -0.0492 0.0000
vt 0.3906 -0.0505 0.0000
vt 0.4063 -0.0492 0.0000
vt 0.4063 -0.0505 0.0000
vt 0.4063 0.0080 0.0000
vt 0.3906 0.0080 0.0000
vt 0.4219 -0.0492 0.0000
vt 0.4219 -0.0505 0.0000
vt 0.4375 -0.0492 0.0000
vt 0.4375 -0.0505 0.0000
vt 0.4375 0.0080 0.0000
vt 0.4219 0.0080 0.0000
vt 0.4531 -0.0492 0.0000
vt 0.4531 -0.0505 0.0000
vt 0.4688 -0.0492 0.0000
vt 0.4688 -0.0505 0.0000
vt 0.4688 0.0080 0.0000
vt 0.4531 0.0080 0.0000
vt 0.4844 -0.0492 0.0000
vt 0.4844 -0.0505 0.0000
vt 0.5000 -0.0492 0.0000
vt 0.5000 -0.0505 0.0000
vt 0.5000 0.0080 0.0000
vt 0.4844 0.0080 0.0000
vt 0.5156 -0.0492 0.0000
vt 0.5156 -0.0505 0.0000
vt 0.5313 -0.0492 0.0000
vt 0.5313 -0.0505 0.0000
vt 0.5313 0.0080 0.0000
vt 0.5156 0.0080 0.0000
vt 0.5469 -0.0492 0.0000
vt 0.5469 -0.0505 0.0000
vt 0.5625 -0.0492 0.0000
vt 0.5625 -0.0505 0.0000
vt 0.5625 0.0080 0.0000
vt 0.5469 0.0080 0.0000
vt 0.5781 -0.0492 0.0000
vt 0.5781 -0.0505 0.0000
vt 0.5938 -0.0492 0.0000
vt 0.5938 -0.0505 0.0000
vt 0.5938 0.0080 0.0000
vt 0.5781 0.0080 0.0000
vt 0.6094 -0.0492 0.0000
vt 0.6094 -0.0505 0.0000
vt 0.6250 -0.0492 0.0000
vt 0.6250 -0.0505 0.0000
vt 0.6250 0.0080 0.0000
vt 0.6094 0.0080 0.0000
vt 0.6406 -0.0492 0.0000
vt 0.6406 -0.0505 0.0000
vt 0.6563 -0.0492 0.0000
vt 0.6563 -0.0505 0.0000
vt 0.6563 0.0080 0.0000
vt 0.6406 0.0080 0.0000
vt 0.6719 -0.0492 0.0000
vt 0.6719 -0.0505 0.0000
vt 0.6875 -0.0492 0.0000
vt 0.6875 -0.0505 0.0000
vt 0.6875 0.0080 0.0000
vt 0.6719 0.0080 0.0000
vt 0.7031 -0.0492 0.0000
vt 0.7031 -0.0505 0.0000
vt 0.7188 -0.0492 0.0000
vt 0.7188 -0.0505 0.0000
vt 0.7188 0.0080 0.0000
vt 0.7031 0.0080 0.0000
vt 0.7344 -0.0492 0.0000
vt 0.7344 -0.0505 0.0000
vt 0.7344 0.0080 0.0000
vt 0.7656 0.9835 0.0000
vt 0.7812 0.9835 0.0000
vt 0.7812 1.0317 0.0000
vt 0.7656 1.0317 0.0000
vt 0.7500 0.9835 0.0000
vt 0.7500 1.0317 0.0000
vt 0.7500 0.9201 0.0000
vt 0.7656 0.9201 0.0000
vt 0.7813 0.9201 0.0000
vt 0.7969 0.9835 0.0000
vt 0.8125 0.9835 0.0000
vt 0.8125 1.0317 0.0000
vt 0.7969 1.0317 0.0000
vt 0.7969 0.9201 0.0000
vt 0.8125 0.9201 0.0000
vt 0.8281 0.9835 0.0000
vt 0.8437 0.9835 0.0000
vt 0.8437 1.0317 0.0000
vt 0.8281 1.0317 0.0000
vt 0.8281 0.9201 0.0000
vt 0.8437 0.9201 0.0000
vt 0.8594 0.9835 0.0000
vt 0.8750 0.9835 0.0000
vt 0.8750 1.0317 0.0000
vt 0.8594 1.0317 0.0000
vt 0.8594 0.9201 0.0000
vt 0.8750 0.9201 0.0000
vt 0.8906 0.9835 0.0000
vt 0.9062 0.9835 0.0000
vt 0.9062 1.0317 0.0000
vt 0.8906 1.0317 0.0000
vt 0.8906 0.9201 0.0000
vt 0.9062 0.9201 0.0000
vt 0.9219 0.9835 0.0000
vt 0.9375 0.9835 0.0000
vt 0.9375 1.0317 0.0000
vt 0.9219 1.0317 0.0000
vt 0.9219 0.9201 0.0000
vt 0.9375 0.9201 0.0000
vt 0.9531 0.9835 0.0000
vt 0.9687 0.9835 0.0000
vt 0.9688 1.0317 0.0000
vt 0.9531 1.0317 0.0000
vt 0.9531 0.9201 0.0000
vt 0.9688 0.9201 0.0000
vt 0.9844 0.9835 0.0000
vt 1.0000 0.9835 0.0000
vt 1.0000 1.0317 0.0000
vt 0.9844 1.0317 0.0000
vt 0.9844 0.9201 0.0000
vt 1.0000 0.9201 0.0000
vt 0.0156 0.9835 0.0000
vt 0.0312 0.9835 0.0000
vt 0.0312 1.0317 0.0000
vt 0.0156 1.0317 0.0000
vt -0.0000 0.9835 0.0000
vt -0.0000 1.0317 0.0000
vt -0.0000 0.9201 0.0000
vt 0.0156 0.9201 0.0000
vt 0.0312 0.9201 0.0000
vt 0.0469 0.9835 0.0000
vt 0.0625 0.9835 0.0000
vt 0.0625 1.0317 0.0000
vt 0.0469 1.0317 0.0000
vt 0.0469 0.9201 0.0000
vt 0.0625 0.9201 0.0000
vt 0.0781 0.9835 0.0000
vt 0.0937 0.9835 0.0000
vt 0.0937 1.0317 0.0000
vt 0.0781 1.0317 0.0000
vt 0.0781 0.9201 0.0000
vt 0.0937 0.9201 0.0000
vt 0.1094 0.9835 0.0000
vt 0.1250 0.9835 0.0000
vt 0.1250 1.0317 0.0000
vt 0.1094 1.0317 0.0000
vt 0.1094 0.9201 0.0000
vt 0.1250 0.9201 0.0000
vt 0.1406 0.9835 0.0000
vt 0.1562 0.9835 0.0000
vt 0.1562 1.0317 0.0000
vt 0.1406 1.0317 0.0000
vt 0.1406 0.9201 0.0000
vt 0.1562 0.9201 0.0000
vt 0.1719 0.9835 0.0000
vt 0.1875 0.9835 0.0000
vt 0.1875 1.0317 0.0000
vt 0.1719 1.0317 0.0000
vt 0.1719 0.9201 0.0000
vt 0.1875 0.9201 0.0000
vt 0.2031 0.9835 0.0000
vt 0.2188 0.9835 0.0000
vt 0.2188 1.0317 0.0000
vt 0.2031 1.0317 0.0000
vt 0.2031 0.9201 0.0000
vt 0.2188 0.9201 0.0000
vt 0.2344 0.9835 0.0000
vt 0.2500 0.9835 0.0000
vt 0.2500 1.0317 0.0000
vt 0.2344 1.0317 0.0000
vt 0.2344 0.9201 0.0000
vt 0.2500 0.9201 0.0000
vt 0.2656 0.9835 0.0000
vt 0.2813 0.9835 0.0000
vt 0.2813 1.0317 0.0000
vt 0.2656 1.0317 0.0000
vt 0.2656 0.9201 0.0000
vt 0.2813 0.9201 0.0000
vt 0.2969 0.9835 0.0000
vt 0.3125 0.9835 0.0000
vt 0.3125 1.0317 0.0000
vt 0.2969 1.0317 0.0000
vt 0.2969 0.9201 0.0000
vt 0.3125 0.9201 0.0000
vt 0.3281 0.9835 0.0000
vt 0.3438 0.9835 0.0000
vt 0.3438 1.0317 0.0000
vt 0.3281 1.0317 0.0000
vt 0.3281 0.9201 0.0000
vt 0.3438 0.9201 0.0000
vt 0.3594 0.9835 0.0000
vt 0.3750 0.9835 0.0000
vt 0.3750 1.0317 0.0000
vt 0.3594 1.0317 0.0000
vt 0.3594 0.9201 0.0000
vt 0.3750 0.9201 0.0000
vt 0.3906 0.9835 0.0000
vt 0.4063 0.9835 0.0000
vt 0.4063 1.0317 0.0000
vt 0.3906 1.0317 0.0000
vt 0.3906 0.9201 0.0000
vt 0.4063 0.9201 0.0000
vt 0.4219 0.9835 0.0000
vt 0.4375 0.9835 0.0000
vt 0.4375 1.0317 0.0000
vt 0.4219 1.0317 0.0000
vt 0.4219 0.9201 0.0000
vt 0.4375 0.9201 0.0000
vt 0.4531 0.9835 0.0000
vt 0.4688 0.9835 0.0000
vt 0.4688 1.0317 0.0000
vt 0.4531 1.0317 0.0000
vt 0.4531 0.9201 0.0000
vt 0.4688 0.9201 0.0000
vt 0.4844 0.9835 0.0000
vt 0.5000 0.9835 0.0000
vt 0.5000 1.0317 0.0000
vt 0.4844 1.0317 0.0000
vt 0.4844 0.9201 0.0000
vt 0.5000 0.9201 0.0000
vt 0.5156 0.9835 0.0000
vt 0.5313 0.9835 0.0000
vt 0.5313 1.0317 0.0000
vt 0.5156 1.0317 0.0000
vt 0.5156 0.9201 0.0000
vt 0.5313 0.9201 0.0000
vt 0.5469 0.9835 0.0000
vt 0.5625 0.9835 0.0000
vt 0.5625 1.0317 0.0000
vt 0.5469 1.0317 0.0000
vt 0.5469 0.9201 0.0000
vt 0.5625 0.9201 0.0000
vt 0.5781 0.9835 0.0000
vt 0.5938 0.9835 0.0000
vt 0.5938 1.0317 0.0000
vt 0.5781 1.0317 0.0000
vt 0.5781 0.9201 0.0000
vt 0.5938 0.9201 0.0000
vt 0.6094 0.9835 0.0000
vt 0.6250 0.9835 0.0000
vt 0.6250 1.0317 0.0000
vt 0.6094 1.0317 0.0000
vt 0.6094 0.9201 0.0000
vt 0.6250 0.9201 0.0000
vt 0.6406 0.9835 0.0000
vt 0.6563 0.9835 0.0000
vt 0.6563 1.0317 0.0000
vt 0.6406 1.0317 0.0000
vt 0.6406 0.9201 0.0000
vt 0.6563 0.9201 0.0000
vt 0.6719 0.9835 0.0000
vt 0.6875 0.9835 0.0000
vt 0.6875 1.0317 0.0000
vt 0.6719 1.0317 0.0000
vt 0.6719 0.9201 0.0000
vt 0.6875 0.9201 0.0000
vt 0.7031 0.9835 0.0000
vt 0.7188 0.9835 0.0000
vt 0.7188 1.0317 0.0000
vt 0.7031 1.0317 0.0000
vt 0.7031 0.9201 0.0000
vt 0.7188 0.9201 0.0000
vt 0.7344 0.9835 0.0000
vt 0.7344 1.0317 0.0000
vt 0.7344 0.9201 0.0000
vt 0.7656 1.0527 0.0000
vt 0.7656 1.0516 0.0000
vt 0.7813 1.0516 0.0000
vt 0.7813 1.0527 0.0000
vt 0.7656 1.0538 0.0000
vt 0.7813 1.0538 0.0000
vt 0.7500 1.0538 0.0000
vt 0.7500 1.0527 0.0000
vt 0.7500 1.0516 0.0000
vt 0.7344 1.0527 0.0000
vt 0.7344 1.0516 0.0000
vt 0.7344 1.0538 0.0000
vt 0.7188 1.0538 0.0000
vt 0.7188 1.0527 0.0000
vt 0.7188 1.0516 0.0000
vt 0.7031 1.0527 0.0000
vt 0.7031 1.0516 0.0000
vt 0.7031 1.0538 0.0000
vt 0.6875 1.0538 0.0000
vt 0.6875 1.0527 0.0000
vt 0.6875 1.0516 0.0000
vt 0.6719 1.0527 0.0000
vt 0.6719 1.0516 0.0000
vt 0.6719 1.0538 0.0000
vt 0.6563 1.0538 0.0000
vt 0.6563 1.0527 0.0000
vt 0.6563 1.0516 0.0000
vt 0.6406 1.0527 0.0000
vt 0.6406 1.0516 0.0000
vt 0.6406 1.0538 0.0000
vt 0.6250 1.0538 0.0000
vt 0.6250 1.0527 0.0000
vt 0.6250 1.0516 0.0000
vt 0.6094 1.0527 0.0000
vt 0.6094 1.0516 0.0000
vt 0.6094 1.0538 0.0000
vt 0.5938 1.0538 0.0000
vt 0.5938 1.0527 0.0000
vt 0.5938 1.0516 0.0000
vt 0.5781 1.0527 0.0000
vt 0.5781 1.0516 0.0000
vt 0.5781 1.0538 0.0000
vt 0.5625 1.0538 0.0000
vt 0.5625 1.0527 0.0000
vt 0.5625 1.0516 0.0000
vt 0.5469 1.0527 0.0000
vt 0.5469 1.0516 0.0000
vt 0.5469 1.0538 0.0000
vt 0.5313 1.0538 0.0000
vt 0.5313 1.0527 0.0000
vt 0.5313 1.0516 0.0000
vt 0.5156 1.0527 0.0000
vt 0.5156 1.0516 0.0000
vt 0.5156 1.0538 0.0000
vt 0.5000 1.0538 0.0000
vt 0.5000 1.0527 0.0000
vt 0.5000 1.0516 0.0000
vt 0.4844 1.0527 0.0000
vt 0.4844 1.0516 0.0000
vt 0.4844 1.0538 0.0000
vt 0.4688 1.0538 0.0000
vt 0.4688 1.0527 0.0000
vt 0.4688 1.0516 0.0000
vt 0.4531 1.0527 0.0000
vt 0.4531 1.0516 0.0000
vt 0.4531 1.0538 0.0000
vt 0.4375 1.0538 0.0000
vt 0.4375 1.0527 0.0000
vt 0.4375 1.0516 0.0000
vt 0.4219 1.0527 0.0000
vt 0.4219 1.0516 0.0000
vt 0.4219 1.0538 0.0000
vt 0.4063 1.0538 0.0000
vt 0.4063 1.0527 0.0000
vt 0.4063 1.0516 0.0000
vt 0.3906 1.0527 0.0000
vt 0.3906 1.0516 0.0000
vt 0.3906 1.0538 0.0000
vt 0.3750 1.0538 0.0000
vt 0.3750 1.0527 0.0000
vt 0.3750 1.0516 0.0000
vt 0.3594 1.0527 0.0000
vt 0.3594 1.0516 0.0000
vt 0.3594 1.0538 0.0000
vt 0.3438 1.0538 0.0000
vt 0.3438 1.0527 0.0000
vt 0.3438 1.0516 0.0000
vt 0.3281 1.0527 0.0000
vt 0.3281 1.0516 0.0000
vt 0.3281 1.0538 0.0000
vt 0.3125 1.0538 0.0000
vt 0.3125 1.0527 0.0000
vt 0.3125 1.0516 0.0000
vt 0.2969 1.0527 0.0000
vt 0.2969 1.0516 0.0000
vt 0.2969 1.0538 0.0000
vt 0.2813 1.0538 0.0000
vt 0.2813 1.0527 0.0000
vt 0.2813 1.0516 0.0000
vt 0.2656 1.0527 0.0000
vt 0.2656 1.0516 0.0000
vt 0.2656 1.0538 0.0000
vt 0.2500 1.0538 0.0000
vt 0.2500 1.0527 0.0000
vt 0.2500 1.0516 0.0000
vt 0.2344 1.0527 0.0000
vt 0.2344 1.0516 0.0000
vt 0.2344 1.0538 0.0000
vt 0.2188 1.0538 0.0000
vt 0.2188 1.0527 0.0000
vt 0.2188 1.0516 0.0000
vt 0.2031 1.0527 0.0000
vt 0.2031 1.0516 0.0000
vt 0.2031 1.0538 0.0000
vt 0.1875 1.0538 0.0000
vt 0.1875 1.0527 0.0000
vt 0.1875 1.0516 0.0000
vt 0.1719 1.0527 0.0000
vt 0.1719 1.0516 0.0000
vt 0.1719 1.0538 0.0000
vt 0.1562 1.0538 0.0000
vt 0.1562 1.0527 0.0000
vt 0.1562 1.0516 0.0000
vt 0.1406 1.0527 0.0000
vt 0.1406 1.0516 0.0000
vt 0.1406 1.0538 0.0000
vt 0.1250 1.0538 0.0000
vt 0.1250 1.0527 0.0000
vt 0.1250 1.0516 0.0000
vt 0.1094 1.0527 0.0000
vt 0.1094 1.0516 0.0000
vt 0.1094 1.0538 0.0000
vt 0.0937 1.0538 0.0000
vt 0.0937 1.0527 0.0000
vt 0.0937 1.0516 0.0000
vt 0.0781 1.0527 0.0000
vt 0.0781 1.0516 0.0000
vt 0.0781 1.0538 0.0000
vt 0.0625 1.0538 0.0000
vt 0.0625 1.0527 0.0000
vt 0.0625 1.0516 0.0000
vt 0.0469 1.0527 0.0000
vt 0.0469 1.0516 0.0000
vt 0.0469 1.0538 0.0000
vt 0.0312 1.0538 0.0000
vt 0.0312 1.0527 0.0000
vt 0.0312 1.0516 0.0000
vt 0.0156 1.0527 0.0000
vt 0.0156 1.0516 0.0000
vt 0.0156 1.0538 0.0000
vt -0.0000 1.0538 0.0000
vt -0.0000 1.0527 0.0000
vt -0.0000 1.0516 0.0000
vt 0.9844 1.0527 0.0000
vt 0.9844 1.0516 0.0000
vt 1.0000 1.0516 0.0000
vt 1.0000 1.0527 0.0000
vt 0.9844 1.0538 0.0000
vt 1.0000 1.0538 0.0000
vt 0.9688 1.0538 0.0000
vt 0.9688 1.0527 0.0000
vt 0.9688 1.0516 0.0000
vt 0.9531 1.0527 0.0000
vt 0.9531 1.0516 0.0000
vt 0.9531 1.0538 0.0000
vt 0.9375 1.0538 0.0000
vt 0.9375 1.0527 0.0000
vt 0.9375 1.0516 0.0000
vt 0.9219 1.0527 0.0000
vt 0.9219 1.0516 0.0000
vt 0.9219 1.0538 0.0000
vt 0.9062 1.0538 0.0000
vt 0.9062 1.0527 0.0000
vt 0.9062 1.0516 0.0000
vt 0.8906 1.0527 0.0000
vt 0.8906 1.0516 0.0000
vt 0.8906 1.0538 0.0000
vt 0.8750 1.0538 0.0000
vt 0.8750 1.0527 0.0000
vt 0.8750 1.0516 0.0000
vt 0.8594 1.0527 0.0000
vt 0.8594 1.0516 0.0000
vt 0.8594 1.0538 0.0000
vt 0.8437 1.0538 0.0000
vt 0.8437 1.0527 0.0000
vt 0.8437 1.0516 0.0000
vt 0.8281 1.0527 0.0000
vt 0.8281 1.0516 0.0000
vt 0.8281 1.0538 0.0000
vt 0.8125 1.0538 0.0000
vt 0.8125 1.0527 0.0000
vt 0.8125 1.0516 0.0000
vt 0.7969 1.0527 0.0000
vt 0.7969 1.0516 0.0000
vt 0.7969 1.0538 0.0000
vt 0.7656 0.7699 0.0000
vt 0.7500 0.7699 0.0000
vt 0.7500 0.7685 0.0000
vt 0.7656 0.7685 0.0000
vt 0.7812 0.7699 0.0000
vt 0.7812 0.7685 0.0000
vt 0.7813 0.7725 0.0000
vt 0.7656 0.7725 0.0000
vt 0.7500 0.7725 0.0000
vt 0.7969 0.7699 0.0000
vt 0.7969 0.7685 0.0000
vt 0.8125 0.7699 0.0000
vt 0.8125 0.7685 0.0000
vt 0.8125 0.7725 0.0000
vt 0.7969 0.7725 0.0000
vt 0.8281 0.7699 0.0000
vt 0.8281 0.7685 0.0000
vt 0.8437 0.7699 0.0000
vt 0.8437 0.7685 0.0000
vt 0.8437 0.7725 0.0000
vt 0.8281 0.7725 0.0000
vt 0.8594 0.7699 0.0000
vt 0.8594 0.7685 0.0000
vt 0.8750 0.7699 0.0000
vt 0.8750 0.7685 0.0000
vt 0.8750 0.7725 0.0000
vt 0.8594 0.7725 0.0000
vt 0.8906 0.7699 0.0000
vt 0.8906 0.7685 0.0000
vt 0.9062 0.7699 0.0000
vt 0.9062 0.7685 0.0000
vt 0.9062 0.7725 0.0000
vt 0.8906 0.7725 0.0000
vt 0.9219 0.7699 0.0000
vt 0.9219 0.7685 0.0000
vt 0.9375 0.7699 0.0000
vt 0.9375 0.7685 0.0000
vt 0.9375 0.7725 0.0000
vt 0.9219 0.7725 0.0000
vt 0.9531 0.7699 0.0000
vt 0.9531 0.7685 0.0000
vt 0.9687 0.7699 0.0000
vt 0.9688 0.7685 0.0000
vt 0.9687 0.7725 0.0000
vt 0.9531 0.7725 0.0000
vt 0.9844 0.7699 0.0000
vt 0.9844 0.7685 0.0000
vt 1.0000 0.7699 0.0000
vt 1.0000 0.7685 0.0000
vt 1.0000 0.7725 0.0000
vt 0.9844 0.7725 0.0000
vt 0.0156 0.7699 0.0000
vt -0.0000 0.7699 0.0000
vt -0.0000 0.7685 0.0000
vt 0.0156 0.7685 0.0000
vt 0.0312 0.7699 0.0000
vt 0.0312 0.7685 0.0000
vt 0.0312 0.7725 0.0000
vt 0.0156 0.7725 0.0000
vt -0.0000 0.7725 0.0000
vt 0.0469 0.7699 0.0000
vt 0.0469 0.7685 0.0000
vt 0.0625 0.7699 0.0000
vt 0.0625 0.7685 0.0000
vt 0.0625 0.7725 0.0000
vt 0.0469 0.7725 0.0000
vt 0.0781 0.7699 0.0000
vt 0.0781 0.7685 0.0000
vt 0.0937 0.7699 0.0000
vt 0.0937 0.7685 0.0000
vt 0.0937 0.7725 0.0000
vt 0.0781 0.7725 0.0000
vt 0.1094 0.7699 0.0000
vt 0.1094 0.7685 0.0000
vt 0.1250 0.7699 0.0000
vt 0.1250 0.7685 0.0000
vt 0.1250 0.7725 0.0000
vt 0.1094 0.7725 0.0000
vt 0.1406 0.7699 0.0000
vt 0.1406 0.7685 0.0000
vt 0.1562 0.7699 0.0000
vt 0.1563 0.7685 0.0000
vt 0.1562 0.7725 0.0000
vt 0.1406 0.7725 0.0000
vt 0.1719 0.7699 0.0000
vt 0.1719 0.7685 0.0000
vt 0.1875 0.7699 0.0000
vt 0.1875 0.7685 0.0000
vt 0.1875 0.7725 0.0000
vt 0.1719 0.7725 0.0000
vt 0.2031 0.7699 0.0000
vt 0.2031 0.7685 0.0000
vt 0.2188 0.7699 0.0000
vt 0.2188 0.7685 0.0000
vt 0.2188 0.7725 0.0000
vt 0.2031 0.7725 0.0000
vt 0.2344 0.7699 0.0000
vt 0.2344 0.7685 0.0000
vt 0.2500 0.7699 0.0000
vt 0.2500 0.7685 0.0000
vt 0.2500 0.7725 0.0000
vt 0.2344 0.7725 0.0000
vt 0.2656 0.7699 0.0000
vt 0.2656 0.7685 0.0000
vt 0.2813 0.7699 0.0000
vt 0.2813 0.7685 0.0000
vt 0.2813 0.7725 0.0000
vt 0.2656 0.7725 0.0000
vt 0.2969 0.7699 0.0000
vt 0.2969 0.7685 0.0000
vt 0.3125 0.7699 0.0000
vt 0.3125 0.7685 0.0000
vt 0.3125 0.7725 0.0000
vt 0.2969 0.7725 0.0000
vt 0.3281 0.7699 0.0000
vt 0.3281 0.7685 0.0000
vt 0.3438 0.7699 0.0000
vt 0.3438 0.7685 0.0000
vt 0.3438 0.7725 0.0000
vt 0.3281 0.7725 0.0000
vt 0.3594 0.7699 0.0000
vt 0.3594 0.7685 0.0000
vt 0.3750 0.7699 0.0000
vt 0.3750 0.7685 0.0000
vt 0.3750 0.7725 0.0000
vt 0.3594 0.7725 0.0000
vt 0.3906 0.7699 0.0000
vt 0.3906 0.7685 0.0000
vt 0.4063 0.7699 0.0000
vt 0.4063 0.7685 0.0000
vt 0.4063 0.7725 0.0000
vt 0.3906 0.7725 0.0000
vt 0.4219 0.7699 0.0000
vt 0.4219 0.7685 0.0000
vt 0.4375 0.7699 0.0000
vt 0.4375 0.7685 0.0000
vt 0.4375 0.7725 0.0000
vt 0.4219 0.7725 0.0000
vt 0.4531 0.7699 0.0000
vt 0.4531 0.7685 0.0000
vt 0.4688 0.7699 0.0000
vt 0.4688 0.7685 0.0000
vt 0.4688 0.7725 0.0000
vt 0.4531 0.7725 0.0000
vt 0.4844 0.7699 0.0000
vt 0.4844 0.7685 0.0000
vt 0.5000 0.7699 0.0000
vt 0.5000 0.7685 0.0000
vt 0.5000 0.7725 0.0000
vt 0.4844 0.7725 0.0000
vt 0.5156 0.7699 0.0000
vt 0.5156 0.7685 0.0000
vt 0.5313 0.7699 0.0000
vt 0.5313 0.7685 0.0000
vt 0.5313 0.7725 0.0000
vt 0.5156 0.7725 0.0000
vt 0.5469 0.7699 0.0000
vt 0.5469 0.7685 0.0000
vt 0.5625 0.7699 0.0000
vt 0.5625 0.7685 0.0000
vt 0.5625 0.7725 0.0000
vt 0.5469 0.7725 0.0000
vt 0.5781 0.7699 0.0000
vt 0.5781 0.7685 0.0000
vt 0.5938 0.7699 0.0000
vt 0.5938 0.7685 0.0000
vt 0.5938 0.7725 0.0000
vt 0.5781 0.7725 0.0000
vt 0.6094 0.7699 0.0000
vt 0.6094 0.7685 0.0000
vt 0.6250 0.7699 0.0000
vt 0.6250 0.7685 0.0000
vt 0.6250 0.7725 0.0000
vt 0.6094 0.7725 0.0000
vt 0.6406 0.7699 0.0000
vt 0.6406 0.7685 0.0000
vt 0.6563 0.7699 0.0000
vt 0.6563 0.7685 0.0000
vt 0.6563 0.7725 0.0000
vt 0.6406 0.7725 0.0000
vt 0.6719 0.7699 0.0000
vt 0.6719 0.7685 0.0000
vt 0.6875 0.7699 0.0000
vt 0.6875 0.7685 0.0000
vt 0.6875 0.7725 0.0000
vt 0.6719 0.7725 0.0000
vt 0.7031 0.7699 0.0000
vt 0.7031 0.7685 0.0000
vt 0.7188 0.7699 0.0000
vt 0.7188 0.7685 0.0000
vt 0.7188 0.7725 0.0000
vt 0.7031 0.7725 0.0000
vt 0.7344 0.7699 0.0000
vt 0.7344 0.7685 0.0000
vt 0.7344 0.7725 0.0000
vt 0.7656 0.5220 0.0000
vt 0.7656 0.9162 0.0000
vt 0.7812 0.9162 0.0000
vt 0.7812 0.5220 0.0000
vt 0.7656 0.1280 0.0000
vt 0.7812 0.1280 0.0000
vt 0.7500 0.1280 0.0000
vt 0.7500 0.5220 0.0000
vt 0.7500 0.9162 0.0000
vt 0.7969 0.5220 0.0000
vt 0.7969 0.9162 0.0000
vt 0.8125 0.9162 0.0000
vt 0.8125 0.5220 0.0000
vt 0.7969 0.1280 0.0000
vt 0.8125 0.1280 0.0000
vt 0.8281 0.5220 0.0000
vt 0.8281 0.9162 0.0000
vt 0.8437 0.9162 0.0000
vt 0.8437 0.5220 0.0000
vt 0.8281 0.1280 0.0000
vt 0.8437 0.1280 0.0000
vt 0.8594 0.5220 0.0000
vt 0.8594 0.9162 0.0000
vt 0.8750 0.9162 0.0000
vt 0.8750 0.5220 0.0000
vt 0.8594 0.1280 0.0000
vt 0.8750 0.1280 0.0000
vt 0.8906 0.5220 0.0000
vt 0.8906 0.9162 0.0000
vt 0.9062 0.9162 0.0000
vt 0.9062 0.5220 0.0000
vt 0.8906 0.1280 0.0000
vt 0.9062 0.1280 0.0000
vt 0.9219 0.5220 0.0000
vt 0.9219 0.9162 0.0000
vt 0.9375 0.9162 0.0000
vt 0.9375 0.5220 0.0000
vt 0.9219 0.1280 0.0000
vt 0.9375 0.1280 0.0000
vt 0.9531 0.5220 0.0000
vt 0.9531 0.9162 0.0000
vt 0.9688 0.9162 0.0000
vt 0.9688 0.5220 0.0000
vt 0.9531 0.1280 0.0000
vt 0.9687 0.1280 0.0000
vt 0.9844 0.5220 0.0000
vt 0.9844 0.9162 0.0000
vt 1.0000 0.9162 0.0000
vt 1.0000 0.5220 0.0000
vt 0.9844 0.1280 0.0000
vt 1.0000 0.1280 0.0000
vt 0.0156 0.5220 0.0000
vt 0.0156 0.9162 0.0000
vt 0.0312 0.9162 0.0000
vt 0.0312 0.5220 0.0000
vt 0.0156 0.1280 0.0000
vt 0.0312 0.1280 0.0000
vt -0.0000 0.1280 0.0000
vt -0.0000 0.5220 0.0000
vt -0.0000 0.9162 0.0000
vt 0.0469 0.5220 0.0000
vt 0.0469 0.9162 0.0000
vt 0.0625 0.9162 0.0000
vt 0.0625 0.5220 0.0000
vt 0.0469 0.1280 0.0000
vt 0.0625 0.1280 0.0000
vt 0.0781 0.5220 0.0000
vt 0.0781 0.9162 0.0000
vt 0.0937 0.9162 0.0000
vt 0.0937 0.5220 0.0000
vt 0.0781 0.1280 0.0000
vt 0.0937 0.1280 0.0000
vt 0.1094 0.5220 0.0000
vt 0.1094 0.9162 0.0000
vt 0.1250 0.9162 0.0000
vt 0.1250 0.5220 0.0000
vt 0.1094 0.1280 0.0000
vt 0.1250 0.1280 0.0000
vt 0.1406 0.5220 0.0000
vt 0.1406 0.9162 0.0000
vt 0.1562 0.9162 0.0000
vt 0.1562 0.5220 0.0000
vt 0.1406 0.1280 0.0000
vt 0.1562 0.1280 0.0000
vt 0.1719 0.5220 0.0000
vt 0.1719 0.9162 0.0000
vt 0.1875 0.9162 0.0000
vt 0.1875 0.5220 0.0000
vt 0.1719 0.1280 0.0000
vt 0.1875 0.1280 0.0000
vt 0.2031 0.5220 0.0000
vt 0.2031 0.9162 0.0000
vt 0.2188 0.9162 0.0000
vt 0.2188 0.5220 0.0000
vt 0.2031 0.1280 0.0000
vt 0.2188 0.1280 0.0000
vt 0.2344 0.5220 0.0000
vt 0.2344 0.9162 0.0000
vt 0.2500 0.9162 0.0000
vt 0.2500 0.5220 0.0000
vt 0.2344 0.1280 0.0000
vt 0.2500 0.1280 0.0000
vt 0.2656 0.5220 0.0000
vt 0.2656 0.9162 0.0000
vt 0.2813 0.9162 0.0000
vt 0.2813 0.5220 0.0000
vt 0.2656 0.1280 0.0000
vt 0.2813 0.1280 0.0000
vt 0.2969 0.5220 0.0000
vt 0.2969 0.9162 0.0000
vt 0.3125 0.9162 0.0000
vt 0.3125 0.5220 0.0000
vt 0.2969 0.1280 0.0000
vt 0.3125 0.1280 0.0000
vt 0.3281 0.5220 0.0000
vt 0.3281 0.9162 0.0000
vt 0.3438 0.9162 0.0000
vt 0.3438 0.5220 0.0000
vt 0.3281 0.1280 0.0000
vt 0.3438 0.1280 0.0000
vt 0.3594 0.5220 0.0000
vt 0.3594 0.9162 0.0000
vt 0.3750 0.9162 0.0000
vt 0.3750 0.5220 0.0000
vt 0.3594 0.1280 0.0000
vt 0.3750 0.1280 0.0000
vt 0.3906 0.5220 0.0000
vt 0.3906 0.9162 0.0000
vt 0.4063 0.9162 0.0000
vt 0.4063 0.5220 0.0000
vt 0.3906 0.1280 0.0000
vt 0.4063 0.1280 0.0000
vt 0.4219 0.5220 0.0000
vt 0.4219 0.9162 0.0000
vt 0.4375 0.9162 0.0000
vt 0.4375 0.5220 0.0000
vt 0.4219 0.1280 0.0000
vt 0.4375 0.1280 0.0000
vt 0.4531 0.5220 0.0000
vt 0.4531 0.9162 0.0000
vt 0.4688 0.9162 0.0000
vt 0.4688 0.5220 0.0000
vt 0.4531 0.1280 0.0000
vt 0.4688 0.1280 0.0000
vt 0.4844 0.5220 0.0000
vt 0.4844 0.9162 0.0000
vt 0.5000 0.9162 0.0000
vt 0.5000 0.5220 0.0000
vt 0.4844 0.1280 0.0000
vt 0.5000 0.1280 0.0000
vt 0.5156 0.5220 0.0000
vt 0.5156 0.9162 0.0000
vt 0.5313 0.9162 0.0000
vt 0.5313 0.5220 0.0000
vt 0.5156 0.1280 0.0000
vt 0.5313 0.1280 0.0000
vt 0.5469 0.5220 0.0000
vt 0.5469 0.9162 0.0000
vt 0.5625 0.9162 0.0000
vt 0.5625 0.5220 0.0000
vt 0.5469 0.1280 0.0000
vt 0.5625 0.1280 0.0000
vt 0.5781 0.5220 0.0000
vt 0.5781 0.9162 0.0000
vt 0.5938 0.9162 0.0000
vt 0.5938 0.5220 0.0000
vt 0.5781 0.1280 0.0000
vt 0.5938 0.1280 0.0000
vt 0.6094 0.5220 0.0000
vt 0.6094 0.9162 0.0000
vt 0.6250 0.9162 0.0000
vt 0.6250 0.5220 0.0000
vt 0.6094 0.1280 0.0000
vt 0.6250 0.1280 0.0000
vt 0.6406 0.5220 0.0000
vt 0.6406 0.9162 0.0000
vt 0.6563 0.9162 0.0000
vt 0.6563 0.5220 0.0000
vt 0.6406 0.1280 0.0000
vt 0.6563 0.1280 0.0000
vt 0.6719 0.5220 0.0000
vt 0.6719 0.9162 0.0000
vt 0.6875 0.9162 0.0000
vt 0.6875 0.5220 0.0000
vt 0.6719 0.1280 0.0000
vt 0.6875 0.1280 0.0000
vt 0.7031 0.5220 0.0000
vt 0.7031 0.9162 0.0000
vt 0.7188 0.9162 0.0000
vt 0.7188 0.5220 0.0000
vt 0.7031 0.1280 0.0000
vt 0.7188 0.1280 0.0000
vt 0.7344 0.5220 0.0000
vt 0.7344 0.9162 0.0000
vt 0.7344 0.1280 0.0000
vt 0.7656 -0.0089 0.0000
vt 0.7500 -0.0089 0.0000
vt 0.7500 -0.0081 0.0000
vt 0.7656 -0.0081 0.0000
vt 0.7812 -0.0089 0.0000
vt 0.7812 -0.0081 0.0000
vt 0.7969 -0.0089 0.0000
vt 0.7969 -0.0081 0.0000
vt 0.8125 -0.0089 0.0000
vt 0.8125 -0.0081 0.0000
vt 0.8281 -0.0089 0.0000
vt 0.8281 -0.0081 0.0000
vt 0.8437 -0.0089 0.0000
vt 0.8437 -0.0081 0.0000
vt 0.8594 -0.0089 0.0000
vt 0.8594 -0.0081 0.0000
vt 0.8750 -0.0089 0.0000
vt 0.8750 -0.0081 0.0000
vt 0.8906 -0.0089 0.0000
vt 0.8906 -0.0081 0.0000
vt 0.9062 -0.0089 0.0000
vt 0.9062 -0.0081 0.0000
vt 0.9219 -0.0089 0.0000
vt 0.9219 -0.0081 0.0000
vt 0.9375 -0.0089 0.0000
vt 0.9375 -0.0081 0.0000
vt 0.9531 -0.0089 0.0000
vt 0.9531 -0.0081 0.0000
vt 0.9687 -0.0089 0.0000
vt 0.9687 -0.0081 0.0000
vt 0.9844 -0.0089 0.0000
vt 0.9844 -0.0081 0.0000
vt 1.0000 -0.0089 0.0000
vt 1.0000 -0.0081 0.0000
vt 0.0156 -0.0089 0.0000
vt -0.0000 -0.0089 0.0000
vt -0.0000 -0.0081 0.0000
vt 0.0156 -0.0081 0.0000
vt 0.0312 -0.0089 0.0000
vt 0.0312 -0.0081 0.0000
vt 0.0469 -0.0089 0.0000
vt 0.0469 -0.0081 0.0000
vt 0.0625 -0.0089 0.0000
vt 0.0625 -0.0081 0.0000
vt 0.0781 -0.0089 0.0000
vt 0.0781 -0.0081 0.0000
vt 0.0937 -0.0089 0.0000
vt 0.0937 -0.0081 0.0000
vt 0.1094 -0.0089 0.0000
vt 0.1094 -0.0081 0.0000
vt 0.1250 -0.0089 0.0000
vt 0.1250 -0.0081 0.0000
vt 0.1406 -0.0089 0.0000
vt 0.1406 -0.0081 0.0000
vt 0.1562 -0.0089 0.0000
vt 0.1562 -0.0081 0.0000
vt 0.1719 -0.0089 0.0000
vt 0.1719 -0.0081 0.0000
vt 0.1875 -0.0089 0.0000
vt 0.1875 -0.0081 0.0000
vt 0.2031 -0.0089 0.0000
vt 0.2031 -0.0081 0.0000
vt 0.2188 -0.0089 0.0000
vt 0.2188 -0.0081 0.0000
vt 0.2344 -0.0089 0.0000
vt 0.2344 -0.0081 0.0000
vt 0.2500 -0.0089 0.0000
vt 0.2500 -0.0081 0.0000
vt 0.2656 -0.0089 0.0000
vt 0.2656 -0.0081 0.0000
vt 0.2813 -0.0089 0.0000
vt 0.2813 -0.0081 0.0000
vt 0.2969 -0.0089 0.0000
vt 0.2969 -0.0081 0.0000
vt 0.3125 -0.0089 0.0000
vt 0.3125 -0.0081 0.0000
vt 0.3281 -0.0089 0.0000
vt 0.3281 -0.0081 0.0000
vt 0.3438 -0.0089 0.0000
vt 0.3438 -0.0081 0.0000
vt 0.3594 -0.0089 0.0000
vt 0.3594 -0.0081 0.0000
vt 0.3750 -0.0089 0.0000
vt 0.3750 -0.0081 0.0000
vt 0.3906 -0.0089 0.0000
vt 0.3906 -0.0081 0.0000
vt 0.4063 -0.0089 0.0000
vt 0.4063 -0.0081 0.0000
vt 0.4219 -0.0089 0.0000
vt 0.4219 -0.0081 0.0000
vt 0.4375 -0.0089 0.0000
vt 0.4375 -0.0081 0.0000
vt 0.4531 -0.0089 0.0000
vt 0.4531 -0.0081 0.0000
vt 0.4688 -0.0089 0.0000
vt 0.4688 -0.0081 0.0000
vt 0.4844 -0.0089 0.0000
vt 0.4844 -0.0081 0.0000
vt 0.5000 -0.0089 0.0000
vt 0.5000 -0.0081 0.0000
vt 0.5156 -0.0089 0.0000
vt 0.5156 -0.0081 0.0000
vt 0.5313 -0.0089 0.0000
vt 0.5313 -0.0081 0.0000
vt 0.5469 -0.0089 0.0000
vt 0.5469 -0.0081 0.0000
vt 0.5625 -0.0089 0.0000
vt 0.5625 -0.0081 0.0000
vt 0.5781 -0.0089 0.0000
vt 0.5781 -0.0081 0.0000
vt 0.5938 -0.0089 0.0000
vt 0.5938 -0.0081 0.0000
vt 0.6094 -0.0089 0.0000
vt 0.6094 -0.0081 0.0000
vt 0.6250 -0.0089 0.0000
vt 0.6250 -0.0081 0.0000
vt 0.6406 -0.0089 0.0000
vt 0.6406 -0.0081 0.0000
vt 0.6563 -0.0089 0.0000
vt 0.6563 -0.0081 0.0000
vt 0.6719 -0.0089 0.0000
vt 0.6719 -0.0081 0.0000
vt 0.6875 -0.0089 0.0000
vt 0.6875 -0.0081 0.0000
vt 0.7031 -0.0089 0.0000
vt 0.7031 -0.0081 0.0000
vt 0.7188 -0.0089 0.0000
vt 0.7188 -0.0081 0.0000
vt 0.7344 -0.0089 0.0000
vt 0.7344 -0.0081 0.0000
vt 0.2187 -0.0089 0.0000
vt 0.7656 -0.0542 0.0000
vt 0.7812 -0.0542 0.0000
vt 0.7812 -0.0541 0.0000
vt 0.7656 -0.0541 0.0000
vt 0.7500 -0.0542 0.0000
vt 0.7500 -0.0541 0.0000
vt 0.7969 -0.0542 0.0000
vt 0.8125 -0.0542 0.0000
vt 0.8125 -0.0541 0.0000
vt 0.7969 -0.0541 0.0000
vt 0.8281 -0.0542 0.0000
vt 0.8437 -0.0542 0.0000
vt 0.8437 -0.0541 0.0000
vt 0.8281 -0.0541 0.0000
vt 0.8594 -0.0542 0.0000
vt 0.8750 -0.0542 0.0000
vt 0.8750 -0.0541 0.0000
vt 0.8594 -0.0541 0.0000
vt 0.8906 -0.0542 0.0000
vt 0.9062 -0.0542 0.0000
vt 0.9062 -0.0541 0.0000
vt 0.8906 -0.0541 0.0000
vt 0.9219 -0.0542 0.0000
vt 0.9375 -0.0542 0.0000
vt 0.9375 -0.0541 0.0000
vt 0.9219 -0.0541 0.0000
vt 0.9531 -0.0542 0.0000
vt 0.9687 -0.0542 0.0000
vt 0.9687 -0.0541 0.0000
vt 0.9531 -0.0541 0.0000
vt 0.9844 -0.0542 0.0000
vt 1.0000 -0.0542 0.0000
vt 1.0000 -0.0541 0.0000
vt 0.9844 -0.0541 0.0000
vt 0.0156 -0.0542 0.0000
vt 0.0312 -0.0542 0.0000
vt 0.0312 -0.0541 0.0000
vt 0.0156 -0.0541 0.0000
vt -0.0000 -0.0542 0.0000
vt -0.0000 -0.0541 0.0000
vt 0.0469 -0.0542 0.0000
vt 0.0625 -0.0542 0.0000
vt 0.0625 -0.0541 0.0000
vt 0.0469 -0.0541 0.0000
vt 0.0781 -0.0542 0.0000
vt 0.0937 -0.0542 0.0000
vt 0.0937 -0.0541 0.0000
vt 0.0781 -0.0541 0.0000
vt 0.1094 -0.0542 0.0000
vt 0.1250 -0.0542 0.0000
vt 0.1250 -0.0541 0.0000
vt 0.1094 -0.0541 0.0000
vt 0.1406 -0.0542 0.0000
vt 0.1562 -0.0542 0.0000
vt 0.1562 -0.0541 0.0000
vt 0.1406 -0.0541 0.0000
vt 0.1719 -0.0542 0.0000
vt 0.1875 -0.0542 0.0000
vt 0.1875 -0.0541 0.0000
vt 0.1719 -0.0541 0.0000
vt 0.2031 -0.0542 0.0000
vt 0.2187 -0.0542 0.0000
vt 0.2188 -0.0541 0.0000
vt 0.2031 -0.0541 0.0000
vt 0.2344 -0.0542 0.0000
vt 0.2500 -0.0542 0.0000
vt 0.2500 -0.0541 0.0000
vt 0.2344 -0.0541 0.0000
vt 0.2656 -0.0542 0.0000
vt 0.2813 -0.0542 0.0000
vt 0.2813 -0.0541 0.0000
vt 0.2656 -0.0541 0.0000
vt 0.2969 -0.0542 0.0000
vt 0.3125 -0.0542 0.0000
vt 0.3125 -0.0541 0.0000
vt 0.2969 -0.0541 0.0000
vt 0.3281 -0.0542 0.0000
vt 0.3438 -0.0542 0.0000
vt 0.3438 -0.0541 0.0000
vt 0.3281 -0.0541 0.0000
vt 0.3594 -0.0542 0.0000
vt 0.3750 -0.0542 0.0000
vt 0.3750 -0.0541 0.0000
vt 0.3594 -0.0541 0.0000
vt 0.3906 -0.0542 0.0000
vt 0.4063 -0.0542 0.0000
vt 0.4063 -0.0541 0.0000
vt 0.3906 -0.0541 0.0000
vt 0.4219 -0.0542 0.0000
vt 0.4375 -0.0542 0.0000
vt 0.4375 -0.0541 0.0000
vt 0.4219 -0.0541 0.0000
vt 0.4531 -0.0542 0.0000
vt 0.4688 -0.0542 0.0000
vt 0.4688 -0.0541 0.0000
vt 0.4531 -0.0541 0.0000
vt 0.4844 -0.0542 0.0000
vt 0.5000 -0.0542 0.0000
vt 0.5000 -0.0541 0.0000
vt 0.4844 -0.0541 0.0000
vt 0.5156 -0.0542 0.0000
vt 0.5313 -0.0542 0.0000
vt 0.5313 -0.0541 0.0000
vt 0.5156 -0.0541 0.0000
vt 0.5469 -0.0542 0.0000
vt 0.5625 -0.0542 0.0000
vt 0.5625 -0.0541 0.0000
vt 0.5469 -0.0541 0.0000
vt 0.5781 -0.0542 0.0000
vt 0.5938 -0.0542 0.0000
vt 0.5938 -0.0541 0.0000
vt 0.5781 -0.0541 0.0000
vt 0.6094 -0.0542 0.0000
vt 0.6250 -0.0542 0.0000
vt 0.6250 -0.0541 0.0000
vt 0.6094 -0.0541 0.0000
vt 0.6406 -0.0542 0.0000
vt 0.6563 -0.0542 0.0000
vt 0.6563 -0.0541 0.0000
vt 0.6406 -0.0541 0.0000
vt 0.6719 -0.0542 0.0000
vt 0.6875 -0.0542 0.0000
vt 0.6875 -0.0541 0.0000
vt 0.6719 -0.0541 0.0000
vt 0.7031 -0.0542 0.0000
vt 0.7188 -0.0542 0.0000
vt 0.7188 -0.0541 0.0000
vt 0.7031 -0.0541 0.0000
vt 0.7344 -0.0542 0.0000
vt 0.7344 -0.0541 0.0000
vt 0.7656 -0.0056 0.0000
vt 0.7812 -0.0056 0.0000
vt 0.7500 -0.0056 0.0000
vt 0.7656 1.0503 0.0000
vt 0.7500 1.0503 0.0000
vt 0.7656 1.0532 0.0000
vt 0.7500 1.0532 0.0000
vt 0.7813 1.0532 0.0000
vt 0.7812 1.0503 0.0000
vt 0.7969 -0.0056 0.0000
vt 0.8125 -0.0056 0.0000
vt 0.7969 1.0503 0.0000
vt 0.7969 1.0532 0.0000
vt 0.8125 1.0532 0.0000
vt 0.8125 1.0503 0.0000
vt 0.8281 -0.0056 0.0000
vt 0.8437 -0.0056 0.0000
vt 0.8281 1.0503 0.0000
vt 0.8281 1.0532 0.0000
vt 0.8437 1.0532 0.0000
vt 0.8437 1.0503 0.0000
vt 0.8594 -0.0056 0.0000
vt 0.8750 -0.0056 0.0000
vt 0.8594 1.0503 0.0000
vt 0.8594 1.0532 0.0000
vt 0.8750 1.0532 0.0000
vt 0.8750 1.0503 0.0000
vt 0.8906 -0.0056 0.0000
vt 0.9062 -0.0056 0.0000
vt 0.8906 1.0503 0.0000
vt 0.8906 1.0532 0.0000
vt 0.9062 1.0532 0.0000
vt 0.9062 1.0503 0.0000
vt 0.9219 -0.0056 0.0000
vt 0.9375 -0.0056 0.0000
vt 0.9219 1.0503 0.0000
vt 0.9219 1.0532 0.0000
vt 0.9375 1.0532 0.0000
vt 0.9375 1.0503 0.0000
vt 0.9531 -0.0056 0.0000
vt 0.9687 -0.0056 0.0000
vt 0.9531 1.0503 0.0000
vt 0.9531 1.0532 0.0000
vt 0.9688 1.0532 0.0000
vt 0.9688 1.0503 0.0000
vt 0.9844 -0.0056 0.0000
vt 1.0000 -0.0056 0.0000
vt 0.9844 1.0503 0.0000
vt 0.9844 1.0532 0.0000
vt 1.0000 1.0532 0.0000
vt 1.0000 1.0503 0.0000
vt 0.0156 -0.0056 0.0000
vt 0.0312 -0.0056 0.0000
vt -0.0000 -0.0056 0.0000
vt 0.0156 1.0503 0.0000
vt -0.0000 1.0503 0.0000
vt 0.0156 1.0532 0.0000
vt -0.0000 1.0532 0.0000
vt 0.0312 1.0532 0.0000
vt 0.0312 1.0503 0.0000
vt 0.0469 -0.0056 0.0000
vt 0.0625 -0.0056 0.0000
vt 0.0469 1.0503 0.0000
vt 0.0469 1.0532 0.0000
vt 0.0625 1.0532 0.0000
vt 0.0625 1.0503 0.0000
vt 0.0781 -0.0056 0.0000
vt 0.0937 -0.0056 0.0000
vt 0.0781 1.0503 0.0000
vt 0.0781 1.0532 0.0000
vt 0.0937 1.0532 0.0000
vt 0.0937 1.0503 0.0000
vt 0.1094 -0.0056 0.0000
vt 0.1250 -0.0056 0.0000
vt 0.1094 1.0503 0.0000
vt 0.1094 1.0532 0.0000
vt 0.1250 1.0532 0.0000
vt 0.1250 1.0503 0.0000
vt 0.1406 -0.0056 0.0000
vt 0.1562 -0.0056 0.0000
vt 0.1406 1.0503 0.0000
vt 0.1406 1.0532 0.0000
vt 0.1562 1.0532 0.0000
vt 0.1562 1.0503 0.0000
vt 0.1719 -0.0056 0.0000
vt 0.1875 -0.0056 0.0000
vt 0.1719 1.0503 0.0000
vt 0.1719 1.0532 0.0000
vt 0.1875 1.0532 0.0000
vt 0.1875 1.0503 0.0000
vt 0.2031 -0.0056 0.0000
vt 0.2188 -0.0056 0.0000
vt 0.2031 1.0503 0.0000
vt 0.2031 1.0532 0.0000
vt 0.2188 1.0532 0.0000
vt 0.2188 1.0503 0.0000
vt 0.2344 -0.0056 0.0000
vt 0.2500 -0.0056 0.0000
vt 0.2344 1.0503 0.0000
vt 0.2344 1.0532 0.0000
vt 0.2500 1.0532 0.0000
vt 0.2500 1.0503 0.0000
vt 0.2656 -0.0056 0.0000
vt 0.2813 -0.0056 0.0000
vt 0.2656 1.0503 0.0000
vt 0.2656 1.0532 0.0000
vt 0.2813 1.0532 0.0000
vt 0.2813 1.0503 0.0000
vt 0.2969 -0.0056 0.0000
vt 0.3125 -0.0056 0.0000
vt 0.2969 1.0503 0.0000
vt 0.2969 1.0532 0.0000
vt 0.3125 1.0532 0.0000
vt 0.3125 1.0503 0.0000
vt 0.3281 -0.0056 0.0000
vt 0.3438 -0.0056 0.0000
vt 0.3281 1.0503 0.0000
vt 0.3281 1.0532 0.0000
vt 0.3438 1.0532 0.0000
vt 0.3438 1.0503 0.0000
vt 0.3594 -0.0056 0.0000
vt 0.3750 -0.0056 0.0000
vt 0.3594 1.0503 0.0000
vt 0.3594 1.0532 0.0000
vt 0.3750 1.0532 0.0000
vt 0.3750 1.0503 0.0000
vt 0.3906 -0.0056 0.0000
vt 0.4063 -0.0056 0.0000
vt 0.3906 1.0503 0.0000
vt 0.3906 1.0532 0.0000
vt 0.4063 1.0532 0.0000
vt 0.4063 1.0503 0.0000
vt 0.4219 -0.0056 0.0000
vt 0.4375 -0.0056 0.0000
vt 0.4219 1.0503 0.0000
vt 0.4219 1.0532 0.0000
vt 0.4375 1.0532 0.0000
vt 0.4375 1.0503 0.0000
vt 0.4531 -0.0056 0.0000
vt 0.4688 -0.0056 0.0000
vt 0.4531 1.0503 0.0000
vt 0.4531 1.0532 0.0000
vt 0.4688 1.0532 0.0000
vt 0.4688 1.0503 0.0000
vt 0.4844 -0.0056 0.0000
vt 0.5000 -0.0056 0.0000
vt 0.4844 1.0503 0.0000
vt 0.4844 1.0532 0.0000
vt 0.5000 1.0532 0.0000
vt 0.5000 1.0503 0.0000
vt 0.5156 -0.0056 0.0000
vt 0.5313 -0.0056 0.0000
vt 0.5156 1.0503 0.0000
vt 0.5156 1.0532 0.0000
vt 0.5313 1.0532 0.0000
vt 0.5313 1.0503 0.0000
vt 0.5469 -0.0056 0.0000
vt 0.5625 -0.0056 0.0000
vt 0.5469 1.0503 0.0000
vt 0.5469 1.0532 0.0000
vt 0.5625 1.0532 0.0000
vt 0.5625 1.0503 0.0000
vt 0.5781 -0.0056 0.0000
vt 0.5938 -0.0056 0.0000
vt 0.5781 1.0503 0.0000
vt 0.5781 1.0532 0.0000
vt 0.5938 1.0532 0.0000
vt 0.5938 1.0503 0.0000
vt 0.6094 -0.0056 0.0000
vt 0.6250 -0.0056 0.0000
vt 0.6094 1.0503 0.0000
vt 0.6094 1.0532 0.0000
vt 0.6250 1.0532 0.0000
vt 0.6250 1.0503 0.0000
vt 0.6406 -0.0056 0.0000
vt 0.6563 -0.0056 0.0000
vt 0.6406 1.0503 0.0000
vt 0.6406 1.0532 0.0000
vt 0.6563 1.0532 0.0000
vt 0.6563 1.0503 0.0000
vt 0.6719 -0.0056 0.0000
vt 0.6875 -0.0056 0.0000
vt 0.6719 1.0503 0.0000
vt 0.6719 1.0532 0.0000
vt 0.6875 1.0532 0.0000
vt 0.6875 1.0503 0.0000
vt 0.7031 -0.0056 0.0000
vt 0.7188 -0.0056 0.0000
vt 0.7031 1.0503 0.0000
vt 0.7031 1.0532 0.0000
vt 0.7188 1.0532 0.0000
vt 0.7188 1.0503 0.0000
vt 0.7344 -0.0056 0.0000
vt 0.7344 1.0503 0.0000
vt 0.7344 1.0532 0.0000
vt 0.7656 1.0491 0.0000
vt 0.7812 1.0491 0.0000
vt 0.7656 1.0506 0.0000
vt 0.7813 1.0506 0.0000
vt 0.7500 1.0506 0.0000
vt 0.7500 1.0491 0.0000
vt 0.7969 1.0491 0.0000
vt 0.8125 1.0491 0.0000
vt 0.7969 1.0506 0.0000
vt 0.8125 1.0506 0.0000
vt 0.8281 1.0491 0.0000
vt 0.8437 1.0491 0.0000
vt 0.8281 1.0506 0.0000
vt 0.8437 1.0506 0.0000
vt 0.8594 1.0491 0.0000
vt 0.8750 1.0491 0.0000
vt 0.8594 1.0506 0.0000
vt 0.8750 1.0506 0.0000
vt 0.8906 1.0491 0.0000
vt 0.9062 1.0491 0.0000
vt 0.8906 1.0506 0.0000
vt 0.9062 1.0506 0.0000
vt 0.9219 1.0491 0.0000
vt 0.9375 1.0491 0.0000
vt 0.9219 1.0506 0.0000
vt 0.9375 1.0506 0.0000
vt 0.9531 1.0491 0.0000
vt 0.9688 1.0491 0.0000
vt 0.9531 1.0506 0.0000
vt 0.9688 1.0506 0.0000
vt 0.9844 1.0491 0.0000
vt 1.0000 1.0491 0.0000
vt 0.9844 1.0506 0.0000
vt 1.0000 1.0506 0.0000
vt 0.0156 1.0491 0.0000
vt 0.0312 1.0491 0.0000
vt 0.0156 1.0506 0.0000
vt 0.0312 1.0506 0.0000
vt -0.0000 1.0506 0.0000
vt -0.0000 1.0491 0.0000
vt 0.0469 1.0491 0.0000
vt 0.0625 1.0491 0.0000
vt 0.0469 1.0506 0.0000
vt 0.0625 1.0506 0.0000
vt 0.0781 1.0491 0.0000
vt 0.0938 1.0491 0.0000
vt 0.0781 1.0506 0.0000
vt 0.0937 1.0506 0.0000
vt 0.1094 1.0491 0.0000
vt 0.1250 1.0491 0.0000
vt 0.1094 1.0506 0.0000
vt 0.1250 1.0506 0.0000
vt 0.1406 1.0491 0.0000
vt 0.1562 1.0491 0.0000
vt 0.1406 1.0506 0.0000
vt 0.1562 1.0506 0.0000
vt 0.1719 1.0491 0.0000
vt 0.1875 1.0491 0.0000
vt 0.1719 1.0506 0.0000
vt 0.1875 1.0506 0.0000
vt 0.2031 1.0491 0.0000
vt 0.2188 1.0491 0.0000
vt 0.2031 1.0506 0.0000
vt 0.2188 1.0506 0.0000
vt 0.2344 1.0491 0.0000
vt 0.2500 1.0491 0.0000
vt 0.2344 1.0506 0.0000
vt 0.2500 1.0506 0.0000
vt 0.2656 1.0491 0.0000
vt 0.2813 1.0491 0.0000
vt 0.2656 1.0506 0.0000
vt 0.2813 1.0506 0.0000
vt 0.2969 1.0491 0.0000
vt 0.3125 1.0491 0.0000
vt 0.2969 1.0506 0.0000
vt 0.3125 1.0506 0.0000
vt 0.3281 1.0491 0.0000
vt 0.3438 1.0491 0.0000
vt 0.3281 1.0506 0.0000
vt 0.3438 1.0506 0.0000
vt 0.3594 1.0491 0.0000
vt 0.3750 1.0491 0.0000
vt 0.3594 1.0506 0.0000
vt 0.3750 1.0506 0.0000
vt 0.3906 1.0491 0.0000
vt 0.4063 1.0491 0.0000
vt 0.3906 1.0506 0.0000
vt 0.4063 1.0506 0.0000
vt 0.4219 1.0491 0.0000
vt 0.4375 1.0491 0.0000
vt 0.4219 1.0506 0.0000
vt 0.4375 1.0506 0.0000
vt 0.4531 1.0491 0.0000
vt 0.4688 1.0491 0.0000
vt 0.4531 1.0506 0.0000
vt 0.4688 1.0506 0.0000
vt 0.4844 1.0491 0.0000
vt 0.5000 1.0491 0.0000
vt 0.4844 1.0506 0.0000
vt 0.5000 1.0506 0.0000
vt 0.5156 1.0491 0.0000
vt 0.5313 1.0491 0.0000
vt 0.5156 1.0506 0.0000
vt 0.5313 1.0506 0.0000
vt 0.5469 1.0491 0.0000
vt 0.5625 1.0491 0.0000
vt 0.5469 1.0506 0.0000
vt 0.5625 1.0506 0.0000
vt 0.5781 1.0491 0.0000
vt 0.5938 1.0491 0.0000
vt 0.5781 1.0506 0.0000
vt 0.5938 1.0506 0.0000
vt 0.6094 1.0491 0.0000
vt 0.6250 1.0491 0.0000
vt 0.6094 1.0506 0.0000
vt 0.6250 1.0506 0.0000
vt 0.6406 1.0491 0.0000
vt 0.6563 1.0491 0.0000
vt 0.6406 1.0506 0.0000
vt 0.6563 1.0506 0.0000
vt 0.6719 1.0491 0.0000
vt 0.6875 1.0491 0.0000
vt 0.6719 1.0506 0.0000
vt 0.6875 1.0506 0.0000
vt 0.7031 1.0491 0.0000
vt 0.7188 1.0491 0.0000
vt 0.7031 1.0506 0.0000
vt 0.7188 1.0506 0.0000
vt 0.7344 1.0491 0.0000
vt 0.7344 1.0506 0.0000
vt 0.7656 0.7664 0.0000
vt 0.7656 0.7367 0.0000
vt 0.7812 0.7367 0.0000
vt 0.7812 0.7664 0.0000
vt 0.7500 0.7664 0.0000
vt 0.7500 0.7367 0.0000
vt 0.7969 0.7664 0.0000
vt 0.7969 0.7367 0.0000
vt 0.8125 0.7367 0.0000
vt 0.8125 0.7664 0.0000
vt 0.8281 0.7664 0.0000
vt 0.8281 0.7367 0.0000
vt 0.8437 0.7367 0.0000
vt 0.8437 0.7664 0.0000
vt 0.8594 0.7664 0.0000
vt 0.8594 0.7367 0.0000
vt 0.8750 0.7367 0.0000
vt 0.8750 0.7664 0.0000
vt 0.8906 0.7664 0.0000
vt 0.8906 0.7367 0.0000
vt 0.9062 0.7367 0.0000
vt 0.9062 0.7664 0.0000
vt 0.9219 0.7664 0.0000
vt 0.9219 0.7367 0.0000
vt 0.9375 0.7367 0.0000
vt 0.9375 0.7664 0.0000
vt 0.9531 0.7664 0.0000
vt 0.9531 0.7367 0.0000
vt 0.9688 0.7367 0.0000
vt 0.9688 0.7664 0.0000
vt 0.9844 0.7664 0.0000
vt 0.9844 0.7367 0.0000
vt 1.0000 0.7367 0.0000
vt 1.0000 0.7664 0.0000
vt 0.0156 0.7664 0.0000
vt 0.0156 0.7367 0.0000
vt 0.0312 0.7367 0.0000
vt 0.0312 0.7664 0.0000
vt -0.0000 0.7664 0.0000
vt -0.0000 0.7367 0.0000
vt 0.0469 0.7664 0.0000
vt 0.0469 0.7367 0.0000
vt 0.0625 0.7367 0.0000
vt 0.0625 0.7664 0.0000
vt 0.0781 0.7664 0.0000
vt 0.0781 0.7367 0.0000
vt 0.0937 0.7367 0.0000
vt 0.0937 0.7664 0.0000
vt 0.1094 0.7664 0.0000
vt 0.1094 0.7367 0.0000
vt 0.1250 0.7367 0.0000
vt 0.1250 0.7664 0.0000
vt 0.1406 0.7664 0.0000
vt 0.1406 0.7367 0.0000
vt 0.1562 0.7367 0.0000
vt 0.1562 0.7664 0.0000
vt 0.1719 0.7664 0.0000
vt 0.1719 0.7367 0.0000
vt 0.1875 0.7367 0.0000
vt 0.1875 0.7664 0.0000
vt 0.2031 0.7664 0.0000
vt 0.2031 0.7367 0.0000
vt 0.2188 0.7367 0.0000
vt 0.2188 0.7664 0.0000
vt 0.2344 0.7664 0.0000
vt 0.2344 0.7367 0.0000
vt 0.2500 0.7367 0.0000
vt 0.2500 0.7664 0.0000
vt 0.2656 0.7664 0.0000
vt 0.2656 0.7367 0.0000
vt 0.2813 0.7367 0.0000
vt 0.2813 0.7664 0.0000
vt 0.2969 0.7664 0.0000
vt 0.2969 0.7367 0.0000
vt 0.3125 0.7367 0.0000
vt 0.3125 0.7664 0.0000
vt 0.3281 0.7664 0.0000
vt 0.3281 0.7367 0.0000
vt 0.3438 0.7367 0.0000
vt 0.3438 0.7664 0.0000
vt 0.3594 0.7664 0.0000
vt 0.3594 0.7367 0.0000
vt 0.3750 0.7367 0.0000
vt 0.3750 0.7664 0.0000
vt 0.3906 0.7664 0.0000
vt 0.3906 0.7367 0.0000
vt 0.4063 0.7367 0.0000
vt 0.4063 0.7664 0.0000
vt 0.4219 0.7664 0.0000
vt 0.4219 0.7367 0.0000
vt 0.4375 0.7367 0.0000
vt 0.4375 0.7664 0.0000
vt 0.4531 0.7664 0.0000
vt 0.4531 0.7367 0.0000
vt 0.4688 0.7367 0.0000
vt 0.4688 0.7664 0.0000
vt 0.4844 0.7664 0.0000
vt 0.4844 0.7367 0.0000
vt 0.5000 0.7367 0.0000
vt 0.5000 0.7664 0.0000
vt 0.5156 0.7664 0.0000
vt 0.5156 0.7367 0.0000
vt 0.5313 0.7367 0.0000
vt 0.5313 0.7664 0.0000
vt 0.5469 0.7664 0.0000
vt 0.5469 0.7367 0.0000
vt 0.5625 0.7367 0.0000
vt 0.5625 0.7664 0.0000
vt 0.5781 0.7664 0.0000
vt 0.5781 0.7367 0.0000
vt 0.5938 0.7367 0.0000
vt 0.5938 0.7664 0.0000
vt 0.6094 0.7664 0.0000
vt 0.6094 0.7367 0.0000
vt 0.6250 0.7367 0.0000
vt 0.6250 0.7664 0.0000
vt 0.6406 0.7664 0.0000
vt 0.6406 0.7367 0.0000
vt 0.6563 0.7367 0.0000
vt 0.6563 0.7664 0.0000
vt 0.6719 0.7664 0.0000
vt 0.6719 0.7367 0.0000
vt 0.6875 0.7367 0.0000
vt 0.6875 0.7664 0.0000
vt 0.7031 0.7664 0.0000
vt 0.7031 0.7367 0.0000
vt 0.7188 0.7367 0.0000
vt 0.7188 0.7664 0.0000
vt 0.7344 0.7664 0.0000
vt 0.7344 0.7367 0.0000
vt 0.7656 0.7872 0.0000
vt 0.7656 0.7894 0.0000
vt 0.7500 0.7894 0.0000
vt 0.7500 0.7872 0.0000
vt 0.7656 0.7837 0.0000
vt 0.7500 0.7837 0.0000
vt 0.7812 0.7837 0.0000
vt 0.7812 0.7872 0.0000
vt 0.7812 0.7894 0.0000
vt 0.7969 0.7872 0.0000
vt 0.7969 0.7894 0.0000
vt 0.7969 0.7837 0.0000
vt 0.8125 0.7837 0.0000
vt 0.8125 0.7872 0.0000
vt 0.8125 0.7894 0.0000
vt 0.8281 0.7872 0.0000
vt 0.8281 0.7894 0.0000
vt 0.8281 0.7837 0.0000
vt 0.8437 0.7837 0.0000
vt 0.8437 0.7872 0.0000
vt 0.8437 0.7894 0.0000
vt 0.8594 0.7872 0.0000
vt 0.8594 0.7894 0.0000
vt 0.8594 0.7837 0.0000
vt 0.8750 0.7837 0.0000
vt 0.8750 0.7872 0.0000
vt 0.8750 0.7894 0.0000
vt 0.8906 0.7872 0.0000
vt 0.8906 0.7894 0.0000
vt 0.8906 0.7837 0.0000
vt 0.9062 0.7837 0.0000
vt 0.9062 0.7872 0.0000
vt 0.9062 0.7894 0.0000
vt 0.9219 0.7872 0.0000
vt 0.9219 0.7894 0.0000
vt 0.9219 0.7837 0.0000
vt 0.9375 0.7837 0.0000
vt 0.9375 0.7872 0.0000
vt 0.9375 0.7894 0.0000
vt 0.9531 0.7872 0.0000
vt 0.9531 0.7894 0.0000
vt 0.9531 0.7837 0.0000
vt 0.9687 0.7837 0.0000
vt 0.9687 0.7872 0.0000
vt 0.9688 0.7894 0.0000
vt 0.9844 0.7872 0.0000
vt 0.9844 0.7894 0.0000
vt 0.9844 0.7837 0.0000
vt 1.0000 0.7837 0.0000
vt 1.0000 0.7872 0.0000
vt 1.0000 0.7894 0.0000
vt 0.0156 0.7872 0.0000
vt 0.0156 0.7894 0.0000
vt -0.0000 0.7894 0.0000
vt -0.0000 0.7872 0.0000
vt 0.0156 0.7837 0.0000
vt -0.0000 0.7837 0.0000
vt 0.0312 0.7837 0.0000
vt 0.0312 0.7872 0.0000
vt 0.0312 0.7894 0.0000
vt 0.0469 0.7872 0.0000
vt 0.0469 0.7894 0.0000
vt 0.0469 0.7837 0.0000
vt 0.0625 0.7837 0.0000
vt 0.0625 0.7872 0.0000
vt 0.0625 0.7894 0.0000
vt 0.0781 0.7872 0.0000
vt 0.0781 0.7894 0.0000
vt 0.0781 0.7837 0.0000
vt 0.0937 0.7837 0.0000
vt 0.0937 0.7872 0.0000
vt 0.0937 0.7894 0.0000
vt 0.1094 0.7872 0.0000
vt 0.1094 0.7894 0.0000
vt 0.1094 0.7837 0.0000
vt 0.1250 0.7837 0.0000
vt 0.1250 0.7872 0.0000
vt 0.1250 0.7894 0.0000
vt 0.1406 0.7872 0.0000
vt 0.1406 0.7894 0.0000
vt 0.1406 0.7837 0.0000
vt 0.1562 0.7837 0.0000
vt 0.1562 0.7872 0.0000
vt 0.1562 0.7894 0.0000
vt 0.1719 0.7872 0.0000
vt 0.1719 0.7894 0.0000
vt 0.1719 0.7837 0.0000
vt 0.1875 0.7837 0.0000
vt 0.1875 0.7872 0.0000
vt 0.1875 0.7894 0.0000
vt 0.2031 0.7872 0.0000
vt 0.2031 0.7894 0.0000
vt 0.2031 0.7837 0.0000
vt 0.2188 0.7837 0.0000
vt 0.2188 0.7872 0.0000
vt 0.2188 0.7894 0.0000
vt 0.2344 0.7872 0.0000
vt 0.2344 0.7894 0.0000
vt 0.2344 0.7837 0.0000
vt 0.2500 0.7837 0.0000
vt 0.2500 0.7872 0.0000
vt 0.2500 0.7894 0.0000
vt 0.2656 0.7872 0.0000
vt 0.2656 0.7894 0.0000
vt 0.2656 0.7837 0.0000
vt 0.2813 0.7837 0.0000
vt 0.2813 0.7872 0.0000
vt 0.2813 0.7894 0.0000
vt 0.2969 0.7872 0.0000
vt 0.2969 0.7894 0.0000
vt 0.2969 0.7837 0.0000
vt 0.3125 0.7837 0.0000
vt 0.3125 0.7872 0.0000
vt 0.3125 0.7894 0.0000
vt 0.3281 0.7872 0.0000
vt 0.3281 0.7894 0.0000
vt 0.3281 0.7837 0.0000
vt 0.3438 0.7837 0.0000
vt 0.3438 0.7872 0.0000
vt 0.3438 0.7894 0.0000
vt 0.3594 0.7872 0.0000
vt 0.3594 0.7894 0.0000
vt 0.3594 0.7837 0.0000
vt 0.3750 0.7837 0.0000
vt 0.3750 0.7872 0.0000
vt 0.3750 0.7894 0.0000
vt 0.3906 0.7872 0.0000
vt 0.3906 0.7894 0.0000
vt 0.3906 0.7837 0.0000
vt 0.4063 0.7837 0.0000
vt 0.4063 0.7872 0.0000
vt 0.4063 0.7894 0.0000
vt 0.4219 0.7872 0.0000
vt 0.4219 0.7894 0.0000
vt 0.4219 0.7837 0.0000
vt 0.4375 0.7837 0.0000
vt 0.4375 0.7872 0.0000
vt 0.4375 0.7894 0.0000
vt 0.4531 0.7872 0.0000
vt 0.4531 0.7894 0.0000
vt 0.4531 0.7837 0.0000
vt 0.4688 0.7837 0.0000
vt 0.4688 0.7872 0.0000
vt 0.4688 0.7894 0.0000
vt 0.4844 0.7872 0.0000
vt 0.4844 0.7894 0.0000
vt 0.4844 0.7837 0.0000
vt 0.5000 0.7837 0.0000
vt 0.5000 0.7872 0.0000
vt 0.5000 0.7894 0.0000
vt 0.5156 0.7872 0.0000
vt 0.5156 0.7894 0.0000
vt 0.5156 0.7837 0.0000
vt 0.5313 0.7837 0.0000
vt 0.5313 0.7872 0.0000
vt 0.5313 0.7894 0.0000
vt 0.5469 0.7872 0.0000
vt 0.5469 0.7894 0.0000
vt 0.5469 0.7837 0.0000
vt 0.5625 0.7837 0.0000
vt 0.5625 0.7872 0.0000
vt 0.5625 0.7894 0.0000
vt 0.5781 0.7872 0.0000
vt 0.5781 0.7894 0.0000
vt 0.5781 0.7837 0.0000
vt 0.5938 0.7837 0.0000
vt 0.5938 0.7872 0.0000
vt 0.5938 0.7894 0.0000
vt 0.6094 0.7872 0.0000
vt 0.6094 0.7894 0.0000
vt 0.6094 0.7837 0.0000
vt 0.6250 0.7837 0.0000
vt 0.6250 0.7872 0.0000
vt 0.6250 0.7894 0.0000
vt 0.6406 0.7872 0.0000
vt 0.6406 0.7894 0.0000
vt 0.6406 0.7837 0.0000
vt 0.6563 0.7837 0.0000
vt 0.6563 0.7872 0.0000
vt 0.6563 0.7894 0.0000
vt 0.6719 0.7872 0.0000
vt 0.6719 0.7894 0.0000
vt 0.6719 0.7837 0.0000
vt 0.6875 0.7837 0.0000
vt 0.6875 0.7872 0.0000
vt 0.6875 0.7894 0.0000
vt 0.7031 0.7872 0.0000
vt 0.7031 0.7894 0.0000
vt 0.7031 0.7837 0.0000
vt 0.7188 0.7837 0.0000
vt 0.7188 0.7872 0.0000
vt 0.7188 0.7894 0.0000
vt 0.7344 0.7872 0.0000
vt 0.7344 0.7894 0.0000
vt 0.7344 0.7837 0.0000
vt 0.7656 0.7914 0.0000
vt 0.7656 0.8085 0.0000
vt 0.7500 0.8085 0.0000
vt 0.7500 0.7914 0.0000
vt 0.7813 0.7914 0.0000
vt 0.7813 0.8085 0.0000
vt 0.7969 0.7914 0.0000
vt 0.7969 0.8085 0.0000
vt 0.8125 0.7914 0.0000
vt 0.8125 0.8085 0.0000
vt 0.8281 0.7914 0.0000
vt 0.8281 0.8085 0.0000
vt 0.8437 0.7914 0.0000
vt 0.8437 0.8085 0.0000
vt 0.8594 0.7914 0.0000
vt 0.8594 0.8085 0.0000
vt 0.8750 0.7914 0.0000
vt 0.8750 0.8085 0.0000
vt 0.8906 0.7914 0.0000
vt 0.8906 0.8085 0.0000
vt 0.9062 0.7914 0.0000
vt 0.9062 0.8085 0.0000
vt 0.9219 0.7914 0.0000
vt 0.9219 0.8085 0.0000
vt 0.9375 0.7914 0.0000
vt 0.9375 0.8085 0.0000
vt 0.9531 0.7914 0.0000
vt 0.9531 0.8085 0.0000
vt 0.9688 0.7914 0.0000
vt 0.9688 0.8085 0.0000
vt 0.9844 0.7914 0.0000
vt 0.9844 0.8085 0.0000
vt 1.0000 0.7914 0.0000
vt 1.0000 0.8085 0.0000
vt 0.0156 0.7914 0.0000
vt 0.0156 0.8085 0.0000
vt -0.0000 0.8085 0.0000
vt -0.0000 0.7914 0.0000
vt 0.0312 0.7914 0.0000
vt 0.0312 0.8085 0.0000
vt 0.0469 0.7914 0.0000
vt 0.0469 0.8085 0.0000
vt 0.0625 0.7914 0.0000
vt 0.0625 0.8085 0.0000
vt 0.0781 0.7914 0.0000
vt 0.0781 0.8085 0.0000
vt 0.0937 0.7914 0.0000
vt 0.0937 0.8085 0.0000
vt 0.1094 0.7914 0.0000
vt 0.1094 0.8085 0.0000
vt 0.1250 0.7914 0.0000
vt 0.1250 0.8085 0.0000
vt 0.1406 0.7914 0.0000
vt 0.1406 0.8085 0.0000
vt 0.1562 0.7914 0.0000
vt 0.1562 0.8085 0.0000
vt 0.1719 0.7914 0.0000
vt 0.1719 0.8085 0.0000
vt 0.1875 0.7914 0.0000
vt 0.1875 0.8085 0.0000
vt 0.2031 0.7914 0.0000
vt 0.2031 0.8085 0.0000
vt 0.2188 0.7914 0.0000
vt 0.2188 0.8085 0.0000
vt 0.2344 0.7914 0.0000
vt 0.2344 0.8085 0.0000
vt 0.2500 0.7914 0.0000
vt 0.2500 0.8085 0.0000
vt 0.2656 0.7914 0.0000
vt 0.2656 0.8085 0.0000
vt 0.2813 0.7914 0.0000
vt 0.2813 0.8085 0.0000
vt 0.2969 0.7914 0.0000
vt 0.2969 0.8085 0.0000
vt 0.3125 0.7914 0.0000
vt 0.3125 0.8085 0.0000
vt 0.3281 0.7914 0.0000
vt 0.3281 0.8085 0.0000
vt 0.3438 0.7914 0.0000
vt 0.3438 0.8085 0.0000
vt 0.3594 0.7914 0.0000
vt 0.3594 0.8085 0.0000
vt 0.3750 0.7914 0.0000
vt 0.3750 0.8085 0.0000
vt 0.3906 0.7914 0.0000
vt 0.3906 0.8085 0.0000
vt 0.4063 0.7914 0.0000
vt 0.4063 0.8085 0.0000
vt 0.4219 0.7914 0.0000
vt 0.4219 0.8085 0.0000
vt 0.4375 0.7914 0.0000
vt 0.4375 0.8085 0.0000
vt 0.4531 0.7914 0.0000
vt 0.4531 0.8085 0.0000
vt 0.4688 0.7914 0.0000
vt 0.4688 0.8085 0.0000
vt 0.4844 0.7914 0.0000
vt 0.4844 0.8085 0.0000
vt 0.5000 0.7914 0.0000
vt 0.5000 0.8085 0.0000
vt 0.5156 0.7914 0.0000
vt 0.5156 0.8085 0.0000
vt 0.5313 0.7914 0.0000
vt 0.5313 0.8085 0.0000
vt 0.5469 0.7914 0.0000
vt 0.5469 0.8085 0.0000
vt 0.5625 0.7914 0.0000
vt 0.5625 0.8085 0.0000
vt 0.5781 0.7914 0.0000
vt 0.5781 0.8085 0.0000
vt 0.5938 0.7914 0.0000
vt 0.5938 0.8085 0.0000
vt 0.6094 0.7914 0.0000
vt 0.6094 0.8085 0.0000
vt 0.6250 0.7914 0.0000
vt 0.6250 0.8085 0.0000
vt 0.6406 0.7914 0.0000
vt 0.6406 0.8085 0.0000
vt 0.6563 0.7914 0.0000
vt 0.6563 0.8085 0.0000
vt 0.6719 0.7914 0.0000
vt 0.6719 0.8085 0.0000
vt 0.6875 0.7914 0.0000
vt 0.6875 0.8085 0.0000
vt 0.7031 0.7914 0.0000
vt 0.7031 0.8085 0.0000
vt 0.7188 0.7914 0.0000
vt 0.7188 0.8085 0.0000
vt 0.7344 0.7914 0.0000
vt 0.7344 0.8085 0.0000
vt 0.7656 0.7779 0.0000
vt 0.7812 0.7779 0.0000
vt 0.7500 0.7779 0.0000
vt 0.7969 0.7779 0.0000
vt 0.8125 0.7779 0.0000
vt 0.8281 0.7779 0.0000
vt 0.8437 0.7779 0.0000
vt 0.8594 0.7779 0.0000
vt 0.8750 0.7779 0.0000
vt 0.8906 0.7779 0.0000
vt 0.9062 0.7779 0.0000
vt 0.9219 0.7779 0.0000
vt 0.9375 0.7779 0.0000
vt 0.9531 0.7779 0.0000
vt 0.9687 0.7779 0.0000
vt 0.9844 0.7779 0.0000
vt 1.0000 0.7779 0.0000
vt 0.0156 0.7779 0.0000
vt 0.0312 0.7779 0.0000
vt -0.0000 0.7779 0.0000
vt 0.0469 0.7779 0.0000
vt 0.0625 0.7779 0.0000
vt 0.0781 0.7779 0.0000
vt 0.0937 0.7779 0.0000
vt 0.1094 0.7779 0.0000
vt 0.1250 0.7779 0.0000
vt 0.1406 0.7779 0.0000
vt 0.1562 0.7779 0.0000
vt 0.1719 0.7779 0.0000
vt 0.1875 0.7779 0.0000
vt 0.2031 0.7779 0.0000
vt 0.2188 0.7779 0.0000
vt 0.2344 0.7779 0.0000
vt 0.2500 0.7779 0.0000
vt 0.2656 0.7779 0.0000
vt 0.2813 0.7779 0.0000
vt 0.2969 0.7779 0.0000
vt 0.3125 0.7779 0.0000
vt 0.3281 0.7779 0.0000
vt 0.3438 0.7779 0.0000
vt 0.3594 0.7779 0.0000
vt 0.3750 0.7779 0.0000
vt 0.3906 0.7779 0.0000
vt 0.4063 0.7779 0.0000
vt 0.4219 0.7779 0.0000
vt 0.4375 0.7779 0.0000
vt 0.4531 0.7779 0.0000
vt 0.4688 0.7779 0.0000
vt 0.4844 0.7779 0.0000
vt 0.5000 0.7779 0.0000
vt 0.5156 0.7779 0.0000
vt 0.5313 0.7779 0.0000
vt 0.5469 0.7779 0.0000
vt 0.5625 0.7779 0.0000
vt 0.5781 0.7779 0.0000
vt 0.5938 0.7779 0.0000
vt 0.6094 0.7779 0.0000
vt 0.6250 0.7779 0.0000
vt 0.6406 0.7779 0.0000
vt 0.6563 0.7779 0.0000
vt 0.6719 0.7779 0.0000
vt 0.6875 0.7779 0.0000
vt 0.7031 0.7779 0.0000
vt 0.7188 0.7779 0.0000
vt 0.7344 0.7779 0.0000
vt 0.7656 1.0542 0.0000
vt 0.7813 1.0542 0.0000
vt 0.7500 1.0542 0.0000
vt 0.7656 1.0512 0.0000
vt 0.7500 1.0512 0.0000
vt 0.7813 1.0512 0.0000
vt 0.7344 1.0542 0.0000
vt 0.7188 1.0542 0.0000
vt 0.7344 1.0512 0.0000
vt 0.7188 1.0512 0.0000
vt 0.7031 1.0542 0.0000
vt 0.6875 1.0542 0.0000
vt 0.7031 1.0512 0.0000
vt 0.6875 1.0512 0.0000
vt 0.6719 1.0542 0.0000
vt 0.6563 1.0542 0.0000
vt 0.6719 1.0512 0.0000
vt 0.6563 1.0512 0.0000
vt 0.6406 1.0542 0.0000
vt 0.6250 1.0542 0.0000
vt 0.6406 1.0512 0.0000
vt 0.6250 1.0512 0.0000
vt 0.6094 1.0542 0.0000
vt 0.5938 1.0542 0.0000
vt 0.6094 1.0512 0.0000
vt 0.5938 1.0512 0.0000
vt 0.5781 1.0542 0.0000
vt 0.5625 1.0542 0.0000
vt 0.5781 1.0512 0.0000
vt 0.5625 1.0512 0.0000
vt 0.5469 1.0542 0.0000
vt 0.5313 1.0542 0.0000
vt 0.5469 1.0512 0.0000
vt 0.5313 1.0512 0.0000
vt 0.5156 1.0542 0.0000
vt 0.5000 1.0542 0.0000
vt 0.5156 1.0512 0.0000
vt 0.5000 1.0512 0.0000
vt 0.4844 1.0542 0.0000
vt 0.4688 1.0542 0.0000
vt 0.4844 1.0512 0.0000
vt 0.4688 1.0512 0.0000
vt 0.4531 1.0542 0.0000
vt 0.4375 1.0542 0.0000
vt 0.4531 1.0512 0.0000
vt 0.4375 1.0512 0.0000
vt 0.4219 1.0542 0.0000
vt 0.4063 1.0542 0.0000
vt 0.4219 1.0512 0.0000
vt 0.4063 1.0512 0.0000
vt 0.3906 1.0542 0.0000
vt 0.3750 1.0542 0.0000
vt 0.3906 1.0512 0.0000
vt 0.3750 1.0512 0.0000
vt 0.3594 1.0542 0.0000
vt 0.3438 1.0542 0.0000
vt 0.3594 1.0512 0.0000
vt 0.3438 1.0512 0.0000
vt 0.3281 1.0542 0.0000
vt 0.3125 1.0542 0.0000
vt 0.3281 1.0512 0.0000
vt 0.3125 1.0512 0.0000
vt 0.2969 1.0542 0.0000
vt 0.2813 1.0542 0.0000
vt 0.2969 1.0512 0.0000
vt 0.2813 1.0512 0.0000
vt 0.2656 1.0542 0.0000
vt 0.2500 1.0542 0.0000
vt 0.2656 1.0512 0.0000
vt 0.2500 1.0512 0.0000
vt 0.2344 1.0542 0.0000
vt 0.2188 1.0542 0.0000
vt 0.2344 1.0512 0.0000
vt 0.2188 1.0512 0.0000
vt 0.2031 1.0542 0.0000
vt 0.1875 1.0542 0.0000
vt 0.2031 1.0512 0.0000
vt 0.1875 1.0512 0.0000
vt 0.1719 1.0542 0.0000
vt 0.1563 1.0542 0.0000
vt 0.1719 1.0512 0.0000
vt 0.1562 1.0512 0.0000
vt 0.1406 1.0542 0.0000
vt 0.1250 1.0542 0.0000
vt 0.1406 1.0512 0.0000
vt 0.1250 1.0512 0.0000
vt 0.1094 1.0542 0.0000
vt 0.0937 1.0542 0.0000
vt 0.1094 1.0512 0.0000
vt 0.0937 1.0512 0.0000
vt 0.0781 1.0542 0.0000
vt 0.0625 1.0542 0.0000
vt 0.0781 1.0512 0.0000
vt 0.0625 1.0512 0.0000
vt 0.0469 1.0542 0.0000
vt 0.0312 1.0542 0.0000
vt 0.0469 1.0512 0.0000
vt 0.0312 1.0512 0.0000
vt 0.0156 1.0542 0.0000
vt -0.0000 1.0542 0.0000
vt 0.0156 1.0512 0.0000
vt -0.0000 1.0512 0.0000
vt 0.9844 1.0542 0.0000
vt 1.0000 1.0542 0.0000
vt 0.9688 1.0542 0.0000
vt 0.9844 1.0512 0.0000
vt 0.9688 1.0512 0.0000
vt 1.0000 1.0512 0.0000
vt 0.9531 1.0542 0.0000
vt 0.9375 1.0542 0.0000
vt 0.9531 1.0512 0.0000
vt 0.9375 1.0512 0.0000
vt 0.9219 1.0542 0.0000
vt 0.9062 1.0542 0.0000
vt 0.9219 1.0512 0.0000
vt 0.9062 1.0512 0.0000
vt 0.8906 1.0542 0.0000
vt 0.8750 1.0542 0.0000
vt 0.8906 1.0512 0.0000
vt 0.8750 1.0512 0.0000
vt 0.8594 1.0542 0.0000
vt 0.8437 1.0542 0.0000
vt 0.8594 1.0512 0.0000
vt 0.8437 1.0512 0.0000
vt 0.8281 1.0542 0.0000
vt 0.8125 1.0542 0.0000
vt 0.8281 1.0512 0.0000
vt 0.8125 1.0512 0.0000
vt 0.7969 1.0542 0.0000
vt 0.7969 1.0512 0.0000
vt 0.7656 -0.0533 0.0000
vt 0.7656 -0.0529 0.0000
vt 0.7500 -0.0529 0.0000
vt 0.7500 -0.0533 0.0000
vt 0.7656 -0.0534 0.0000
vt 0.7500 -0.0534 0.0000
vt 0.7812 -0.0534 0.0000
vt 0.7812 -0.0533 0.0000
vt 0.7812 -0.0529 0.0000
vt 0.7969 -0.0533 0.0000
vt 0.7969 -0.0529 0.0000
vt 0.7969 -0.0534 0.0000
vt 0.8125 -0.0534 0.0000
vt 0.8125 -0.0533 0.0000
vt 0.8125 -0.0529 0.0000
vt 0.8281 -0.0533 0.0000
vt 0.8281 -0.0529 0.0000
vt 0.8281 -0.0534 0.0000
vt 0.8437 -0.0534 0.0000
vt 0.8437 -0.0533 0.0000
vt 0.8437 -0.0529 0.0000
vt 0.8594 -0.0533 0.0000
vt 0.8594 -0.0529 0.0000
vt 0.8594 -0.0534 0.0000
vt 0.8750 -0.0534 0.0000
vt 0.8750 -0.0533 0.0000
vt 0.8750 -0.0529 0.0000
vt 0.8906 -0.0533 0.0000
vt 0.8906 -0.0529 0.0000
vt 0.8906 -0.0534 0.0000
vt 0.9062 -0.0534 0.0000
vt 0.9062 -0.0533 0.0000
vt 0.9062 -0.0529 0.0000
vt 0.9219 -0.0533 0.0000
vt 0.9219 -0.0529 0.0000
vt 0.9219 -0.0534 0.0000
vt 0.9375 -0.0534 0.0000
vt 0.9375 -0.0533 0.0000
vt 0.9375 -0.0529 0.0000
vt 0.9531 -0.0533 0.0000
vt 0.9531 -0.0529 0.0000
vt 0.9531 -0.0534 0.0000
vt 0.9687 -0.0534 0.0000
vt 0.9687 -0.0533 0.0000
vt 0.9687 -0.0529 0.0000
vt 0.9844 -0.0533 0.0000
vt 0.9844 -0.0529 0.0000
vt 0.9844 -0.0534 0.0000
vt 1.0000 -0.0534 0.0000
vt 1.0000 -0.0533 0.0000
vt 1.0000 -0.0529 0.0000
vt 0.0156 -0.0533 0.0000
vt 0.0156 -0.0529 0.0000
vt -0.0000 -0.0529 0.0000
vt -0.0000 -0.0533 0.0000
vt 0.0156 -0.0534 0.0000
vt -0.0000 -0.0534 0.0000
vt 0.0312 -0.0534 0.0000
vt 0.0312 -0.0533 0.0000
vt 0.0312 -0.0529 0.0000
vt 0.0469 -0.0533 0.0000
vt 0.0469 -0.0529 0.0000
vt 0.0469 -0.0534 0.0000
vt 0.0625 -0.0534 0.0000
vt 0.0625 -0.0533 0.0000
vt 0.0625 -0.0529 0.0000
vt 0.0781 -0.0533 0.0000
vt 0.0781 -0.0529 0.0000
vt 0.0781 -0.0534 0.0000
vt 0.0937 -0.0534 0.0000
vt 0.0937 -0.0533 0.0000
vt 0.0937 -0.0529 0.0000
vt 0.1094 -0.0533 0.0000
vt 0.1094 -0.0529 0.0000
vt 0.1094 -0.0534 0.0000
vt 0.1250 -0.0534 0.0000
vt 0.1250 -0.0533 0.0000
vt 0.1250 -0.0529 0.0000
vt 0.1406 -0.0533 0.0000
vt 0.1406 -0.0529 0.0000
vt 0.1406 -0.0534 0.0000
vt 0.1562 -0.0534 0.0000
vt 0.1562 -0.0533 0.0000
vt 0.1562 -0.0529 0.0000
vt 0.1719 -0.0533 0.0000
vt 0.1719 -0.0529 0.0000
vt 0.1719 -0.0534 0.0000
vt 0.1875 -0.0534 0.0000
vt 0.1875 -0.0533 0.0000
vt 0.1875 -0.0529 0.0000
vt 0.2031 -0.0533 0.0000
vt 0.2031 -0.0529 0.0000
vt 0.2031 -0.0534 0.0000
vt 0.2188 -0.0534 0.0000
vt 0.2188 -0.0533 0.0000
vt 0.2188 -0.0529 0.0000
vt 0.2344 -0.0533 0.0000
vt 0.2344 -0.0529 0.0000
vt 0.2344 -0.0534 0.0000
vt 0.2500 -0.0534 0.0000
vt 0.2500 -0.0533 0.0000
vt 0.2500 -0.0529 0.0000
vt 0.2656 -0.0533 0.0000
vt 0.2656 -0.0529 0.0000
vt 0.2656 -0.0534 0.0000
vt 0.2813 -0.0534 0.0000
vt 0.2813 -0.0533 0.0000
vt 0.2813 -0.0529 0.0000
vt 0.2969 -0.0533 0.0000
vt 0.2969 -0.0529 0.0000
vt 0.2969 -0.0534 0.0000
vt 0.3125 -0.0534 0.0000
vt 0.3125 -0.0533 0.0000
vt 0.3125 -0.0529 0.0000
vt 0.3281 -0.0533 0.0000
vt 0.3281 -0.0529 0.0000
vt 0.3281 -0.0534 0.0000
vt 0.3438 -0.0534 0.0000
vt 0.3438 -0.0533 0.0000
vt 0.3438 -0.0529 0.0000
vt 0.3594 -0.0533 0.0000
vt 0.3594 -0.0529 0.0000
vt 0.3594 -0.0534 0.0000
vt 0.3750 -0.0534 0.0000
vt 0.3750 -0.0533 0.0000
vt 0.3750 -0.0529 0.0000
vt 0.3906 -0.0533 0.0000
vt 0.3906 -0.0529 0.0000
vt 0.3906 -0.0534 0.0000
vt 0.4063 -0.0534 0.0000
vt 0.4063 -0.0533 0.0000
vt 0.4063 -0.0529 0.0000
vt 0.4219 -0.0533 0.0000
vt 0.4219 -0.0529 0.0000
vt 0.4219 -0.0534 0.0000
vt 0.4375 -0.0534 0.0000
vt 0.4375 -0.0533 0.0000
vt 0.4375 -0.0529 0.0000
vt 0.4531 -0.0533 0.0000
vt 0.4531 -0.0529 0.0000
vt 0.4531 -0.0534 0.0000
vt 0.4688 -0.0534 0.0000
vt 0.4688 -0.0533 0.0000
vt 0.4688 -0.0529 0.0000
vt 0.4844 -0.0533 0.0000
vt 0.4844 -0.0529 0.0000
vt 0.4844 -0.0534 0.0000
vt 0.5000 -0.0534 0.0000
vt 0.5000 -0.0533 0.0000
vt 0.5000 -0.0529 0.0000
vt 0.5156 -0.0533 0.0000
vt 0.5156 -0.0529 0.0000
vt 0.5156 -0.0534 0.0000
vt 0.5313 -0.0534 0.0000
vt 0.5313 -0.0533 0.0000
vt 0.5313 -0.0529 0.0000
vt 0.5469 -0.0533 0.0000
vt 0.5469 -0.0529 0.0000
vt 0.5469 -0.0534 0.0000
vt 0.5625 -0.0534 0.0000
vt 0.5625 -0.0533 0.0000
vt 0.5625 -0.0529 0.0000
vt 0.5781 -0.0533 0.0000
vt 0.5781 -0.0529 0.0000
vt 0.5781 -0.0534 0.0000
vt 0.5938 -0.0534 0.0000
vt 0.5938 -0.0533 0.0000
vt 0.5938 -0.0529 0.0000
vt 0.6094 -0.0533 0.0000
vt 0.6094 -0.0529 0.0000
vt 0.6094 -0.0534 0.0000
vt 0.6250 -0.0534 0.0000
vt 0.6250 -0.0533 0.0000
vt 0.6250 -0.0529 0.0000
vt 0.6406 -0.0533 0.0000
vt 0.6406 -0.0529 0.0000
vt 0.6406 -0.0534 0.0000
vt 0.6563 -0.0534 0.0000
vt 0.6563 -0.0533 0.0000
vt 0.6563 -0.0529 0.0000
vt 0.6719 -0.0533 0.0000
vt 0.6719 -0.0529 0.0000
vt 0.6719 -0.0534 0.0000
vt 0.6875 -0.0534 0.0000
vt 0.6875 -0.0533 0.0000
vt 0.6875 -0.0529 0.0000
vt 0.7031 -0.0533 0.0000
vt 0.7031 -0.0529 0.0000
vt 0.7031 -0.0534 0.0000
vt 0.7188 -0.0534 0.0000
vt 0.7188 -0.0533 0.0000
vt 0.7188 -0.0529 0.0000
vt 0.7344 -0.0533 0.0000
vt 0.7344 -0.0529 0.0000
vt 0.7344 -0.0534 0.0000
vt 0.7656 -0.0519 0.0000
vt 0.7500 -0.0519 0.0000
vt 0.7812 -0.0519 0.0000
vt 0.7969 -0.0519 0.0000
vt 0.8125 -0.0519 0.0000
vt 0.8281 -0.0519 0.0000
vt 0.8437 -0.0519 0.0000
vt 0.8594 -0.0519 0.0000
vt 0.8750 -0.0519 0.0000
vt 0.8906 -0.0519 0.0000
vt 0.9062 -0.0519 0.0000
vt 0.9219 -0.0519 0.0000
vt 0.9375 -0.0519 0.0000
vt 0.9531 -0.0519 0.0000
vt 0.9687 -0.0519 0.0000
vt 0.9844 -0.0519 0.0000
vt 1.0000 -0.0519 0.0000
vt 0.0156 -0.0519 0.0000
vt -0.0000 -0.0519 0.0000
vt 0.0312 -0.0519 0.0000
vt 0.0469 -0.0519 0.0000
vt 0.0625 -0.0519 0.0000
vt 0.0781 -0.0519 0.0000
vt 0.0937 -0.0519 0.0000
vt 0.1094 -0.0519 0.0000
vt 0.1250 -0.0519 0.0000
vt 0.1406 -0.0519 0.0000
vt 0.1562 -0.0519 0.0000
vt 0.1719 -0.0519 0.0000
vt 0.1875 -0.0519 0.0000
vt 0.2031 -0.0519 0.0000
vt 0.2188 -0.0519 0.0000
vt 0.2344 -0.0519 0.0000
vt 0.2500 -0.0519 0.0000
vt 0.2656 -0.0519 0.0000
vt 0.2813 -0.0519 0.0000
vt 0.2969 -0.0519 0.0000
vt 0.3125 -0.0519 0.0000
vt 0.3281 -0.0519 0.0000
vt 0.3438 -0.0519 0.0000
vt 0.3594 -0.0519 0.0000
vt 0.3750 -0.0519 0.0000
vt 0.3906 -0.0519 0.0000
vt 0.4063 -0.0519 0.0000
vt 0.4219 -0.0519 0.0000
vt 0.4375 -0.0519 0.0000
vt 0.4531 -0.0519 0.0000
vt 0.4688 -0.0519 0.0000
vt 0.4844 -0.0519 0.0000
vt 0.5000 -0.0519 0.0000
vt 0.5156 -0.0519 0.0000
vt 0.5313 -0.0519 0.0000
vt 0.5469 -0.0519 0.0000
vt 0.5625 -0.0519 0.0000
vt 0.5781 -0.0519 0.0000
vt 0.5938 -0.0519 0.0000
vt 0.6094 -0.0519 0.0000
vt 0.6250 -0.0519 0.0000
vt 0.6406 -0.0519 0.0000
vt 0.6563 -0.0519 0.0000
vt 0.6719 -0.0519 0.0000
vt 0.6875 -0.0519 0.0000
vt 0.7031 -0.0519 0.0000
vt 0.7188 -0.0519 0.0000
vt 0.7344 -0.0519 0.0000
vt 0.7656 0.1767 0.0000
vt 0.7812 0.1767 0.0000
vt 0.7656 0.3625 0.0000
vt 0.7813 0.3625 0.0000
vt 0.7500 0.3625 0.0000
vt 0.7500 0.1767 0.0000
vt 0.7969 0.1767 0.0000
vt 0.8125 0.1767 0.0000
vt 0.7969 0.3625 0.0000
vt 0.8125 0.3625 0.0000
vt 0.8281 0.1767 0.0000
vt 0.8437 0.1767 0.0000
vt 0.8281 0.3625 0.0000
vt 0.8437 0.3625 0.0000
vt 0.8594 0.1767 0.0000
vt 0.8750 0.1767 0.0000
vt 0.8594 0.3625 0.0000
vt 0.8750 0.3625 0.0000
vt 0.8906 0.1767 0.0000
vt 0.9062 0.1767 0.0000
vt 0.8906 0.3625 0.0000
vt 0.9062 0.3625 0.0000
vt 0.9219 0.1767 0.0000
vt 0.9375 0.1767 0.0000
vt 0.9219 0.3625 0.0000
vt 0.9375 0.3625 0.0000
vt 0.9531 0.1767 0.0000
vt 0.9687 0.1767 0.0000
vt 0.9531 0.3625 0.0000
vt 0.9687 0.3625 0.0000
vt 0.9844 0.1767 0.0000
vt 1.0000 0.1767 0.0000
vt 0.9844 0.3625 0.0000
vt 1.0000 0.3625 0.0000
vt 0.0156 0.1767 0.0000
vt 0.0312 0.1767 0.0000
vt 0.0156 0.3625 0.0000
vt 0.0312 0.3625 0.0000
vt -0.0000 0.3625 0.0000
vt -0.0000 0.1767 0.0000
vt 0.0469 0.1767 0.0000
vt 0.0625 0.1767 0.0000
vt 0.0469 0.3625 0.0000
vt 0.0625 0.3625 0.0000
vt 0.0781 0.1767 0.0000
vt 0.0937 0.1767 0.0000
vt 0.0781 0.3625 0.0000
vt 0.0937 0.3625 0.0000
vt 0.1094 0.1767 0.0000
vt 0.1250 0.1767 0.0000
vt 0.1094 0.3625 0.0000
vt 0.1250 0.3625 0.0000
vt 0.1406 0.1767 0.0000
vt 0.1562 0.1767 0.0000
vt 0.1406 0.3625 0.0000
vt 0.1562 0.3625 0.0000
vt 0.1719 0.1767 0.0000
vt 0.1875 0.1767 0.0000
vt 0.1719 0.3625 0.0000
vt 0.1875 0.3625 0.0000
vt 0.2031 0.1767 0.0000
vt 0.2188 0.1767 0.0000
vt 0.2031 0.3625 0.0000
vt 0.2188 0.3625 0.0000
vt 0.2344 0.1767 0.0000
vt 0.2500 0.1767 0.0000
vt 0.2344 0.3625 0.0000
vt 0.2500 0.3625 0.0000
vt 0.2656 0.1767 0.0000
vt 0.2813 0.1767 0.0000
vt 0.2656 0.3625 0.0000
vt 0.2813 0.3625 0.0000
vt 0.2969 0.1767 0.0000
vt 0.3125 0.1767 0.0000
vt 0.2969 0.3625 0.0000
vt 0.3125 0.3625 0.0000
vt 0.3281 0.1767 0.0000
vt 0.3438 0.1767 0.0000
vt 0.3281 0.3625 0.0000
vt 0.3438 0.3625 0.0000
vt 0.3594 0.1767 0.0000
vt 0.3750 0.1767 0.0000
vt 0.3594 0.3625 0.0000
vt 0.3750 0.3625 0.0000
vt 0.3906 0.1767 0.0000
vt 0.4063 0.1767 0.0000
vt 0.3906 0.3625 0.0000
vt 0.4063 0.3625 0.0000
vt 0.4219 0.1767 0.0000
vt 0.4375 0.1767 0.0000
vt 0.4219 0.3625 0.0000
vt 0.4375 0.3625 0.0000
vt 0.4531 0.1767 0.0000
vt 0.4688 0.1767 0.0000
vt 0.4531 0.3625 0.0000
vt 0.4688 0.3625 0.0000
vt 0.4844 0.1767 0.0000
vt 0.5000 0.1767 0.0000
vt 0.4844 0.3625 0.0000
vt 0.5000 0.3625 0.0000
vt 0.5156 0.1767 0.0000
vt 0.5313 0.1767 0.0000
vt 0.5156 0.3625 0.0000
vt 0.5313 0.3625 0.0000
vt 0.5469 0.1767 0.0000
vt 0.5625 0.1767 0.0000
vt 0.5469 0.3625 0.0000
vt 0.5625 0.3625 0.0000
vt 0.5781 0.1767 0.0000
vt 0.5938 0.1767 0.0000
vt 0.5781 0.3625 0.0000
vt 0.5938 0.3625 0.0000
vt 0.6094 0.1767 0.0000
vt 0.6250 0.1767 0.0000
vt 0.6094 0.3625 0.0000
vt 0.6250 0.3625 0.0000
vt 0.6406 0.1767 0.0000
vt 0.6563 0.1767 0.0000
vt 0.6406 0.3625 0.0000
vt 0.6563 0.3625 0.0000
vt 0.6719 0.1767 0.0000
vt 0.6875 0.1767 0.0000
vt 0.6719 0.3625 0.0000
vt 0.6875 0.3625 0.0000
vt 0.7031 0.1767 0.0000
vt 0.7188 0.1767 0.0000
vt 0.7031 0.3625 0.0000
vt 0.7188 0.3625 0.0000
vt 0.7344 0.1767 0.0000
vt 0.7344 0.3625 0.0000
vt 0.7656 -0.0537 0.0000
vt 0.7500 -0.0537 0.0000
vt 0.7812 -0.0537 0.0000
vt 0.7969 -0.0537 0.0000
vt 0.8125 -0.0537 0.0000
vt 0.8281 -0.0537 0.0000
vt 0.8437 -0.0537 0.0000
vt 0.8594 -0.0537 0.0000
vt 0.8750 -0.0537 0.0000
vt 0.8906 -0.0537 0.0000
vt 0.9062 -0.0537 0.0000
vt 0.9219 -0.0537 0.0000
vt 0.9375 -0.0537 0.0000
vt 0.9531 -0.0537 0.0000
vt 0.9687 -0.0537 0.0000
vt 0.9844 -0.0537 0.0000
vt 1.0000 -0.0537 0.0000
vt 0.0156 -0.0537 0.0000
vt -0.0000 -0.0537 0.0000
vt 0.0312 -0.0537 0.0000
vt 0.0469 -0.0537 0.0000
vt 0.0625 -0.0537 0.0000
vt 0.0781 -0.0537 0.0000
vt 0.0937 -0.0537 0.0000
vt 0.1094 -0.0537 0.0000
vt 0.1250 -0.0537 0.0000
vt 0.1406 -0.0537 0.0000
vt 0.1562 -0.0537 0.0000
vt 0.1719 -0.0537 0.0000
vt 0.1875 -0.0537 0.0000
vt 0.2031 -0.0537 0.0000
vt 0.2188 -0.0537 0.0000
vt 0.2344 -0.0537 0.0000
vt 0.2500 -0.0537 0.0000
vt 0.2656 -0.0537 0.0000
vt 0.2813 -0.0537 0.0000
vt 0.2969 -0.0537 0.0000
vt 0.3125 -0.0537 0.0000
vt 0.3281 -0.0537 0.0000
vt 0.3438 -0.0537 0.0000
vt 0.3594 -0.0537 0.0000
vt 0.3750 -0.0537 0.0000
vt 0.3906 -0.0537 0.0000
vt 0.4063 -0.0537 0.0000
vt 0.4219 -0.0537 0.0000
vt 0.4375 -0.0537 0.0000
vt 0.4531 -0.0537 0.0000
vt 0.4688 -0.0537 0.0000
vt 0.4844 -0.0537 0.0000
vt 0.5000 -0.0537 0.0000
vt 0.5156 -0.0537 0.0000
vt 0.5313 -0.0537 0.0000
vt 0.5469 -0.0537 0.0000
vt 0.5625 -0.0537 0.0000
vt 0.5781 -0.0537 0.0000
vt 0.5938 -0.0537 0.0000
vt 0.6094 -0.0537 0.0000
vt 0.6250 -0.0537 0.0000
vt 0.6406 -0.0537 0.0000
vt 0.6563 -0.0537 0.0000
vt 0.6719 -0.0537 0.0000
vt 0.6875 -0.0537 0.0000
vt 0.7031 -0.0537 0.0000
vt 0.7188 -0.0537 0.0000
vt 0.7344 -0.0537 0.0000
vt 0.7656 0.4708 0.0000
vt 0.7812 0.4708 0.0000
vt 0.7656 0.5509 0.0000
vt 0.7813 0.5509 0.0000
vt 0.7500 0.5509 0.0000
vt 0.7500 0.4708 0.0000
vt 0.7969 0.4708 0.0000
vt 0.8125 0.4708 0.0000
vt 0.7969 0.5509 0.0000
vt 0.8125 0.5509 0.0000
vt 0.8281 0.4708 0.0000
vt 0.8437 0.4708 0.0000
vt 0.8281 0.5509 0.0000
vt 0.8437 0.5509 0.0000
vt 0.8594 0.4708 0.0000
vt 0.8750 0.4708 0.0000
vt 0.8594 0.5509 0.0000
vt 0.8750 0.5509 0.0000
vt 0.8906 0.4708 0.0000
vt 0.9062 0.4708 0.0000
vt 0.8906 0.5509 0.0000
vt 0.9062 0.5509 0.0000
vt 0.9219 0.4708 0.0000
vt 0.9375 0.4708 0.0000
vt 0.9219 0.5509 0.0000
vt 0.9375 0.5509 0.0000
vt 0.9531 0.4708 0.0000
vt 0.9687 0.4708 0.0000
vt 0.9531 0.5509 0.0000
vt 0.9687 0.5509 0.0000
vt 0.9844 0.4708 0.0000
vt 1.0000 0.4708 0.0000
vt 0.9844 0.5509 0.0000
vt 1.0000 0.5509 0.0000
vt 0.0156 0.4708 0.0000
vt 0.0312 0.4708 0.0000
vt 0.0156 0.5509 0.0000
vt 0.0312 0.5509 0.0000
vt -0.0000 0.5509 0.0000
vt -0.0000 0.4708 0.0000
vt 0.0469 0.4708 0.0000
vt 0.0625 0.4708 0.0000
vt 0.0469 0.5509 0.0000
vt 0.0625 0.5509 0.0000
vt 0.0781 0.4708 0.0000
vt 0.0937 0.4708 0.0000
vt 0.0781 0.5509 0.0000
vt 0.0937 0.5509 0.0000
vt 0.1094 0.4708 0.0000
vt 0.1250 0.4708 0.0000
vt 0.1094 0.5509 0.0000
vt 0.1250 0.5509 0.0000
vt 0.1406 0.4708 0.0000
vt 0.1562 0.4708 0.0000
vt 0.1406 0.5509 0.0000
vt 0.1562 0.5509 0.0000
vt 0.1719 0.4708 0.0000
vt 0.1875 0.4708 0.0000
vt 0.1719 0.5509 0.0000
vt 0.1875 0.5509 0.0000
vt 0.2031 0.4708 0.0000
vt 0.2188 0.4708 0.0000
vt 0.2031 0.5509 0.0000
vt 0.2188 0.5509 0.0000
vt 0.2344 0.4708 0.0000
vt 0.2500 0.4708 0.0000
vt 0.2344 0.5509 0.0000
vt 0.2500 0.5509 0.0000
vt 0.2656 0.4708 0.0000
vt 0.2813 0.4708 0.0000
vt 0.2656 0.5509 0.0000
vt 0.2813 0.5509 0.0000
vt 0.2969 0.4708 0.0000
vt 0.3125 0.4708 0.0000
vt 0.2969 0.5509 0.0000
vt 0.3125 0.5509 0.0000
vt 0.3281 0.4708 0.0000
vt 0.3438 0.4708 0.0000
vt 0.3281 0.5509 0.0000
vt 0.3438 0.5509 0.0000
vt 0.3594 0.4708 0.0000
vt 0.3750 0.4708 0.0000
vt 0.3594 0.5509 0.0000
vt 0.3750 0.5509 0.0000
vt 0.3906 0.4708 0.0000
vt 0.4063 0.4708 0.0000
vt 0.3906 0.5509 0.0000
vt 0.4063 0.5509 0.0000
vt 0.4219 0.4708 0.0000
vt 0.4375 0.4708 0.0000
vt 0.4219 0.5509 0.0000
vt 0.4375 0.5509 0.0000
vt 0.4531 0.4708 0.0000
vt 0.4688 0.4708 0.0000
vt 0.4531 0.5509 0.0000
vt 0.4688 0.5509 0.0000
vt 0.4844 0.4708 0.0000
vt 0.5000 0.4708 0.0000
vt 0.4844 0.5509 0.0000
vt 0.5000 0.5509 0.0000
vt 0.5156 0.4708 0.0000
vt 0.5313 0.4708 0.0000
vt 0.5156 0.5509 0.0000
vt 0.5313 0.5509 0.0000
vt 0.5469 0.4708 0.0000
vt 0.5625 0.4708 0.0000
vt 0.5469 0.5509 0.0000
vt 0.5625 0.5509 0.0000
vt 0.5781 0.4708 0.0000
vt 0.5938 0.4708 0.0000
vt 0.5781 0.5509 0.0000
vt 0.5938 0.5509 0.0000
vt 0.6094 0.4708 0.0000
vt 0.6250 0.4708 0.0000
vt 0.6094 0.5509 0.0000
vt 0.6250 0.5509 0.0000
vt 0.6406 0.4708 0.0000
vt 0.6563 0.4708 0.0000
vt 0.6406 0.5509 0.0000
vt 0.6563 0.5509 0.0000
vt 0.6719 0.4708 0.0000
vt 0.6875 0.4708 0.0000
vt 0.6719 0.5509 0.0000
vt 0.6875 0.5509 0.0000
vt 0.7031 0.4708 0.0000
vt 0.7188 0.4708 0.0000
vt 0.7031 0.5509 0.0000
vt 0.7188 0.5509 0.0000
vt 0.7344 0.4708 0.0000
vt 0.7344 0.5509 0.0000
vt 0.7656 0.6522 0.0000
vt 0.7812 0.6522 0.0000
vt 0.7500 0.6522 0.0000
vt 0.7969 0.6522 0.0000
vt 0.8125 0.6522 0.0000
vt 0.8281 0.6522 0.0000
vt 0.8437 0.6522 0.0000
vt 0.8594 0.6522 0.0000
vt 0.8750 0.6522 0.0000
vt 0.8906 0.6522 0.0000
vt 0.9062 0.6522 0.0000
vt 0.9219 0.6522 0.0000
vt 0.9375 0.6522 0.0000
vt 0.9531 0.6522 0.0000
vt 0.9687 0.6522 0.0000
vt 0.9844 0.6522 0.0000
vt 1.0000 0.6522 0.0000
vt 0.0156 0.6522 0.0000
vt 0.0312 0.6522 0.0000
vt -0.0000 0.6522 0.0000
vt 0.0469 0.6522 0.0000
vt 0.0625 0.6522 0.0000
vt 0.0781 0.6522 0.0000
vt 0.0937 0.6522 0.0000
vt 0.1094 0.6522 0.0000
vt 0.1250 0.6522 0.0000
vt 0.1406 0.6522 0.0000
vt 0.1562 0.6522 0.0000
vt 0.1719 0.6522 0.0000
vt 0.1875 0.6522 0.0000
vt 0.2031 0.6522 0.0000
vt 0.2188 0.6522 0.0000
vt 0.2344 0.6522 0.0000
vt 0.2500 0.6522 0.0000
vt 0.2656 0.6522 0.0000
vt 0.2813 0.6522 0.0000
vt 0.2969 0.6522 0.0000
vt 0.3125 0.6522 0.0000
vt 0.3281 0.6522 0.0000
vt 0.3438 0.6522 0.0000
vt 0.3594 0.6522 0.0000
vt 0.3750 0.6522 0.0000
vt 0.3906 0.6522 0.0000
vt 0.4063 0.6522 0.0000
vt 0.4219 0.6522 0.0000
vt 0.4375 0.6522 0.0000
vt 0.4531 0.6522 0.0000
vt 0.4688 0.6522 0.0000
vt 0.4844 0.6522 0.0000
vt 0.5000 0.6522 0.0000
vt 0.5156 0.6522 0.0000
vt 0.5313 0.6522 0.0000
vt 0.5469 0.6522 0.0000
vt 0.5625 0.6522 0.0000
vt 0.5781 0.6522 0.0000
vt 0.5938 0.6522 0.0000
vt 0.6094 0.6522 0.0000
vt 0.6250 0.6522 0.0000
vt 0.6406 0.6522 0.0000
vt 0.6563 0.6522 0.0000
vt 0.6719 0.6522 0.0000
vt 0.6875 0.6522 0.0000
vt 0.7031 0.6522 0.0000
vt 0.7188 0.6522 0.0000
vt 0.7344 0.6522 0.0000
vt 0.7656 0.8566 0.0000
vt 0.7500 0.8566 0.0000
vt 0.7813 0.8566 0.0000
vt 0.7969 0.8566 0.0000
vt 0.8125 0.8566 0.0000
vt 0.8281 0.8566 0.0000
vt 0.8437 0.8566 0.0000
vt 0.8594 0.8566 0.0000
vt 0.8750 0.8566 0.0000
vt 0.8906 0.8566 0.0000
vt 0.9062 0.8566 0.0000
vt 0.9219 0.8566 0.0000
vt 0.9375 0.8566 0.0000
vt 0.9531 0.8566 0.0000
vt 0.9688 0.8566 0.0000
vt 0.9844 0.8566 0.0000
vt 1.0000 0.8566 0.0000
vt 0.0156 0.8566 0.0000
vt -0.0000 0.8566 0.0000
vt 0.0312 0.8566 0.0000
vt 0.0469 0.8566 0.0000
vt 0.0625 0.8566 0.0000
vt 0.0781 0.8566 0.0000
vt 0.0937 0.8566 0.0000
vt 0.1094 0.8566 0.0000
vt 0.1250 0.8566 0.0000
vt 0.1406 0.8566 0.0000
vt 0.1563 0.8566 0.0000
vt 0.1719 0.8566 0.0000
vt 0.1875 0.8566 0.0000
vt 0.2031 0.8566 0.0000
vt 0.2188 0.8566 0.0000
vt 0.2344 0.8566 0.0000
vt 0.2500 0.8566 0.0000
vt 0.2656 0.8566 0.0000
vt 0.2813 0.8566 0.0000
vt 0.2969 0.8566 0.0000
vt 0.3125 0.8566 0.0000
vt 0.3281 0.8566 0.0000
vt 0.3438 0.8566 0.0000
vt 0.3594 0.8566 0.0000
vt 0.3750 0.8566 0.0000
vt 0.3906 0.8566 0.0000
vt 0.4063 0.8566 0.0000
vt 0.4219 0.8566 0.0000
vt 0.4375 0.8566 0.0000
vt 0.4531 0.8566 0.0000
vt 0.4688 0.8566 0.0000
vt 0.4844 0.8566 0.0000
vt 0.5000 0.8566 0.0000
vt 0.5156 0.8566 0.0000
vt 0.5313 0.8566 0.0000
vt 0.5469 0.8566 0.0000
vt 0.5625 0.8566 0.0000
vt 0.5781 0.8566 0.0000
vt 0.5938 0.8566 0.0000
vt 0.6094 0.8566 0.0000
vt 0.6250 0.8566 0.0000
vt 0.6406 0.8566 0.0000
vt 0.6563 0.8566 0.0000
vt 0.6719 0.8566 0.0000
vt 0.6875 0.8566 0.0000
vt 0.7031 0.8566 0.0000
vt 0.7188 0.8566 0.0000
vt 0.7344 0.8566 0.0000
# 2926 texture coords

g decorplant008
usemtl st_red
s off
f 1/1 2/2 3/3 4/4 
f 5/5 1/1 4/4 6/6 
f 1/1 5/5 7/7 8/8 
f 2/2 1/1 8/8 9/9 
f 10/10 5/5 6/6 11/11 
f 12/12 10/10 11/11 13/13 
f 10/10 12/12 14/14 15/15 
f 5/5 10/10 15/15 7/7 
f 16/16 12/12 13/13 17/17 
f 18/18 16/16 17/17 19/19 
f 16/16 18/18 20/20 21/21 
f 12/12 16/16 21/21 14/14 
f 22/22 18/18 19/19 23/23 
f 24/24 22/22 23/23 25/25 
f 22/22 24/24 26/26 27/27 
f 18/18 22/22 27/27 20/20 
f 28/28 24/24 25/25 29/29 
f 30/30 28/28 29/29 31/31 
f 28/28 30/30 32/32 33/33 
f 24/24 28/28 33/33 26/26 
f 34/34 30/30 31/31 35/35 
f 36/36 34/34 35/35 37/37 
f 34/34 36/36 38/38 39/39 
f 30/30 34/34 39/39 32/32 
f 40/40 36/36 37/37 41/41 
f 42/42 40/40 41/41 43/43 
f 40/40 42/42 44/44 45/45 
f 36/36 40/40 45/45 38/38 
f 46/46 42/42 43/43 47/47 
f 48/48 46/46 47/47 49/49 
f 46/46 48/48 50/50 51/51 
f 42/42 46/46 51/51 44/44 
f 52/52 48/53 49/54 53/55 
f 54/56 52/52 53/55 55/57 
f 52/52 54/56 56/58 57/59 
f 48/53 52/52 57/59 50/60 
f 58/61 54/56 55/57 59/62 
f 60/63 58/61 59/62 61/64 
f 58/61 60/63 62/65 63/66 
f 54/56 58/61 63/66 56/58 
f 64/67 60/63 61/64 65/68 
f 66/69 64/67 65/68 67/70 
f 64/67 66/69 68/71 69/72 
f 60/63 64/67 69/72 62/65 
f 70/73 66/69 67/70 71/74 
f 72/75 70/73 71/74 73/76 
f 70/73 72/75 74/77 75/78 
f 66/69 70/73 75/78 68/71 
f 76/79 72/75 73/76 77/80 
f 78/81 76/79 77/80 79/82 
f 76/79 78/81 80/83 81/84 
f 72/75 76/79 81/84 74/77 
f 82/85 78/81 79/82 83/86 
f 84/87 82/85 83/86 85/88 
f 82/85 84/87 86/89 87/90 
f 78/81 82/85 87/90 80/83 
f 88/91 84/87 85/88 89/92 
f 90/93 88/91 89/92 91/94 
f 88/91 90/93 92/95 93/96 
f 84/87 88/91 93/96 86/89 
f 94/97 90/93 91/94 95/98 
f 96/99 94/97 95/98 97/100 
f 94/97 96/99 98/101 99/102 
f 90/93 94/97 99/102 92/95 
f 100/103 96/99 97/100 101/104 
f 102/105 100/103 101/104 103/106 
f 100/103 102/105 104/107 105/108 
f 96/99 100/103 105/108 98/101 
f 106/109 102/105 103/106 107/110 
f 108/111 106/109 107/110 109/112 
f 106/109 108/111 110/113 111/114 
f 102/105 106/109 111/114 104/107 
f 112/115 108/111 109/112 113/116 
f 114/117 112/115 113/116 115/118 
f 112/115 114/117 116/119 117/120 
f 108/111 112/115 117/120 110/113 
f 118/121 114/117 115/118 119/122 
f 120/123 118/121 119/122 121/124 
f 118/121 120/123 122/125 123/126 
f 114/117 118/121 123/126 116/119 
f 124/127 120/123 121/124 125/128 
f 126/129 124/127 125/128 127/130 
f 124/127 126/129 128/131 129/132 
f 120/123 124/127 129/132 122/125 
f 130/133 126/129 127/130 131/134 
f 132/135 130/133 131/134 133/136 
f 130/133 132/135 134/137 135/138 
f 126/129 130/133 135/138 128/131 
f 136/139 132/135 133/136 137/140 
f 138/141 136/139 137/140 139/142 
f 136/139 138/141 140/143 141/144 
f 132/135 136/139 141/144 134/137 
f 142/145 138/141 139/142 143/146 
f 144/147 142/145 143/146 145/148 
f 142/145 144/147 146/149 147/150 
f 138/141 142/145 147/150 140/143 
f 148/151 144/147 145/148 149/152 
f 150/153 148/151 149/152 151/154 
f 148/151 150/153 152/155 153/156 
f 144/147 148/151 153/156 146/149 
f 154/157 150/153 151/154 155/158 
f 156/159 154/157 155/158 157/160 
f 154/157 156/159 158/161 159/162 
f 150/153 154/157 159/162 152/155 
f 160/163 156/159 157/160 161/164 
f 162/165 160/163 161/164 163/166 
f 160/163 162/165 164/167 165/168 
f 156/159 160/163 165/168 158/161 
f 166/169 162/165 163/166 167/170 
f 168/171 166/169 167/170 169/172 
f 166/169 168/171 170/173 171/174 
f 162/165 166/169 171/174 164/167 
f 172/175 168/171 169/172 173/176 
f 174/177 172/175 173/176 175/178 
f 172/175 174/177 176/179 177/180 
f 168/171 172/175 177/180 170/173 
f 178/181 174/177 175/178 179/182 
f 180/183 178/181 179/182 181/184 
f 178/181 180/183 182/185 183/186 
f 174/177 178/181 183/186 176/179 
f 184/187 180/183 181/184 185/188 
f 186/189 184/187 185/188 187/190 
f 184/187 186/189 188/191 189/192 
f 180/183 184/187 189/192 182/185 
f 190/193 186/189 187/190 191/194 
f 2/2 190/193 191/194 3/3 
f 190/193 2/2 9/9 192/195 
f 186/189 190/193 192/195 188/191 
f 193/196 194/197 195/198 196/199 
f 197/200 193/196 196/199 198/201 
f 193/196 197/200 199/202 200/203 
f 194/197 193/196 200/203 201/204 
f 202/205 203/206 204/207 205/208 
f 194/197 202/205 205/208 195/198 
f 202/205 194/197 201/204 206/209 
f 203/206 202/205 206/209 207/210 
f 208/211 209/212 210/213 211/214 
f 203/206 208/211 211/214 204/207 
f 208/211 203/206 207/210 212/215 
f 209/212 208/211 212/215 213/216 
f 214/217 215/218 216/219 217/220 
f 209/212 214/217 217/220 210/213 
f 214/217 209/212 213/216 218/221 
f 215/218 214/217 218/221 219/222 
f 220/223 221/224 222/225 223/226 
f 215/218 220/223 223/226 216/219 
f 220/223 215/218 219/222 224/227 
f 221/224 220/223 224/227 225/228 
f 226/229 227/230 228/231 229/232 
f 221/224 226/229 229/232 222/225 
f 226/229 221/224 225/228 230/233 
f 227/230 226/229 230/233 231/234 
f 232/235 233/236 234/237 235/238 
f 227/230 232/235 235/238 228/231 
f 232/235 227/230 231/234 236/239 
f 233/236 232/235 236/239 237/240 
f 238/241 239/242 240/243 241/244 
f 233/236 238/241 241/244 234/237 
f 238/241 233/236 237/240 242/245 
f 239/242 238/241 242/245 243/246 
f 244/247 245/248 246/249 247/250 
f 239/251 244/247 247/250 240/252 
f 244/247 239/251 243/253 248/254 
f 245/248 244/247 248/254 249/255 
f 250/256 251/257 252/258 253/259 
f 245/248 250/256 253/259 246/249 
f 250/256 245/248 249/255 254/260 
f 251/257 250/256 254/260 255/261 
f 256/262 257/263 258/264 259/265 
f 251/257 256/262 259/265 252/258 
f 256/262 251/257 255/261 260/266 
f 257/263 256/262 260/266 261/267 
f 262/268 263/269 264/270 265/271 
f 257/263 262/268 265/271 258/264 
f 262/268 257/263 261/267 266/272 
f 263/269 262/268 266/272 267/273 
f 268/274 269/275 270/276 271/277 
f 263/269 268/274 271/277 264/270 
f 268/274 263/269 267/273 272/278 
f 269/275 268/274 272/278 273/279 
f 274/280 275/281 276/282 277/283 
f 269/275 274/280 277/283 270/276 
f 274/280 269/275 273/279 278/284 
f 275/281 274/280 278/284 279/285 
f 280/286 281/287 282/288 283/289 
f 275/281 280/286 283/289 276/282 
f 280/286 275/281 279/285 284/290 
f 281/287 280/286 284/290 285/291 
f 286/292 287/293 288/294 289/295 
f 281/287 286/292 289/295 282/288 
f 286/292 281/287 285/291 290/296 
f 287/293 286/292 290/296 291/297 
f 292/298 293/299 294/300 295/301 
f 287/293 292/298 295/301 288/294 
f 292/298 287/293 291/297 296/302 
f 293/299 292/298 296/302 297/303 
f 298/304 299/305 300/306 301/307 
f 293/299 298/304 301/307 294/300 
f 298/304 293/299 297/303 302/308 
f 299/305 298/304 302/308 303/309 
f 304/310 305/311 306/312 307/313 
f 299/305 304/310 307/313 300/306 
f 304/310 299/305 303/309 308/314 
f 305/311 304/310 308/314 309/315 
f 310/316 311/317 312/318 313/319 
f 305/311 310/316 313/319 306/312 
f 310/316 305/311 309/315 314/320 
f 311/317 310/316 314/320 315/321 
f 316/322 317/323 318/324 319/325 
f 311/317 316/322 319/325 312/318 
f 316/322 311/317 315/321 320/326 
f 317/323 316/322 320/326 321/327 
f 322/328 323/329 324/330 325/331 
f 317/323 322/328 325/331 318/324 
f 322/328 317/323 321/327 326/332 
f 323/329 322/328 326/332 327/333 
f 328/334 329/335 330/336 331/337 
f 323/329 328/334 331/337 324/330 
f 328/334 323/329 327/333 332/338 
f 329/335 328/334 332/338 333/339 
f 334/340 335/341 336/342 337/343 
f 329/335 334/340 337/343 330/336 
f 334/340 329/335 333/339 338/344 
f 335/341 334/340 338/344 339/345 
f 340/346 341/347 342/348 343/349 
f 335/341 340/346 343/349 336/342 
f 340/346 335/341 339/345 344/350 
f 341/347 340/346 344/350 345/351 
f 346/352 347/353 348/354 349/355 
f 341/347 346/352 349/355 342/348 
f 346/352 341/347 345/351 350/356 
f 347/353 346/352 350/356 351/357 
f 352/358 353/359 354/360 355/361 
f 347/353 352/358 355/361 348/354 
f 352/358 347/353 351/357 356/362 
f 353/359 352/358 356/362 357/363 
f 358/364 359/365 360/366 361/367 
f 353/359 358/364 361/367 354/360 
f 358/364 353/359 357/363 362/368 
f 359/365 358/364 362/368 363/369 
f 364/370 365/371 366/372 367/373 
f 359/365 364/370 367/373 360/366 
f 364/370 359/365 363/369 368/374 
f 365/371 364/370 368/374 369/375 
f 370/376 371/377 372/378 373/379 
f 365/371 370/376 373/379 366/372 
f 370/376 365/371 369/375 374/380 
f 371/377 370/376 374/380 375/381 
f 376/382 377/383 378/384 379/385 
f 371/377 376/382 379/385 372/378 
f 376/382 371/377 375/381 380/386 
f 377/383 376/382 380/386 381/387 
f 382/388 197/200 198/201 383/389 
f 377/383 382/388 383/389 378/384 
f 382/388 377/383 381/387 384/390 
f 197/200 382/388 384/390 199/202 
usemtl white_st
f 385/391 386/392 387/393 388/394 
f 389/395 385/391 388/394 390/396 
f 385/391 389/395 391/397 392/398 
f 386/392 385/391 392/398 393/399 
f 394/400 395/401 393/399 392/398 
f 396/402 394/400 392/398 391/397 
f 394/400 396/402 397/403 398/404 
f 395/401 394/400 398/404 399/405 
f 400/406 401/407 399/405 398/404 
f 402/408 400/406 398/404 397/403 
f 400/406 402/408 403/409 404/410 
f 401/407 400/406 404/410 405/411 
f 406/412 407/413 405/411 404/410 
f 408/414 406/412 404/410 403/409 
f 406/412 408/414 409/415 410/416 
f 407/413 406/412 410/416 411/417 
f 412/418 413/419 411/417 410/416 
f 414/420 412/418 410/416 409/415 
f 412/418 414/420 415/421 416/422 
f 413/419 412/418 416/422 417/423 
f 418/424 419/425 417/423 416/422 
f 420/426 418/424 416/422 415/421 
f 418/424 420/426 421/427 422/428 
f 419/425 418/424 422/428 423/429 
f 424/430 425/431 423/429 422/428 
f 426/432 424/430 422/428 421/427 
f 424/430 426/432 427/433 428/434 
f 425/431 424/430 428/434 429/435 
f 430/436 431/437 429/435 428/434 
f 432/438 430/436 428/434 427/433 
f 430/436 432/438 433/439 434/440 
f 431/437 430/436 434/440 435/441 
f 436/442 437/443 435/441 434/440 
f 438/444 436/442 434/440 433/439 
f 436/442 438/444 439/445 440/446 
f 437/443 436/442 440/446 441/447 
f 442/448 443/449 441/447 440/446 
f 444/450 442/448 440/446 439/445 
f 442/448 444/450 445/451 446/452 
f 443/449 442/448 446/452 447/453 
f 448/454 449/455 447/453 446/452 
f 450/456 448/454 446/452 445/451 
f 448/454 450/456 451/457 452/458 
f 449/455 448/454 452/458 453/459 
f 454/460 455/461 453/459 452/458 
f 456/462 454/460 452/458 451/457 
f 454/460 456/462 457/463 458/464 
f 455/461 454/460 458/464 459/465 
f 460/466 461/467 459/465 458/464 
f 462/468 460/466 458/464 457/463 
f 460/466 462/468 463/469 464/470 
f 461/467 460/466 464/470 465/471 
f 466/472 467/473 465/471 464/470 
f 468/474 466/472 464/470 463/469 
f 466/472 468/474 469/475 470/476 
f 467/473 466/472 470/476 471/477 
f 472/478 473/479 471/477 470/476 
f 474/480 472/478 470/476 469/475 
f 472/478 474/480 475/481 476/482 
f 473/479 472/478 476/482 477/483 
f 478/484 479/485 477/483 476/482 
f 480/486 478/484 476/482 475/481 
f 478/484 480/486 481/487 482/488 
f 479/485 478/484 482/488 483/489 
f 484/490 485/491 483/489 482/488 
f 486/492 484/490 482/488 481/487 
f 484/490 486/492 487/493 488/494 
f 485/491 484/490 488/494 489/495 
f 490/496 491/497 489/495 488/494 
f 492/498 490/496 488/494 487/493 
f 490/496 492/498 493/499 494/500 
f 491/497 490/496 494/500 495/501 
f 496/502 497/503 495/501 494/500 
f 498/504 496/502 494/500 493/499 
f 496/502 498/504 499/505 500/506 
f 497/503 496/502 500/506 501/507 
f 502/508 503/509 501/507 500/506 
f 504/510 502/508 500/506 499/505 
f 502/508 504/510 505/511 506/512 
f 503/509 502/508 506/512 507/513 
f 508/514 509/515 507/513 506/512 
f 510/516 508/514 506/512 505/511 
f 508/514 510/516 511/517 512/518 
f 509/515 508/514 512/518 513/519 
f 514/520 515/521 513/519 512/518 
f 516/522 514/520 512/518 511/517 
f 514/520 516/522 517/523 518/524 
f 515/521 514/520 518/524 519/525 
f 520/526 521/527 519/525 518/524 
f 522/528 520/526 518/524 517/523 
f 520/526 522/528 523/529 524/530 
f 521/527 520/526 524/530 525/531 
f 526/532 527/533 525/531 524/530 
f 528/534 526/532 524/530 523/529 
f 526/532 528/534 529/535 530/536 
f 527/533 526/532 530/536 531/537 
f 532/538 533/539 531/537 530/536 
f 534/540 532/538 530/536 529/535 
f 532/538 534/540 535/541 536/542 
f 533/539 532/538 536/542 537/543 
f 538/544 539/545 537/546 536/547 
f 540/548 538/544 536/547 535/549 
f 538/544 540/548 541/550 542/551 
f 539/545 538/544 542/551 543/552 
f 544/553 545/554 543/552 542/551 
f 546/555 544/553 542/551 541/550 
f 544/553 546/555 547/556 548/557 
f 545/554 544/553 548/557 549/558 
f 550/559 551/560 549/558 548/557 
f 552/561 550/559 548/557 547/556 
f 550/559 552/561 553/562 554/563 
f 551/560 550/559 554/563 555/564 
f 556/565 557/566 555/564 554/563 
f 558/567 556/565 554/563 553/562 
f 556/565 558/567 559/568 560/569 
f 557/566 556/565 560/569 561/570 
f 562/571 563/572 561/570 560/569 
f 564/573 562/571 560/569 559/568 
f 562/571 564/573 565/574 566/575 
f 563/572 562/571 566/575 567/576 
f 568/577 569/578 567/576 566/575 
f 570/579 568/577 566/575 565/574 
f 568/577 570/579 571/580 572/581 
f 569/578 568/577 572/581 573/582 
f 574/583 575/584 573/582 572/581 
f 576/585 574/583 572/581 571/580 
f 574/583 576/585 390/396 388/394 
f 575/584 574/583 388/394 387/393 
f 577/586 578/587 579/588 580/589 
f 581/590 577/586 580/589 582/591 
f 577/586 581/590 583/592 584/593 
f 578/587 577/586 584/593 585/594 
f 586/595 581/590 582/591 587/596 
f 588/597 586/595 587/596 589/598 
f 586/595 588/597 590/599 591/600 
f 581/590 586/595 591/600 583/592 
f 592/601 588/597 589/598 593/602 
f 594/603 592/601 593/602 595/604 
f 592/601 594/603 596/605 597/606 
f 588/597 592/601 597/606 590/599 
f 598/607 594/603 595/604 599/608 
f 600/609 598/607 599/608 601/610 
f 598/607 600/609 602/611 603/612 
f 594/603 598/607 603/612 596/605 
f 604/613 600/609 601/610 605/614 
f 606/615 604/613 605/614 607/616 
f 604/613 606/615 608/617 609/618 
f 600/609 604/613 609/618 602/611 
f 610/619 606/615 607/616 611/620 
f 612/621 610/619 611/620 613/622 
f 610/619 612/621 614/623 615/624 
f 606/615 610/619 615/624 608/617 
f 616/625 612/621 613/622 617/626 
f 618/627 616/625 617/626 619/628 
f 616/625 618/627 620/629 621/630 
f 612/621 616/625 621/630 614/623 
f 622/631 618/627 619/628 623/632 
f 624/633 622/631 623/632 625/634 
f 622/631 624/633 626/635 627/636 
f 618/627 622/631 627/636 620/629 
f 628/637 624/638 625/639 629/640 
f 630/641 628/637 629/640 631/642 
f 628/637 630/641 632/643 633/644 
f 624/638 628/637 633/644 626/645 
f 634/646 630/641 631/642 635/647 
f 636/648 634/646 635/647 637/649 
f 634/646 636/648 638/650 639/651 
f 630/641 634/646 639/651 632/643 
f 640/652 636/648 637/649 641/653 
f 642/654 640/652 641/653 643/655 
f 640/652 642/654 644/656 645/657 
f 636/648 640/652 645/657 638/650 
f 646/658 642/654 643/655 647/659 
f 648/660 646/658 647/659 649/661 
f 646/658 648/660 650/662 651/663 
f 642/654 646/658 651/663 644/656 
f 652/664 648/660 649/661 653/665 
f 654/666 652/664 653/665 655/667 
f 652/664 654/666 656/668 657/669 
f 648/660 652/664 657/669 650/662 
f 658/670 654/666 655/667 659/671 
f 660/672 658/670 659/671 661/673 
f 658/670 660/672 662/674 663/675 
f 654/666 658/670 663/675 656/668 
f 664/676 660/672 661/673 665/677 
f 666/678 664/676 665/677 667/679 
f 664/676 666/678 668/680 669/681 
f 660/672 664/676 669/681 662/674 
f 670/682 666/678 667/679 671/683 
f 672/684 670/682 671/683 673/685 
f 670/682 672/684 674/686 675/687 
f 666/678 670/682 675/687 668/680 
f 676/688 672/684 673/685 677/689 
f 678/690 676/688 677/689 679/691 
f 676/688 678/690 680/692 681/693 
f 672/684 676/688 681/693 674/686 
f 682/694 678/690 679/691 683/695 
f 684/696 682/694 683/695 685/697 
f 682/694 684/696 686/698 687/699 
f 678/690 682/694 687/699 680/692 
f 688/700 684/696 685/697 689/701 
f 690/702 688/700 689/701 691/703 
f 688/700 690/702 692/704 693/705 
f 684/696 688/700 693/705 686/698 
f 694/706 690/702 691/703 695/707 
f 696/708 694/706 695/707 697/709 
f 694/706 696/708 698/710 699/711 
f 690/702 694/706 699/711 692/704 
f 700/712 696/708 697/709 701/713 
f 702/714 700/712 701/713 703/715 
f 700/712 702/714 704/716 705/717 
f 696/708 700/712 705/717 698/710 
f 706/718 702/714 703/715 707/719 
f 708/720 706/718 707/719 709/721 
f 706/718 708/720 710/722 711/723 
f 702/714 706/718 711/723 704/716 
f 712/724 708/720 709/721 713/725 
f 714/726 712/724 713/725 715/727 
f 712/724 714/726 716/728 717/729 
f 708/720 712/724 717/729 710/722 
f 718/730 714/726 715/727 719/731 
f 720/732 718/730 719/731 721/733 
f 718/730 720/732 722/734 723/735 
f 714/726 718/730 723/735 716/728 
f 724/736 720/732 721/733 725/737 
f 726/738 724/736 725/737 727/739 
f 724/736 726/738 728/740 729/741 
f 720/732 724/736 729/741 722/734 
f 730/742 726/738 727/739 731/743 
f 732/744 730/742 731/743 733/745 
f 730/742 732/744 734/746 735/747 
f 726/738 730/742 735/747 728/740 
f 736/748 732/744 733/745 737/749 
f 738/750 736/748 737/749 739/751 
f 736/748 738/750 740/752 741/753 
f 732/744 736/748 741/753 734/746 
f 742/754 738/750 739/751 743/755 
f 744/756 742/754 743/755 745/757 
f 742/754 744/756 746/758 747/759 
f 738/750 742/754 747/759 740/752 
f 748/760 744/756 745/757 749/761 
f 750/762 748/760 749/761 751/763 
f 748/760 750/762 752/764 753/765 
f 744/756 748/760 753/765 746/758 
f 754/766 750/762 751/763 755/767 
f 756/768 754/766 755/767 757/769 
f 754/766 756/768 758/770 759/771 
f 750/762 754/766 759/771 752/764 
f 760/772 756/768 757/769 761/773 
f 762/774 760/772 761/773 763/775 
f 760/772 762/774 764/776 765/777 
f 756/768 760/772 765/777 758/770 
f 766/778 762/774 763/775 767/779 
f 578/587 766/778 767/779 579/588 
f 766/778 578/587 585/594 768/780 
f 762/774 766/778 768/780 764/776 
usemtl black_st
f 769/781 770/782 771/783 772/784 
usemtl white_st
f 773/785 769/781 772/784 774/786 
f 769/781 773/785 775/787 776/788 
usemtl black_st
f 770/782 769/781 776/788 777/789 
f 778/790 779/791 780/792 781/793 
usemtl white_st
f 782/794 778/790 781/793 783/795 
f 778/790 782/794 774/786 772/784 
usemtl black_st
f 779/791 778/790 772/784 771/783 
f 784/796 785/797 786/798 787/799 
usemtl white_st
f 788/800 784/796 787/799 789/801 
f 784/796 788/800 783/795 781/793 
usemtl black_st
f 785/797 784/796 781/793 780/792 
f 790/802 791/803 792/804 793/805 
usemtl white_st
f 794/806 790/802 793/805 795/807 
f 790/802 794/806 789/801 787/799 
usemtl black_st
f 791/803 790/802 787/799 786/798 
f 796/808 797/809 798/810 799/811 
usemtl white_st
f 800/812 796/808 799/811 801/813 
f 796/808 800/812 795/807 793/805 
usemtl black_st
f 797/809 796/808 793/805 792/804 
f 802/814 803/815 804/816 805/817 
usemtl white_st
f 806/818 802/814 805/817 807/819 
f 802/814 806/818 801/813 799/811 
usemtl black_st
f 803/815 802/814 799/811 798/810 
f 808/820 809/821 810/822 811/823 
usemtl white_st
f 812/824 808/820 811/823 813/825 
f 808/820 812/824 807/819 805/817 
usemtl black_st
f 809/821 808/820 805/817 804/816 
f 814/826 815/827 816/828 817/829 
usemtl white_st
f 818/830 814/826 817/829 819/831 
f 814/826 818/830 813/825 811/823 
usemtl black_st
f 815/827 814/826 811/823 810/822 
f 820/832 821/833 822/834 823/835 
usemtl white_st
f 824/836 820/832 823/835 825/837 
f 820/832 824/836 819/838 817/839 
usemtl black_st
f 821/833 820/832 817/839 816/840 
f 826/841 827/842 828/843 829/844 
usemtl white_st
f 830/845 826/841 829/844 831/846 
f 826/841 830/845 825/837 823/835 
usemtl black_st
f 827/842 826/841 823/835 822/834 
f 832/847 833/848 834/849 835/850 
usemtl white_st
f 836/851 832/847 835/850 837/852 
f 832/847 836/851 831/846 829/844 
usemtl black_st
f 833/848 832/847 829/844 828/843 
f 838/853 839/854 840/855 841/856 
usemtl white_st
f 842/857 838/853 841/856 843/858 
f 838/853 842/857 837/852 835/850 
usemtl black_st
f 839/854 838/853 835/850 834/849 
f 844/859 845/860 846/861 847/862 
usemtl white_st
f 848/863 844/859 847/862 849/864 
f 844/859 848/863 843/858 841/856 
usemtl black_st
f 845/860 844/859 841/856 840/855 
f 850/865 851/866 852/867 853/868 
usemtl white_st
f 854/869 850/865 853/868 855/870 
f 850/865 854/869 849/864 847/862 
usemtl black_st
f 851/866 850/865 847/862 846/861 
f 856/871 857/872 858/873 859/874 
usemtl white_st
f 860/875 856/871 859/874 861/876 
f 856/871 860/875 855/870 853/868 
usemtl black_st
f 857/872 856/871 853/868 852/867 
f 862/877 863/878 864/879 865/880 
usemtl white_st
f 866/881 862/877 865/880 867/882 
f 862/877 866/881 861/876 859/874 
usemtl black_st
f 863/878 862/877 859/874 858/873 
f 868/883 869/884 870/885 871/886 
usemtl white_st
f 872/887 868/883 871/886 873/888 
f 868/883 872/887 867/882 865/880 
usemtl black_st
f 869/884 868/883 865/880 864/879 
f 874/889 875/890 876/891 877/892 
usemtl white_st
f 878/893 874/889 877/892 879/894 
f 874/889 878/893 873/888 871/886 
usemtl black_st
f 875/890 874/889 871/886 870/885 
f 880/895 881/896 882/897 883/898 
usemtl white_st
f 884/899 880/895 883/898 885/900 
f 880/895 884/899 879/894 877/892 
usemtl black_st
f 881/896 880/895 877/892 876/891 
f 886/901 887/902 888/903 889/904 
usemtl white_st
f 890/905 886/901 889/904 891/906 
f 886/901 890/905 885/900 883/898 
usemtl black_st
f 887/902 886/901 883/898 882/897 
f 892/907 893/908 894/909 895/910 
usemtl white_st
f 896/911 892/907 895/910 897/912 
f 892/907 896/911 891/906 889/904 
usemtl black_st
f 893/908 892/907 889/904 888/903 
f 898/913 899/914 900/915 901/916 
usemtl white_st
f 902/917 898/913 901/916 903/918 
f 898/913 902/917 897/912 895/910 
usemtl black_st
f 899/914 898/913 895/910 894/909 
f 904/919 905/920 906/921 907/922 
usemtl white_st
f 908/923 904/919 907/922 909/924 
f 904/919 908/923 903/918 901/916 
usemtl black_st
f 905/920 904/919 901/916 900/915 
f 910/925 911/926 912/927 913/928 
usemtl white_st
f 914/929 910/925 913/928 915/930 
f 910/925 914/929 909/924 907/922 
usemtl black_st
f 911/926 910/925 907/922 906/921 
f 916/931 917/932 918/933 919/934 
usemtl white_st
f 920/935 916/931 919/934 921/936 
f 916/931 920/935 915/930 913/928 
usemtl black_st
f 917/932 916/931 913/928 912/927 
f 922/937 923/938 924/939 925/940 
usemtl white_st
f 926/941 922/937 925/940 927/942 
f 922/937 926/941 921/936 919/934 
usemtl black_st
f 923/938 922/937 919/934 918/933 
f 928/943 929/944 930/945 931/946 
usemtl white_st
f 932/947 928/943 931/946 933/948 
f 928/943 932/947 927/942 925/940 
usemtl black_st
f 929/944 928/943 925/940 924/939 
f 934/949 935/950 936/951 937/952 
usemtl white_st
f 938/953 934/949 937/952 939/954 
f 934/949 938/953 933/948 931/946 
usemtl black_st
f 935/950 934/949 931/946 930/945 
f 940/955 941/956 942/957 943/958 
usemtl white_st
f 944/959 940/955 943/958 945/960 
f 940/955 944/959 939/954 937/952 
usemtl black_st
f 941/956 940/955 937/952 936/951 
f 946/961 947/962 948/963 949/964 
usemtl white_st
f 950/965 946/961 949/964 951/966 
f 946/961 950/965 945/960 943/958 
usemtl black_st
f 947/962 946/961 943/958 942/957 
f 952/967 953/968 954/969 955/970 
usemtl white_st
f 956/971 952/967 955/970 957/972 
f 952/967 956/971 951/966 949/964 
usemtl black_st
f 953/968 952/967 949/964 948/963 
f 958/973 959/974 777/789 776/788 
usemtl white_st
f 960/975 958/973 776/788 775/787 
f 958/973 960/975 957/972 955/970 
usemtl black_st
f 959/974 958/973 955/970 954/969 
usemtl white_st
f 961/976 962/977 963/978 964/979 
f 965/980 961/976 964/979 966/981 
f 961/976 965/980 967/980 968/976 
f 962/977 961/976 968/976 969/977 
f 970/982 965/980 966/981 971/983 
f 972/984 970/982 971/983 973/985 
f 970/982 972/984 974/984 975/982 
f 965/980 970/982 975/982 967/980 
f 976/986 972/984 973/985 977/987 
f 978/988 976/986 977/987 979/989 
f 976/986 978/988 980/988 981/986 
f 972/984 976/986 981/986 974/984 
f 982/990 978/988 979/989 983/991 
f 984/992 982/990 983/991 985/993 
f 982/990 984/992 986/992 987/990 
f 978/988 982/990 987/990 980/988 
f 988/994 984/992 985/993 989/995 
f 990/996 988/994 989/995 991/997 
f 988/994 990/996 992/996 993/994 
f 984/992 988/994 993/994 986/992 
f 994/998 990/996 991/997 995/999 
f 996/1000 994/998 995/999 997/1001 
f 994/998 996/1000 998/1000 999/998 
f 990/996 994/998 999/998 992/996 
f 1000/1002 996/1000 997/1001 1001/1003 
f 1002/1004 1000/1002 1001/1003 1003/1005 
f 1000/1002 1002/1004 1004/1004 1005/1002 
f 996/1000 1000/1002 1005/1002 998/1000 
f 1006/1006 1002/1004 1003/1005 1007/1007 
f 1008/1008 1006/1006 1007/1007 1009/1009 
f 1006/1006 1008/1008 1010/1008 1011/1006 
f 1002/1004 1006/1006 1011/1006 1004/1004 
f 1012/1010 1008/1011 1009/1012 1013/1013 
f 1014/1014 1012/1010 1013/1013 1015/1015 
f 1012/1010 1014/1014 1016/1014 1017/1010 
f 1008/1011 1012/1010 1017/1010 1010/1011 
f 1018/1016 1014/1014 1015/1015 1019/1017 
f 1020/1018 1018/1016 1019/1017 1021/1019 
f 1018/1016 1020/1018 1022/1018 1023/1016 
f 1014/1014 1018/1016 1023/1016 1016/1014 
f 1024/1020 1020/1018 1021/1019 1025/1021 
f 1026/1022 1024/1020 1025/1021 1027/1023 
f 1024/1020 1026/1022 1028/1022 1029/1020 
f 1020/1018 1024/1020 1029/1020 1022/1018 
f 1030/1024 1026/1022 1027/1023 1031/1025 
f 1032/1026 1030/1024 1031/1025 1033/1027 
f 1030/1024 1032/1026 1034/1026 1035/1024 
f 1026/1022 1030/1024 1035/1024 1028/1022 
f 1036/1028 1032/1026 1033/1027 1037/1029 
f 1038/1030 1036/1028 1037/1029 1039/1031 
f 1036/1028 1038/1030 1040/1030 1041/1028 
f 1032/1026 1036/1028 1041/1028 1034/1026 
f 1042/1032 1038/1030 1039/1031 1043/1033 
f 1044/1034 1042/1032 1043/1033 1045/1035 
f 1042/1032 1044/1034 1046/1034 1047/1032 
f 1038/1030 1042/1032 1047/1032 1040/1030 
f 1048/1036 1044/1034 1045/1035 1049/1037 
f 1050/1038 1048/1036 1049/1037 1051/1039 
f 1048/1036 1050/1038 1052/1038 1053/1036 
f 1044/1034 1048/1036 1053/1036 1046/1034 
f 1054/1040 1050/1038 1051/1039 1055/1041 
f 1056/1042 1054/1040 1055/1041 1057/1043 
f 1054/1040 1056/1042 1058/1042 1059/1040 
f 1050/1038 1054/1040 1059/1040 1052/1038 
f 1060/1044 1056/1042 1057/1043 1061/1045 
f 1062/1046 1060/1044 1061/1045 1063/1047 
f 1060/1044 1062/1046 1064/1046 1065/1044 
f 1056/1042 1060/1044 1065/1044 1058/1042 
f 1066/1048 1062/1046 1063/1047 1067/1049 
f 1068/1050 1066/1048 1067/1049 1069/1051 
f 1066/1048 1068/1050 1070/1050 1071/1048 
f 1062/1046 1066/1048 1071/1048 1064/1046 
f 1072/1052 1068/1050 1069/1051 1073/1053 
f 1074/1054 1072/1052 1073/1053 1075/1055 
f 1072/1052 1074/1054 1076/1054 1077/1052 
f 1068/1050 1072/1052 1077/1052 1070/1050 
f 1078/1056 1074/1054 1075/1055 1079/1057 
f 1080/1058 1078/1056 1079/1057 1081/1059 
f 1078/1056 1080/1058 1082/1058 1083/1056 
f 1074/1054 1078/1056 1083/1056 1076/1054 
f 1084/1060 1080/1058 1081/1059 1085/1061 
f 1086/1062 1084/1060 1085/1061 1087/1063 
f 1084/1060 1086/1062 1088/1062 1089/1060 
f 1080/1058 1084/1060 1089/1060 1082/1058 
f 1090/1064 1086/1062 1087/1063 1091/1065 
f 1092/1066 1090/1064 1091/1065 1093/1067 
f 1090/1064 1092/1066 1094/1066 1095/1064 
f 1086/1062 1090/1064 1095/1064 1088/1062 
f 1096/1068 1092/1066 1093/1067 1097/1069 
f 1098/1070 1096/1068 1097/1069 1099/1071 
f 1096/1068 1098/1070 1100/1070 1101/1068 
f 1092/1066 1096/1068 1101/1068 1094/1066 
f 1102/1072 1098/1070 1099/1071 1103/1073 
f 1104/1074 1102/1072 1103/1073 1105/1075 
f 1102/1072 1104/1074 1106/1074 1107/1072 
f 1098/1070 1102/1072 1107/1072 1100/1070 
f 1108/1076 1104/1074 1105/1075 1109/1077 
f 1110/1078 1108/1076 1109/1077 1111/1079 
f 1108/1076 1110/1078 1112/1078 1113/1076 
f 1104/1074 1108/1076 1113/1076 1106/1074 
f 1114/1080 1110/1078 1111/1079 1115/1081 
f 1116/1082 1114/1080 1115/1081 1117/1083 
f 1114/1080 1116/1082 1118/1082 1119/1080 
f 1110/1078 1114/1080 1119/1080 1112/1078 
f 1120/1084 1116/1082 1117/1083 1121/1085 
f 1122/1086 1120/1084 1121/1085 1123/1087 
f 1120/1084 1122/1086 1124/1086 1125/1084 
f 1116/1082 1120/1084 1125/1084 1118/1082 
f 1126/1088 1122/1086 1123/1087 1127/1089 
f 1128/1090 1126/1088 1127/1089 1129/1091 
f 1126/1088 1128/1090 1130/1090 1131/1088 
f 1122/1086 1126/1088 1131/1088 1124/1086 
f 1132/1092 1128/1090 1129/1091 1133/1093 
f 1134/1094 1132/1092 1133/1093 1135/1095 
f 1132/1092 1134/1094 1136/1094 1137/1092 
f 1128/1090 1132/1092 1137/1092 1130/1090 
f 1138/1096 1134/1094 1135/1095 1139/1097 
f 1140/1098 1138/1096 1139/1097 1141/1099 
f 1138/1096 1140/1098 1142/1098 1143/1096 
f 1134/1094 1138/1096 1143/1096 1136/1094 
f 1144/1100 1140/1098 1141/1099 1145/1101 
f 1146/1102 1144/1100 1145/1101 1147/1103 
f 1144/1100 1146/1102 1148/1102 1149/1100 
f 1140/1098 1144/1100 1149/1100 1142/1098 
f 1150/1104 1146/1102 1147/1103 1151/1105 
f 962/977 1150/1104 1151/1105 963/978 
f 1150/1104 962/977 969/977 1152/1104 
f 1146/1102 1150/1104 1152/1104 1148/1102 
f 1153/976 1154/977 969/977 968/976 
f 1155/980 1153/976 968/976 967/980 
f 1153/976 1155/980 1156/980 1157/976 
f 1154/977 1153/976 1157/976 1158/977 
f 1159/982 1155/980 967/980 975/982 
f 1160/984 1159/982 975/982 974/984 
f 1159/982 1160/984 1161/984 1162/982 
f 1155/980 1159/982 1162/982 1156/980 
f 1163/986 1160/984 974/984 981/986 
f 1164/988 1163/986 981/986 980/988 
f 1163/986 1164/988 1165/988 1166/986 
f 1160/984 1163/986 1166/986 1161/984 
f 1167/990 1164/988 980/988 987/990 
f 1168/992 1167/990 987/990 986/992 
f 1167/990 1168/992 1169/992 1170/990 
f 1164/988 1167/990 1170/990 1165/988 
f 1171/994 1168/992 986/992 993/994 
f 1172/996 1171/994 993/994 992/996 
f 1171/994 1172/996 1173/996 1174/994 
f 1168/992 1171/994 1174/994 1169/992 
f 1175/998 1172/996 992/996 999/998 
f 1176/1000 1175/998 999/998 998/1000 
f 1175/998 1176/1000 1177/1000 1178/998 
f 1172/996 1175/998 1178/998 1173/996 
f 1179/1002 1176/1000 998/1000 1005/1002 
f 1180/1004 1179/1002 1005/1002 1004/1004 
f 1179/1002 1180/1004 1181/1004 1182/1002 
f 1176/1000 1179/1002 1182/1002 1177/1000 
f 1183/1006 1180/1004 1004/1004 1011/1006 
f 1184/1008 1183/1006 1011/1006 1010/1008 
f 1183/1006 1184/1008 1185/1008 1186/1006 
f 1180/1004 1183/1006 1186/1006 1181/1004 
f 1187/1010 1184/1011 1010/1011 1017/1010 
f 1188/1014 1187/1010 1017/1010 1016/1014 
f 1187/1010 1188/1014 1189/1014 1190/1010 
f 1184/1011 1187/1010 1190/1010 1185/1011 
f 1191/1016 1188/1014 1016/1014 1023/1016 
f 1192/1018 1191/1016 1023/1016 1022/1018 
f 1191/1016 1192/1018 1193/1018 1194/1016 
f 1188/1014 1191/1016 1194/1016 1189/1014 
f 1195/1020 1192/1018 1022/1018 1029/1020 
f 1196/1022 1195/1020 1029/1020 1028/1022 
f 1195/1020 1196/1022 1197/1022 1198/1020 
f 1192/1018 1195/1020 1198/1020 1193/1018 
f 1199/1024 1196/1022 1028/1022 1035/1024 
f 1200/1026 1199/1024 1035/1024 1034/1026 
f 1199/1024 1200/1026 1201/1026 1202/1024 
f 1196/1022 1199/1024 1202/1024 1197/1022 
f 1203/1028 1200/1026 1034/1026 1041/1028 
f 1204/1030 1203/1028 1041/1028 1040/1030 
f 1203/1028 1204/1030 1205/1030 1206/1028 
f 1200/1026 1203/1028 1206/1028 1201/1026 
f 1207/1032 1204/1030 1040/1030 1047/1032 
f 1208/1034 1207/1032 1047/1032 1046/1034 
f 1207/1032 1208/1034 1209/1034 1210/1032 
f 1204/1030 1207/1032 1210/1032 1205/1030 
f 1211/1036 1208/1034 1046/1034 1053/1036 
f 1212/1038 1211/1036 1053/1036 1052/1038 
f 1211/1036 1212/1038 1213/1038 1214/1036 
f 1208/1034 1211/1036 1214/1036 1209/1034 
f 1215/1040 1212/1038 1052/1038 1059/1040 
f 1216/1042 1215/1040 1059/1040 1058/1042 
f 1215/1040 1216/1042 1217/1042 1218/1040 
f 1212/1038 1215/1040 1218/1040 1213/1038 
f 1219/1044 1216/1042 1058/1042 1065/1044 
f 1220/1046 1219/1044 1065/1044 1064/1046 
f 1219/1044 1220/1046 1221/1046 1222/1044 
f 1216/1042 1219/1044 1222/1044 1217/1042 
f 1223/1048 1220/1046 1064/1046 1071/1048 
f 1224/1050 1223/1048 1071/1048 1070/1050 
f 1223/1048 1224/1050 1225/1050 1226/1048 
f 1220/1046 1223/1048 1226/1048 1221/1046 
f 1227/1052 1224/1050 1070/1050 1077/1052 
f 1228/1054 1227/1052 1077/1052 1076/1054 
f 1227/1052 1228/1054 1229/1054 1230/1052 
f 1224/1050 1227/1052 1230/1052 1225/1050 
f 1231/1056 1228/1054 1076/1054 1083/1056 
f 1232/1058 1231/1056 1083/1056 1082/1058 
f 1231/1056 1232/1058 1233/1058 1234/1056 
f 1228/1054 1231/1056 1234/1056 1229/1054 
f 1235/1060 1232/1058 1082/1058 1089/1060 
f 1236/1062 1235/1060 1089/1060 1088/1062 
f 1235/1060 1236/1062 1237/1062 1238/1060 
f 1232/1058 1235/1060 1238/1060 1233/1058 
f 1239/1064 1236/1062 1088/1062 1095/1064 
f 1240/1066 1239/1064 1095/1064 1094/1066 
f 1239/1064 1240/1066 1241/1066 1242/1064 
f 1236/1062 1239/1064 1242/1064 1237/1062 
f 1243/1068 1240/1066 1094/1066 1101/1068 
f 1244/1070 1243/1068 1101/1068 1100/1070 
f 1243/1068 1244/1070 1245/1070 1246/1068 
f 1240/1066 1243/1068 1246/1068 1241/1066 
f 1247/1072 1244/1070 1100/1070 1107/1072 
f 1248/1074 1247/1072 1107/1072 1106/1074 
f 1247/1072 1248/1074 1249/1074 1250/1072 
f 1244/1070 1247/1072 1250/1072 1245/1070 
f 1251/1076 1248/1074 1106/1074 1113/1076 
f 1252/1078 1251/1076 1113/1076 1112/1078 
f 1251/1076 1252/1078 1253/1078 1254/1076 
f 1248/1074 1251/1076 1254/1076 1249/1074 
f 1255/1080 1252/1078 1112/1078 1119/1080 
f 1256/1082 1255/1080 1119/1080 1118/1082 
f 1255/1080 1256/1082 1257/1082 1258/1080 
f 1252/1078 1255/1080 1258/1080 1253/1078 
f 1259/1084 1256/1082 1118/1082 1125/1084 
f 1260/1086 1259/1084 1125/1084 1124/1086 
f 1259/1084 1260/1086 1261/1086 1262/1084 
f 1256/1082 1259/1084 1262/1084 1257/1082 
f 1263/1088 1260/1086 1124/1086 1131/1088 
f 1264/1090 1263/1088 1131/1088 1130/1090 
f 1263/1088 1264/1090 1265/1090 1266/1088 
f 1260/1086 1263/1088 1266/1088 1261/1086 
f 1267/1092 1264/1090 1130/1090 1137/1092 
f 1268/1094 1267/1092 1137/1092 1136/1094 
f 1267/1092 1268/1094 1269/1094 1270/1092 
f 1264/1090 1267/1092 1270/1092 1265/1090 
f 1271/1096 1268/1094 1136/1094 1143/1096 
f 1272/1098 1271/1096 1143/1096 1142/1098 
f 1271/1096 1272/1098 1273/1098 1274/1096 
f 1268/1094 1271/1096 1274/1096 1269/1094 
f 1275/1100 1272/1098 1142/1098 1149/1100 
f 1276/1102 1275/1100 1149/1100 1148/1102 
f 1275/1100 1276/1102 1277/1102 1278/1100 
f 1272/1098 1275/1100 1278/1100 1273/1098 
f 1279/1104 1276/1102 1148/1102 1152/1104 
f 1154/977 1279/1104 1152/1104 969/977 
f 1279/1104 1154/977 1158/977 1280/1104 
f 1276/1102 1279/1104 1280/1104 1277/1102 
f 1281/976 1282/977 1158/977 1157/976 
f 1283/980 1281/976 1157/976 1156/980 
f 1281/976 1283/980 1284/980 1285/976 
f 1282/977 1281/976 1285/976 1286/977 
f 1287/982 1283/980 1156/980 1162/982 
f 1288/984 1287/982 1162/982 1161/984 
f 1287/982 1288/984 1289/984 1290/982 
f 1283/980 1287/982 1290/982 1284/980 
f 1291/986 1288/984 1161/984 1166/986 
f 1292/988 1291/986 1166/986 1165/988 
f 1291/986 1292/988 1293/988 1294/986 
f 1288/984 1291/986 1294/986 1289/984 
f 1295/990 1292/988 1165/988 1170/990 
f 1296/992 1295/990 1170/990 1169/992 
f 1295/990 1296/992 1297/992 1298/990 
f 1292/988 1295/990 1298/990 1293/988 
f 1299/994 1296/992 1169/992 1174/994 
f 1300/996 1299/994 1174/994 1173/996 
f 1299/994 1300/996 1301/996 1302/994 
f 1296/992 1299/994 1302/994 1297/992 
f 1303/998 1300/996 1173/996 1178/998 
f 1304/1000 1303/998 1178/998 1177/1000 
f 1303/998 1304/1000 1305/1000 1306/998 
f 1300/996 1303/998 1306/998 1301/996 
f 1307/1002 1304/1000 1177/1000 1182/1002 
f 1308/1004 1307/1002 1182/1002 1181/1004 
f 1307/1002 1308/1004 1309/1004 1310/1002 
f 1304/1000 1307/1002 1310/1002 1305/1000 
f 1311/1006 1308/1004 1181/1004 1186/1006 
f 1312/1008 1311/1006 1186/1006 1185/1008 
f 1311/1006 1312/1008 1313/1008 1314/1006 
f 1308/1004 1311/1006 1314/1006 1309/1004 
f 1315/1010 1312/1011 1185/1011 1190/1010 
f 1316/1014 1315/1010 1190/1010 1189/1014 
f 1315/1010 1316/1014 1317/1014 1318/1010 
f 1312/1011 1315/1010 1318/1010 1313/1011 
f 1319/1016 1316/1014 1189/1014 1194/1016 
f 1320/1018 1319/1016 1194/1016 1193/1018 
f 1319/1016 1320/1018 1321/1018 1322/1016 
f 1316/1014 1319/1016 1322/1016 1317/1014 
f 1323/1020 1320/1018 1193/1018 1198/1020 
f 1324/1022 1323/1020 1198/1020 1197/1022 
f 1323/1020 1324/1022 1325/1022 1326/1020 
f 1320/1018 1323/1020 1326/1020 1321/1018 
f 1327/1024 1324/1022 1197/1022 1202/1024 
f 1328/1026 1327/1024 1202/1024 1201/1026 
f 1327/1024 1328/1026 1329/1026 1330/1024 
f 1324/1022 1327/1024 1330/1024 1325/1022 
f 1331/1028 1328/1026 1201/1026 1206/1028 
f 1332/1030 1331/1028 1206/1028 1205/1030 
f 1331/1028 1332/1030 1333/1030 1334/1028 
f 1328/1026 1331/1028 1334/1028 1329/1026 
f 1335/1032 1332/1030 1205/1030 1210/1032 
f 1336/1034 1335/1032 1210/1032 1209/1034 
f 1335/1032 1336/1034 1337/1034 1338/1032 
f 1332/1030 1335/1032 1338/1032 1333/1030 
f 1339/1036 1336/1034 1209/1034 1214/1036 
f 1340/1038 1339/1036 1214/1036 1213/1038 
f 1339/1036 1340/1038 1341/1106 1342/1036 
f 1336/1034 1339/1036 1342/1036 1337/1034 
f 1343/1040 1340/1038 1213/1038 1218/1040 
f 1344/1042 1343/1040 1218/1040 1217/1042 
f 1343/1040 1344/1042 1345/1042 1346/1040 
f 1340/1038 1343/1040 1346/1040 1341/1106 
f 1347/1044 1344/1042 1217/1042 1222/1044 
f 1348/1046 1347/1044 1222/1044 1221/1046 
f 1347/1044 1348/1046 1349/1046 1350/1044 
f 1344/1042 1347/1044 1350/1044 1345/1042 
f 1351/1048 1348/1046 1221/1046 1226/1048 
f 1352/1050 1351/1048 1226/1048 1225/1050 
f 1351/1048 1352/1050 1353/1050 1354/1048 
f 1348/1046 1351/1048 1354/1048 1349/1046 
f 1355/1052 1352/1050 1225/1050 1230/1052 
f 1356/1054 1355/1052 1230/1052 1229/1054 
f 1355/1052 1356/1054 1357/1054 1358/1052 
f 1352/1050 1355/1052 1358/1052 1353/1050 
f 1359/1056 1356/1054 1229/1054 1234/1056 
f 1360/1058 1359/1056 1234/1056 1233/1058 
f 1359/1056 1360/1058 1361/1058 1362/1056 
f 1356/1054 1359/1056 1362/1056 1357/1054 
f 1363/1060 1360/1058 1233/1058 1238/1060 
f 1364/1062 1363/1060 1238/1060 1237/1062 
f 1363/1060 1364/1062 1365/1062 1366/1060 
f 1360/1058 1363/1060 1366/1060 1361/1058 
f 1367/1064 1364/1062 1237/1062 1242/1064 
f 1368/1066 1367/1064 1242/1064 1241/1066 
f 1367/1064 1368/1066 1369/1066 1370/1064 
f 1364/1062 1367/1064 1370/1064 1365/1062 
f 1371/1068 1368/1066 1241/1066 1246/1068 
f 1372/1070 1371/1068 1246/1068 1245/1070 
f 1371/1068 1372/1070 1373/1070 1374/1068 
f 1368/1066 1371/1068 1374/1068 1369/1066 
f 1375/1072 1372/1070 1245/1070 1250/1072 
f 1376/1074 1375/1072 1250/1072 1249/1074 
f 1375/1072 1376/1074 1377/1074 1378/1072 
f 1372/1070 1375/1072 1378/1072 1373/1070 
f 1379/1076 1376/1074 1249/1074 1254/1076 
f 1380/1078 1379/1076 1254/1076 1253/1078 
f 1379/1076 1380/1078 1381/1078 1382/1076 
f 1376/1074 1379/1076 1382/1076 1377/1074 
f 1383/1080 1380/1078 1253/1078 1258/1080 
f 1384/1082 1383/1080 1258/1080 1257/1082 
f 1383/1080 1384/1082 1385/1082 1386/1080 
f 1380/1078 1383/1080 1386/1080 1381/1078 
f 1387/1084 1384/1082 1257/1082 1262/1084 
f 1388/1086 1387/1084 1262/1084 1261/1086 
f 1387/1084 1388/1086 1389/1086 1390/1084 
f 1384/1082 1387/1084 1390/1084 1385/1082 
f 1391/1088 1388/1086 1261/1086 1266/1088 
f 1392/1090 1391/1088 1266/1088 1265/1090 
f 1391/1088 1392/1090 1393/1090 1394/1088 
f 1388/1086 1391/1088 1394/1088 1389/1086 
f 1395/1092 1392/1090 1265/1090 1270/1092 
f 1396/1094 1395/1092 1270/1092 1269/1094 
f 1395/1092 1396/1094 1397/1094 1398/1092 
f 1392/1090 1395/1092 1398/1092 1393/1090 
f 1399/1096 1396/1094 1269/1094 1274/1096 
f 1400/1098 1399/1096 1274/1096 1273/1098 
f 1399/1096 1400/1098 1401/1098 1402/1096 
f 1396/1094 1399/1096 1402/1096 1397/1094 
f 1403/1100 1400/1098 1273/1098 1278/1100 
f 1404/1102 1403/1100 1278/1100 1277/1102 
f 1403/1100 1404/1102 1405/1102 1406/1100 
f 1400/1098 1403/1100 1406/1100 1401/1098 
f 1407/1104 1404/1102 1277/1102 1280/1104 
f 1282/977 1407/1104 1280/1104 1158/977 
f 1407/1104 1282/977 1286/977 1408/1104 
f 1404/1102 1407/1104 1408/1104 1405/1102 
f 1409/976 1410/977 1286/977 1285/976 
f 1411/980 1409/976 1285/976 1284/980 
f 1409/976 1411/980 1412/1074 1410/977 
f 1413/982 1411/980 1284/980 1290/982 
f 1414/984 1413/982 1290/982 1289/984 
f 1413/982 1414/984 1412/1074 1411/980 
f 1415/986 1414/984 1289/984 1294/986 
f 1416/988 1415/986 1294/986 1293/988 
f 1415/986 1416/988 1412/1074 1414/984 
f 1417/990 1416/988 1293/988 1298/990 
f 1418/992 1417/990 1298/990 1297/992 
f 1417/990 1418/992 1412/1074 1416/988 
f 1419/994 1418/992 1297/992 1302/994 
f 1420/996 1419/994 1302/994 1301/996 
f 1419/994 1420/996 1412/1074 1418/992 
f 1421/998 1420/996 1301/996 1306/998 
f 1422/1000 1421/998 1306/998 1305/1000 
f 1421/998 1422/1000 1412/1074 1420/996 
f 1423/1002 1422/1000 1305/1000 1310/1002 
f 1424/1004 1423/1002 1310/1002 1309/1004 
f 1423/1002 1424/1004 1412/1074 1422/1000 
f 1425/1006 1424/1004 1309/1004 1314/1006 
f 1426/1008 1425/1006 1314/1006 1313/1008 
f 1425/1006 1426/1008 1412/1074 1424/1004 
f 1427/1010 1426/1011 1313/1011 1318/1010 
f 1428/1014 1427/1010 1318/1010 1317/1014 
f 1427/1010 1428/1014 1412/1074 1426/1011 
f 1429/1016 1428/1014 1317/1014 1322/1016 
f 1430/1018 1429/1016 1322/1016 1321/1018 
f 1429/1016 1430/1018 1412/1074 1428/1014 
f 1431/1020 1430/1018 1321/1018 1326/1020 
f 1432/1022 1431/1020 1326/1020 1325/1022 
f 1431/1020 1432/1022 1412/1074 1430/1018 
f 1433/1024 1432/1022 1325/1022 1330/1024 
f 1434/1026 1433/1024 1330/1024 1329/1026 
f 1433/1024 1434/1026 1412/1074 1432/1022 
f 1435/1028 1434/1026 1329/1026 1334/1028 
f 1436/1030 1435/1028 1334/1028 1333/1030 
f 1435/1028 1436/1030 1412/1074 1434/1026 
f 1437/1032 1436/1030 1333/1030 1338/1032 
f 1438/1034 1437/1032 1338/1032 1337/1034 
f 1437/1032 1438/1034 1412/1074 1436/1030 
f 1439/1036 1438/1034 1337/1034 1342/1036 
f 1440/1106 1439/1036 1342/1036 1341/1106 
f 1439/1036 1440/1106 1412/1074 1438/1034 
f 1441/1040 1440/1106 1341/1106 1346/1040 
f 1442/1042 1441/1040 1346/1040 1345/1042 
f 1441/1040 1442/1042 1412/1074 1440/1106 
f 1443/1044 1442/1042 1345/1042 1350/1044 
f 1444/1046 1443/1044 1350/1044 1349/1046 
f 1443/1044 1444/1046 1412/1074 1442/1042 
f 1445/1048 1444/1046 1349/1046 1354/1048 
f 1446/1050 1445/1048 1354/1048 1353/1050 
f 1445/1048 1446/1050 1412/1074 1444/1046 
f 1447/1052 1446/1050 1353/1050 1358/1052 
f 1448/1054 1447/1052 1358/1052 1357/1054 
f 1447/1052 1448/1054 1412/1074 1446/1050 
f 1449/1056 1448/1054 1357/1054 1362/1056 
f 1450/1058 1449/1056 1362/1056 1361/1058 
f 1449/1056 1450/1058 1412/1074 1448/1054 
f 1451/1060 1450/1058 1361/1058 1366/1060 
f 1452/1062 1451/1060 1366/1060 1365/1062 
f 1451/1060 1452/1062 1412/1074 1450/1058 
f 1453/1064 1452/1062 1365/1062 1370/1064 
f 1454/1066 1453/1064 1370/1064 1369/1066 
f 1453/1064 1454/1066 1412/1074 1452/1062 
f 1455/1068 1454/1066 1369/1066 1374/1068 
f 1456/1070 1455/1068 1374/1068 1373/1070 
f 1455/1068 1456/1070 1412/1074 1454/1066 
f 1457/1072 1456/1070 1373/1070 1378/1072 
f 1458/1074 1457/1072 1378/1072 1377/1074 
f 1457/1072 1458/1074 1412/1074 1456/1070 
f 1459/1076 1458/1074 1377/1074 1382/1076 
f 1460/1078 1459/1076 1382/1076 1381/1078 
f 1459/1076 1460/1078 1412/1074 1458/1074 
f 1461/1080 1460/1078 1381/1078 1386/1080 
f 1462/1082 1461/1080 1386/1080 1385/1082 
f 1461/1080 1462/1082 1412/1074 1460/1078 
f 1463/1084 1462/1082 1385/1082 1390/1084 
f 1464/1086 1463/1084 1390/1084 1389/1086 
f 1463/1084 1464/1086 1412/1074 1462/1082 
f 1465/1088 1464/1086 1389/1086 1394/1088 
f 1466/1090 1465/1088 1394/1088 1393/1090 
f 1465/1088 1466/1090 1412/1074 1464/1086 
f 1467/1092 1466/1090 1393/1090 1398/1092 
f 1468/1094 1467/1092 1398/1092 1397/1094 
f 1467/1092 1468/1094 1412/1074 1466/1090 
f 1469/1096 1468/1094 1397/1094 1402/1096 
f 1470/1098 1469/1096 1402/1096 1401/1098 
f 1469/1096 1470/1098 1412/1074 1468/1094 
f 1471/1100 1470/1098 1401/1098 1406/1100 
f 1472/1102 1471/1100 1406/1100 1405/1102 
f 1471/1100 1472/1102 1412/1074 1470/1098 
f 1473/1104 1472/1102 1405/1102 1408/1104 
f 1410/977 1473/1104 1408/1104 1286/977 
f 1473/1104 1410/977 1412/1074 1472/1102 
usemtl st_red
f 1474/1107 1475/1108 1476/1109 1477/1110 
f 1478/1111 1474/1107 1477/1110 1479/1112 
f 1474/1107 1478/1111 1480/1111 1481/1107 
f 1475/1108 1474/1107 1481/1107 1482/1108 
f 1483/1113 1484/1114 1485/1115 1486/1116 
f 1475/1108 1483/1113 1486/1116 1476/1109 
f 1483/1113 1475/1108 1482/1108 1487/1113 
f 1484/1114 1483/1113 1487/1113 1488/1114 
f 1489/1117 1490/1118 1491/1119 1492/1120 
f 1484/1114 1489/1117 1492/1120 1485/1115 
f 1489/1117 1484/1114 1488/1114 1493/1117 
f 1490/1118 1489/1117 1493/1117 1494/1118 
f 1495/1121 1496/1122 1497/1123 1498/1124 
f 1490/1118 1495/1121 1498/1124 1491/1119 
f 1495/1121 1490/1118 1494/1118 1499/1121 
f 1496/1122 1495/1121 1499/1121 1500/1122 
f 1501/1125 1502/1126 1503/1127 1504/1128 
f 1496/1122 1501/1125 1504/1128 1497/1123 
f 1501/1125 1496/1122 1500/1122 1505/1125 
f 1502/1126 1501/1125 1505/1125 1506/1126 
f 1507/1129 1508/1130 1509/1131 1510/1132 
f 1502/1126 1507/1129 1510/1132 1503/1127 
f 1507/1129 1502/1126 1506/1126 1511/1129 
f 1508/1130 1507/1129 1511/1129 1512/1130 
f 1513/1133 1514/1134 1515/1135 1516/1136 
f 1508/1130 1513/1133 1516/1136 1509/1131 
f 1513/1133 1508/1130 1512/1130 1517/1133 
f 1514/1134 1513/1133 1517/1133 1518/1134 
f 1519/1137 1520/1138 1521/1139 1522/1140 
f 1514/1134 1519/1137 1522/1140 1515/1135 
f 1519/1137 1514/1134 1518/1134 1523/1137 
f 1520/1138 1519/1137 1523/1137 1524/1138 
f 1525/1141 1526/1142 1527/1143 1528/1144 
f 1520/1145 1525/1141 1528/1144 1521/1146 
f 1525/1141 1520/1145 1524/1145 1529/1141 
f 1526/1142 1525/1141 1529/1141 1530/1142 
f 1531/1147 1532/1148 1533/1149 1534/1150 
f 1526/1142 1531/1147 1534/1150 1527/1143 
f 1531/1147 1526/1142 1530/1142 1535/1147 
f 1532/1148 1531/1147 1535/1147 1536/1148 
f 1537/1151 1538/1152 1539/1153 1540/1154 
f 1532/1148 1537/1151 1540/1154 1533/1149 
f 1537/1151 1532/1148 1536/1148 1541/1151 
f 1538/1152 1537/1151 1541/1151 1542/1152 
f 1543/1155 1544/1156 1545/1157 1546/1158 
f 1538/1152 1543/1155 1546/1158 1539/1153 
f 1543/1155 1538/1152 1542/1152 1547/1155 
f 1544/1156 1543/1155 1547/1155 1548/1156 
f 1549/1159 1550/1160 1551/1161 1552/1162 
f 1544/1156 1549/1159 1552/1162 1545/1157 
f 1549/1159 1544/1156 1548/1156 1553/1159 
f 1550/1160 1549/1159 1553/1159 1554/1160 
f 1555/1163 1556/1164 1557/1165 1558/1166 
f 1550/1160 1555/1163 1558/1166 1551/1161 
f 1555/1163 1550/1160 1554/1160 1559/1163 
f 1556/1164 1555/1163 1559/1163 1560/1164 
f 1561/1167 1562/1168 1563/1169 1564/1170 
f 1556/1164 1561/1167 1564/1170 1557/1165 
f 1561/1167 1556/1164 1560/1164 1565/1167 
f 1562/1168 1561/1167 1565/1167 1566/1168 
f 1567/1171 1568/1172 1569/1173 1570/1174 
f 1562/1168 1567/1171 1570/1174 1563/1169 
f 1567/1171 1562/1168 1566/1168 1571/1171 
f 1568/1172 1567/1171 1571/1171 1572/1172 
f 1573/1175 1574/1176 1575/1177 1576/1178 
f 1568/1172 1573/1175 1576/1178 1569/1173 
f 1573/1175 1568/1172 1572/1172 1577/1175 
f 1574/1176 1573/1175 1577/1175 1578/1176 
f 1579/1179 1580/1180 1581/1181 1582/1182 
f 1574/1176 1579/1179 1582/1182 1575/1177 
f 1579/1179 1574/1176 1578/1176 1583/1179 
f 1580/1180 1579/1179 1583/1179 1584/1180 
f 1585/1183 1586/1184 1587/1185 1588/1186 
f 1580/1180 1585/1183 1588/1186 1581/1181 
f 1585/1183 1580/1180 1584/1180 1589/1183 
f 1586/1184 1585/1183 1589/1183 1590/1184 
f 1591/1187 1592/1188 1593/1189 1594/1190 
f 1586/1184 1591/1187 1594/1190 1587/1185 
f 1591/1187 1586/1184 1590/1184 1595/1187 
f 1592/1188 1591/1187 1595/1187 1596/1188 
f 1597/1191 1598/1192 1599/1193 1600/1194 
f 1592/1188 1597/1191 1600/1194 1593/1189 
f 1597/1191 1592/1188 1596/1188 1601/1191 
f 1598/1192 1597/1191 1601/1191 1602/1192 
f 1603/1195 1604/1196 1605/1197 1606/1198 
f 1598/1192 1603/1195 1606/1198 1599/1193 
f 1603/1195 1598/1192 1602/1192 1607/1195 
f 1604/1196 1603/1195 1607/1195 1608/1196 
f 1609/1199 1610/1200 1611/1201 1612/1202 
f 1604/1196 1609/1199 1612/1202 1605/1197 
f 1609/1199 1604/1196 1608/1196 1613/1199 
f 1610/1200 1609/1199 1613/1199 1614/1200 
f 1615/1203 1616/1204 1617/1205 1618/1206 
f 1610/1200 1615/1203 1618/1206 1611/1201 
f 1615/1203 1610/1200 1614/1200 1619/1203 
f 1616/1204 1615/1203 1619/1203 1620/1204 
f 1621/1207 1622/1208 1623/1209 1624/1210 
f 1616/1204 1621/1207 1624/1210 1617/1205 
f 1621/1207 1616/1204 1620/1204 1625/1207 
f 1622/1208 1621/1207 1625/1207 1626/1208 
f 1627/1211 1628/1212 1629/1213 1630/1214 
f 1622/1208 1627/1211 1630/1214 1623/1209 
f 1627/1211 1622/1208 1626/1208 1631/1211 
f 1628/1212 1627/1211 1631/1211 1632/1212 
f 1633/1215 1634/1216 1635/1217 1636/1218 
f 1628/1212 1633/1215 1636/1218 1629/1213 
f 1633/1215 1628/1212 1632/1212 1637/1215 
f 1634/1216 1633/1215 1637/1215 1638/1216 
f 1639/1219 1640/1220 1641/1221 1642/1222 
f 1634/1216 1639/1219 1642/1222 1635/1217 
f 1639/1219 1634/1216 1638/1216 1643/1219 
f 1640/1220 1639/1219 1643/1219 1644/1220 
f 1645/1223 1646/1224 1647/1225 1648/1226 
f 1640/1220 1645/1223 1648/1226 1641/1221 
f 1645/1223 1640/1220 1644/1220 1649/1223 
f 1646/1224 1645/1223 1649/1223 1650/1224 
f 1651/1227 1652/1228 1653/1229 1654/1230 
f 1646/1224 1651/1227 1654/1230 1647/1225 
f 1651/1227 1646/1224 1650/1224 1655/1227 
f 1652/1228 1651/1227 1655/1227 1656/1228 
f 1657/1231 1658/1232 1659/1233 1660/1234 
f 1652/1228 1657/1231 1660/1234 1653/1229 
f 1657/1231 1652/1228 1656/1228 1661/1231 
f 1658/1232 1657/1231 1661/1231 1662/1232 
f 1663/1235 1478/1111 1479/1112 1664/1236 
f 1658/1232 1663/1235 1664/1236 1659/1233 
f 1663/1235 1658/1232 1662/1232 1665/1235 
f 1478/1111 1663/1235 1665/1235 1480/1111 
f 1666/1107 1667/1108 1482/1108 1481/1107 
f 1668/1111 1666/1107 1481/1107 1480/1111 
f 1666/1107 1668/1111 1669/1204 1667/1108 
f 1670/1113 1671/1114 1488/1114 1487/1113 
f 1667/1108 1670/1113 1487/1113 1482/1108 
f 1670/1113 1667/1108 1669/1204 1671/1114 
f 1672/1117 1673/1118 1494/1118 1493/1117 
f 1671/1114 1672/1117 1493/1117 1488/1114 
f 1672/1117 1671/1114 1669/1204 1673/1118 
f 1674/1121 1675/1122 1500/1122 1499/1121 
f 1673/1118 1674/1121 1499/1121 1494/1118 
f 1674/1121 1673/1118 1669/1204 1675/1122 
f 1676/1125 1677/1126 1506/1126 1505/1125 
f 1675/1122 1676/1125 1505/1125 1500/1122 
f 1676/1125 1675/1122 1669/1204 1677/1126 
f 1678/1129 1679/1130 1512/1130 1511/1129 
f 1677/1126 1678/1129 1511/1129 1506/1126 
f 1678/1129 1677/1126 1669/1204 1679/1130 
f 1680/1133 1681/1134 1518/1134 1517/1133 
f 1679/1130 1680/1133 1517/1133 1512/1130 
f 1680/1133 1679/1130 1669/1204 1681/1134 
f 1682/1137 1683/1138 1524/1138 1523/1137 
f 1681/1134 1682/1137 1523/1137 1518/1134 
f 1682/1137 1681/1134 1669/1204 1683/1138 
f 1684/1141 1685/1142 1530/1142 1529/1141 
f 1683/1145 1684/1141 1529/1141 1524/1145 
f 1684/1141 1683/1145 1669/1204 1685/1142 
f 1686/1147 1687/1148 1536/1148 1535/1147 
f 1685/1142 1686/1147 1535/1147 1530/1142 
f 1686/1147 1685/1142 1669/1204 1687/1148 
f 1688/1151 1689/1152 1542/1152 1541/1151 
f 1687/1148 1688/1151 1541/1151 1536/1148 
f 1688/1151 1687/1148 1669/1204 1689/1152 
f 1690/1155 1691/1156 1548/1156 1547/1155 
f 1689/1152 1690/1155 1547/1155 1542/1152 
f 1690/1155 1689/1152 1669/1204 1691/1156 
f 1692/1159 1693/1160 1554/1160 1553/1159 
f 1691/1156 1692/1159 1553/1159 1548/1156 
f 1692/1159 1691/1156 1669/1204 1693/1160 
f 1694/1163 1695/1164 1560/1164 1559/1163 
f 1693/1160 1694/1163 1559/1163 1554/1160 
f 1694/1163 1693/1160 1669/1204 1695/1164 
f 1696/1167 1697/1168 1566/1168 1565/1167 
f 1695/1164 1696/1167 1565/1167 1560/1164 
f 1696/1167 1695/1164 1669/1204 1697/1168 
f 1698/1171 1699/1172 1572/1172 1571/1171 
f 1697/1168 1698/1171 1571/1171 1566/1168 
f 1698/1171 1697/1168 1669/1204 1699/1172 
f 1700/1175 1701/1176 1578/1176 1577/1175 
f 1699/1172 1700/1175 1577/1175 1572/1172 
f 1700/1175 1699/1172 1669/1204 1701/1176 
f 1702/1179 1703/1180 1584/1180 1583/1179 
f 1701/1176 1702/1179 1583/1179 1578/1176 
f 1702/1179 1701/1176 1669/1204 1703/1180 
f 1704/1183 1705/1184 1590/1184 1589/1183 
f 1703/1180 1704/1183 1589/1183 1584/1180 
f 1704/1183 1703/1180 1669/1204 1705/1184 
f 1706/1187 1707/1188 1596/1188 1595/1187 
f 1705/1184 1706/1187 1595/1187 1590/1184 
f 1706/1187 1705/1184 1669/1204 1707/1188 
f 1708/1191 1709/1192 1602/1192 1601/1191 
f 1707/1188 1708/1191 1601/1191 1596/1188 
f 1708/1191 1707/1188 1669/1204 1709/1192 
f 1710/1195 1711/1196 1608/1196 1607/1195 
f 1709/1192 1710/1195 1607/1195 1602/1192 
f 1710/1195 1709/1192 1669/1204 1711/1196 
f 1712/1199 1713/1200 1614/1200 1613/1199 
f 1711/1196 1712/1199 1613/1199 1608/1196 
f 1712/1199 1711/1196 1669/1204 1713/1200 
f 1714/1203 1715/1204 1620/1204 1619/1203 
f 1713/1200 1714/1203 1619/1203 1614/1200 
f 1714/1203 1713/1200 1669/1204 1715/1204 
f 1716/1207 1717/1208 1626/1208 1625/1207 
f 1715/1204 1716/1207 1625/1207 1620/1204 
f 1716/1207 1715/1204 1669/1204 1717/1208 
f 1718/1211 1719/1212 1632/1212 1631/1211 
f 1717/1208 1718/1211 1631/1211 1626/1208 
f 1718/1211 1717/1208 1669/1204 1719/1212 
f 1720/1215 1721/1216 1638/1216 1637/1215 
f 1719/1212 1720/1215 1637/1215 1632/1212 
f 1720/1215 1719/1212 1669/1204 1721/1216 
f 1722/1219 1723/1220 1644/1220 1643/1219 
f 1721/1216 1722/1219 1643/1219 1638/1216 
f 1722/1219 1721/1216 1669/1204 1723/1220 
f 1724/1223 1725/1224 1650/1224 1649/1223 
f 1723/1220 1724/1223 1649/1223 1644/1220 
f 1724/1223 1723/1220 1669/1204 1725/1224 
f 1726/1227 1727/1228 1656/1228 1655/1227 
f 1725/1224 1726/1227 1655/1227 1650/1224 
f 1726/1227 1725/1224 1669/1204 1727/1228 
f 1728/1231 1729/1232 1662/1232 1661/1231 
f 1727/1228 1728/1231 1661/1231 1656/1228 
f 1728/1231 1727/1228 1669/1204 1729/1232 
f 1730/1235 1668/1111 1480/1111 1665/1235 
f 1729/1232 1730/1235 1665/1235 1662/1232 
f 1730/1235 1729/1232 1669/1204 1668/1111 
usemtl white_st
f 1731/1237 773/785 774/786 1732/1238 
f 964/979 1731/1237 1732/1238 966/981 
f 1731/1237 964/979 963/978 1733/1239 
f 773/785 1731/1237 1733/1239 775/787 
f 1734/1240 770/782 777/789 1735/1241 
f 1736/1242 1734/1240 1735/1241 1737/1243 
f 1734/1240 1736/1242 1738/1244 1739/1245 
f 770/782 1734/1240 1739/1245 771/783 
f 1740/1246 782/794 783/795 1741/1247 
f 971/983 1740/1246 1741/1247 973/985 
f 1740/1246 971/983 966/981 1732/1238 
f 782/794 1740/1246 1732/1238 774/786 
f 1742/1248 779/791 771/783 1739/1245 
f 1743/1249 1742/1248 1739/1245 1738/1244 
f 1742/1248 1743/1249 1744/1250 1745/1251 
f 779/791 1742/1248 1745/1251 780/792 
f 1746/1252 788/800 789/801 1747/1253 
f 977/987 1746/1252 1747/1253 979/989 
f 1746/1252 977/987 973/985 1741/1247 
f 788/800 1746/1252 1741/1247 783/795 
f 1748/1254 785/797 780/792 1745/1251 
f 1749/1255 1748/1254 1745/1251 1744/1250 
f 1748/1254 1749/1255 1750/1256 1751/1257 
f 785/797 1748/1254 1751/1257 786/798 
f 1752/1258 794/806 795/807 1753/1259 
f 983/991 1752/1258 1753/1259 985/993 
f 1752/1258 983/991 979/989 1747/1253 
f 794/806 1752/1258 1747/1253 789/801 
f 1754/1260 791/803 786/798 1751/1257 
f 1755/1261 1754/1260 1751/1257 1750/1256 
f 1754/1260 1755/1261 1756/1262 1757/1263 
f 791/803 1754/1260 1757/1263 792/804 
f 1758/1264 800/812 801/813 1759/1265 
f 989/995 1758/1264 1759/1265 991/997 
f 1758/1264 989/995 985/993 1753/1259 
f 800/812 1758/1264 1753/1259 795/807 
f 1760/1266 797/809 792/804 1757/1263 
f 1761/1267 1760/1266 1757/1263 1756/1262 
f 1760/1266 1761/1267 1762/1268 1763/1269 
f 797/809 1760/1266 1763/1269 798/810 
f 1764/1270 806/818 807/819 1765/1271 
f 995/999 1764/1270 1765/1271 997/1001 
f 1764/1270 995/999 991/997 1759/1265 
f 806/818 1764/1270 1759/1265 801/813 
f 1766/1272 803/815 798/810 1763/1269 
f 1767/1273 1766/1272 1763/1269 1762/1268 
f 1766/1272 1767/1273 1768/1274 1769/1275 
f 803/815 1766/1272 1769/1275 804/816 
f 1770/1276 812/824 813/825 1771/1277 
f 1001/1003 1770/1276 1771/1277 1003/1005 
f 1770/1276 1001/1003 997/1001 1765/1271 
f 812/824 1770/1276 1765/1271 807/819 
f 1772/1278 809/821 804/816 1769/1275 
f 1773/1279 1772/1278 1769/1275 1768/1274 
f 1772/1278 1773/1279 1774/1280 1775/1281 
f 809/821 1772/1278 1775/1281 810/822 
f 1776/1282 818/830 819/831 1777/1283 
f 1007/1007 1776/1282 1777/1283 1009/1009 
f 1776/1282 1007/1007 1003/1005 1771/1277 
f 818/830 1776/1282 1771/1277 813/825 
f 1778/1284 815/827 810/822 1775/1281 
f 1779/1285 1778/1284 1775/1281 1774/1280 
f 1778/1284 1779/1285 1780/1286 1781/1287 
f 815/827 1778/1284 1781/1287 816/828 
f 1782/1288 824/836 825/837 1783/1289 
f 1013/1013 1782/1288 1783/1289 1015/1015 
f 1782/1288 1013/1013 1009/1012 1777/1290 
f 824/836 1782/1288 1777/1290 819/838 
f 1784/1291 821/833 816/840 1781/1292 
f 1785/1293 1784/1291 1781/1292 1780/1294 
f 1784/1291 1785/1293 1786/1295 1787/1296 
f 821/833 1784/1291 1787/1296 822/834 
f 1788/1297 830/845 831/846 1789/1298 
f 1019/1017 1788/1297 1789/1298 1021/1019 
f 1788/1297 1019/1017 1015/1015 1783/1289 
f 830/845 1788/1297 1783/1289 825/837 
f 1790/1299 827/842 822/834 1787/1296 
f 1791/1300 1790/1299 1787/1296 1786/1295 
f 1790/1299 1791/1300 1792/1301 1793/1302 
f 827/842 1790/1299 1793/1302 828/843 
f 1794/1303 836/851 837/852 1795/1304 
f 1025/1021 1794/1303 1795/1304 1027/1023 
f 1794/1303 1025/1021 1021/1019 1789/1298 
f 836/851 1794/1303 1789/1298 831/846 
f 1796/1305 833/848 828/843 1793/1302 
f 1797/1306 1796/1305 1793/1302 1792/1301 
f 1796/1305 1797/1306 1798/1307 1799/1308 
f 833/848 1796/1305 1799/1308 834/849 
f 1800/1309 842/857 843/858 1801/1310 
f 1031/1025 1800/1309 1801/1310 1033/1027 
f 1800/1309 1031/1025 1027/1023 1795/1304 
f 842/857 1800/1309 1795/1304 837/852 
f 1802/1311 839/854 834/849 1799/1308 
f 1803/1312 1802/1311 1799/1308 1798/1307 
f 1802/1311 1803/1312 1804/1313 1805/1314 
f 839/854 1802/1311 1805/1314 840/855 
f 1806/1315 848/863 849/864 1807/1316 
f 1037/1029 1806/1315 1807/1316 1039/1031 
f 1806/1315 1037/1029 1033/1027 1801/1310 
f 848/863 1806/1315 1801/1310 843/858 
f 1808/1317 845/860 840/855 1805/1314 
f 1809/1318 1808/1317 1805/1314 1804/1313 
f 1808/1317 1809/1318 1810/1319 1811/1320 
f 845/860 1808/1317 1811/1320 846/861 
f 1812/1321 854/869 855/870 1813/1322 
f 1043/1033 1812/1321 1813/1322 1045/1035 
f 1812/1321 1043/1033 1039/1031 1807/1316 
f 854/869 1812/1321 1807/1316 849/864 
f 1814/1323 851/866 846/861 1811/1320 
f 1815/1324 1814/1323 1811/1320 1810/1319 
f 1814/1323 1815/1324 1816/1325 1817/1326 
f 851/866 1814/1323 1817/1326 852/867 
f 1818/1327 860/875 861/876 1819/1328 
f 1049/1037 1818/1327 1819/1328 1051/1039 
f 1818/1327 1049/1037 1045/1035 1813/1322 
f 860/875 1818/1327 1813/1322 855/870 
f 1820/1329 857/872 852/867 1817/1326 
f 1821/1330 1820/1329 1817/1326 1816/1325 
f 1820/1329 1821/1330 1822/1331 1823/1332 
f 857/872 1820/1329 1823/1332 858/873 
f 1824/1333 866/881 867/882 1825/1334 
f 1055/1041 1824/1333 1825/1334 1057/1043 
f 1824/1333 1055/1041 1051/1039 1819/1328 
f 866/881 1824/1333 1819/1328 861/876 
f 1826/1335 863/878 858/873 1823/1332 
f 1827/1336 1826/1335 1823/1332 1822/1331 
f 1826/1335 1827/1336 1828/1337 1829/1338 
f 863/878 1826/1335 1829/1338 864/879 
f 1830/1339 872/887 873/888 1831/1340 
f 1061/1045 1830/1339 1831/1340 1063/1047 
f 1830/1339 1061/1045 1057/1043 1825/1334 
f 872/887 1830/1339 1825/1334 867/882 
f 1832/1341 869/884 864/879 1829/1338 
f 1833/1342 1832/1341 1829/1338 1828/1337 
f 1832/1341 1833/1342 1834/1343 1835/1344 
f 869/884 1832/1341 1835/1344 870/885 
f 1836/1345 878/893 879/894 1837/1346 
f 1067/1049 1836/1345 1837/1346 1069/1051 
f 1836/1345 1067/1049 1063/1047 1831/1340 
f 878/893 1836/1345 1831/1340 873/888 
f 1838/1347 875/890 870/885 1835/1344 
f 1839/1348 1838/1347 1835/1344 1834/1343 
f 1838/1347 1839/1348 1840/1349 1841/1350 
f 875/890 1838/1347 1841/1350 876/891 
f 1842/1351 884/899 885/900 1843/1352 
f 1073/1053 1842/1351 1843/1352 1075/1055 
f 1842/1351 1073/1053 1069/1051 1837/1346 
f 884/899 1842/1351 1837/1346 879/894 
f 1844/1353 881/896 876/891 1841/1350 
f 1845/1354 1844/1353 1841/1350 1840/1349 
f 1844/1353 1845/1354 1846/1355 1847/1356 
f 881/896 1844/1353 1847/1356 882/897 
f 1848/1357 890/905 891/906 1849/1358 
f 1079/1057 1848/1357 1849/1358 1081/1059 
f 1848/1357 1079/1057 1075/1055 1843/1352 
f 890/905 1848/1357 1843/1352 885/900 
f 1850/1359 887/902 882/897 1847/1356 
f 1851/1360 1850/1359 1847/1356 1846/1355 
f 1850/1359 1851/1360 1852/1361 1853/1362 
f 887/902 1850/1359 1853/1362 888/903 
f 1854/1363 896/911 897/912 1855/1364 
f 1085/1061 1854/1363 1855/1364 1087/1063 
f 1854/1363 1085/1061 1081/1059 1849/1358 
f 896/911 1854/1363 1849/1358 891/906 
f 1856/1365 893/908 888/903 1853/1362 
f 1857/1366 1856/1365 1853/1362 1852/1361 
f 1856/1365 1857/1366 1858/1367 1859/1368 
f 893/908 1856/1365 1859/1368 894/909 
f 1860/1369 902/917 903/918 1861/1370 
f 1091/1065 1860/1369 1861/1370 1093/1067 
f 1860/1369 1091/1065 1087/1063 1855/1364 
f 902/917 1860/1369 1855/1364 897/912 
f 1862/1371 899/914 894/909 1859/1368 
f 1863/1372 1862/1371 1859/1368 1858/1367 
f 1862/1371 1863/1372 1864/1373 1865/1374 
f 899/914 1862/1371 1865/1374 900/915 
f 1866/1375 908/923 909/924 1867/1376 
f 1097/1069 1866/1375 1867/1376 1099/1071 
f 1866/1375 1097/1069 1093/1067 1861/1370 
f 908/923 1866/1375 1861/1370 903/918 
f 1868/1377 905/920 900/915 1865/1374 
f 1869/1378 1868/1377 1865/1374 1864/1373 
f 1868/1377 1869/1378 1870/1379 1871/1380 
f 905/920 1868/1377 1871/1380 906/921 
f 1872/1381 914/929 915/930 1873/1382 
f 1103/1073 1872/1381 1873/1382 1105/1075 
f 1872/1381 1103/1073 1099/1071 1867/1376 
f 914/929 1872/1381 1867/1376 909/924 
f 1874/1383 911/926 906/921 1871/1380 
f 1875/1384 1874/1383 1871/1380 1870/1379 
f 1874/1383 1875/1384 1876/1385 1877/1386 
f 911/926 1874/1383 1877/1386 912/927 
f 1878/1387 920/935 921/936 1879/1388 
f 1109/1077 1878/1387 1879/1388 1111/1079 
f 1878/1387 1109/1077 1105/1075 1873/1382 
f 920/935 1878/1387 1873/1382 915/930 
f 1880/1389 917/932 912/927 1877/1386 
f 1881/1390 1880/1389 1877/1386 1876/1385 
f 1880/1389 1881/1390 1882/1391 1883/1392 
f 917/932 1880/1389 1883/1392 918/933 
f 1884/1393 926/941 927/942 1885/1394 
f 1115/1081 1884/1393 1885/1394 1117/1083 
f 1884/1393 1115/1081 1111/1079 1879/1388 
f 926/941 1884/1393 1879/1388 921/936 
f 1886/1395 923/938 918/933 1883/1392 
f 1887/1396 1886/1395 1883/1392 1882/1391 
f 1886/1395 1887/1396 1888/1397 1889/1398 
f 923/938 1886/1395 1889/1398 924/939 
f 1890/1399 932/947 933/948 1891/1400 
f 1121/1085 1890/1399 1891/1400 1123/1087 
f 1890/1399 1121/1085 1117/1083 1885/1394 
f 932/947 1890/1399 1885/1394 927/942 
f 1892/1401 929/944 924/939 1889/1398 
f 1893/1402 1892/1401 1889/1398 1888/1397 
f 1892/1401 1893/1402 1894/1403 1895/1404 
f 929/944 1892/1401 1895/1404 930/945 
f 1896/1405 938/953 939/954 1897/1406 
f 1127/1089 1896/1405 1897/1406 1129/1091 
f 1896/1405 1127/1089 1123/1087 1891/1400 
f 938/953 1896/1405 1891/1400 933/948 
f 1898/1407 935/950 930/945 1895/1404 
f 1899/1408 1898/1407 1895/1404 1894/1403 
f 1898/1407 1899/1408 1900/1409 1901/1410 
f 935/950 1898/1407 1901/1410 936/951 
f 1902/1411 944/959 945/960 1903/1412 
f 1133/1093 1902/1411 1903/1412 1135/1095 
f 1902/1411 1133/1093 1129/1091 1897/1406 
f 944/959 1902/1411 1897/1406 939/954 
f 1904/1413 941/956 936/951 1901/1410 
f 1905/1414 1904/1413 1901/1410 1900/1409 
f 1904/1413 1905/1414 1906/1415 1907/1416 
f 941/956 1904/1413 1907/1416 942/957 
f 1908/1417 950/965 951/966 1909/1418 
f 1139/1097 1908/1417 1909/1418 1141/1099 
f 1908/1417 1139/1097 1135/1095 1903/1412 
f 950/965 1908/1417 1903/1412 945/960 
f 1910/1419 947/962 942/957 1907/1416 
f 1911/1420 1910/1419 1907/1416 1906/1415 
f 1910/1419 1911/1420 1912/1421 1913/1422 
f 947/962 1910/1419 1913/1422 948/963 
f 1914/1423 956/971 957/972 1915/1424 
f 1145/1101 1914/1423 1915/1424 1147/1103 
f 1914/1423 1145/1101 1141/1099 1909/1418 
f 956/971 1914/1423 1909/1418 951/966 
f 1916/1425 953/968 948/963 1913/1422 
f 1917/1426 1916/1425 1913/1422 1912/1421 
f 1916/1425 1917/1426 1918/1427 1919/1428 
f 953/968 1916/1425 1919/1428 954/969 
f 1920/1429 960/975 775/787 1733/1239 
f 1151/1105 1920/1429 1733/1239 963/978 
f 1920/1429 1151/1105 1147/1103 1915/1424 
f 960/975 1920/1429 1915/1424 957/972 
f 1921/1430 959/974 954/969 1919/1428 
f 1922/1431 1921/1430 1919/1428 1918/1427 
f 1921/1430 1922/1431 1737/1243 1735/1241 
f 959/974 1921/1430 1735/1241 777/789 
usemtl st_red
f 1923/1432 196/199 195/198 1924/1433 
f 1925/1434 1923/1432 1924/1433 1926/1435 
f 1923/1432 1925/1434 1927/1436 1928/1437 
f 196/199 1923/1432 1928/1437 198/201 
f 1929/1438 205/208 204/207 1930/1439 
f 1931/1440 1929/1438 1930/1439 1932/1441 
f 1929/1438 1931/1440 1926/1435 1924/1433 
f 205/208 1929/1438 1924/1433 195/198 
f 1933/1442 211/214 210/213 1934/1443 
f 1935/1444 1933/1442 1934/1443 1936/1445 
f 1933/1442 1935/1444 1932/1441 1930/1439 
f 211/214 1933/1442 1930/1439 204/207 
f 1937/1446 217/220 216/219 1938/1447 
f 1939/1448 1937/1446 1938/1447 1940/1449 
f 1937/1446 1939/1448 1936/1445 1934/1443 
f 217/220 1937/1446 1934/1443 210/213 
f 1941/1450 223/226 222/225 1942/1451 
f 1943/1452 1941/1450 1942/1451 1944/1453 
f 1941/1450 1943/1452 1940/1449 1938/1447 
f 223/226 1941/1450 1938/1447 216/219 
f 1945/1454 229/232 228/231 1946/1455 
f 1947/1456 1945/1454 1946/1455 1948/1457 
f 1945/1454 1947/1456 1944/1453 1942/1451 
f 229/232 1945/1454 1942/1451 222/225 
f 1949/1458 235/238 234/237 1950/1459 
f 1951/1460 1949/1458 1950/1459 1952/1461 
f 1949/1458 1951/1460 1948/1457 1946/1455 
f 235/238 1949/1458 1946/1455 228/231 
f 1953/1462 241/244 240/243 1954/1463 
f 1955/1464 1953/1462 1954/1463 1956/1465 
f 1953/1462 1955/1464 1952/1461 1950/1459 
f 241/244 1953/1462 1950/1459 234/237 
f 1957/1466 247/250 246/249 1958/1467 
f 1959/1468 1957/1466 1958/1467 1960/1469 
f 1957/1466 1959/1468 1956/1470 1954/1471 
f 247/250 1957/1466 1954/1471 240/252 
f 1961/1472 253/259 252/258 1962/1473 
f 1963/1474 1961/1472 1962/1473 1964/1475 
f 1961/1472 1963/1474 1960/1469 1958/1467 
f 253/259 1961/1472 1958/1467 246/249 
f 1965/1476 259/265 258/264 1966/1477 
f 1967/1478 1965/1476 1966/1477 1968/1479 
f 1965/1476 1967/1478 1964/1475 1962/1473 
f 259/265 1965/1476 1962/1473 252/258 
f 1969/1480 265/271 264/270 1970/1481 
f 1971/1482 1969/1480 1970/1481 1972/1483 
f 1969/1480 1971/1482 1968/1479 1966/1477 
f 265/271 1969/1480 1966/1477 258/264 
f 1973/1484 271/277 270/276 1974/1485 
f 1975/1486 1973/1484 1974/1485 1976/1487 
f 1973/1484 1975/1486 1972/1483 1970/1481 
f 271/277 1973/1484 1970/1481 264/270 
f 1977/1488 277/283 276/282 1978/1489 
f 1979/1490 1977/1488 1978/1489 1980/1491 
f 1977/1488 1979/1490 1976/1487 1974/1485 
f 277/283 1977/1488 1974/1485 270/276 
f 1981/1492 283/289 282/288 1982/1493 
f 1983/1494 1981/1492 1982/1493 1984/1495 
f 1981/1492 1983/1494 1980/1491 1978/1489 
f 283/289 1981/1492 1978/1489 276/282 
f 1985/1496 289/295 288/294 1986/1497 
f 1987/1498 1985/1496 1986/1497 1988/1499 
f 1985/1496 1987/1498 1984/1495 1982/1493 
f 289/295 1985/1496 1982/1493 282/288 
f 1989/1500 295/301 294/300 1990/1501 
f 1991/1502 1989/1500 1990/1501 1992/1503 
f 1989/1500 1991/1502 1988/1499 1986/1497 
f 295/301 1989/1500 1986/1497 288/294 
f 1993/1504 301/307 300/306 1994/1505 
f 1995/1506 1993/1504 1994/1505 1996/1507 
f 1993/1504 1995/1506 1992/1503 1990/1501 
f 301/307 1993/1504 1990/1501 294/300 
f 1997/1508 307/313 306/312 1998/1509 
f 1999/1510 1997/1508 1998/1509 2000/1511 
f 1997/1508 1999/1510 1996/1507 1994/1505 
f 307/313 1997/1508 1994/1505 300/306 
f 2001/1512 313/319 312/318 2002/1513 
f 2003/1514 2001/1512 2002/1513 2004/1515 
f 2001/1512 2003/1514 2000/1511 1998/1509 
f 313/319 2001/1512 1998/1509 306/312 
f 2005/1516 319/325 318/324 2006/1517 
f 2007/1518 2005/1516 2006/1517 2008/1519 
f 2005/1516 2007/1518 2004/1515 2002/1513 
f 319/325 2005/1516 2002/1513 312/318 
f 2009/1520 325/331 324/330 2010/1521 
f 2011/1522 2009/1520 2010/1521 2012/1523 
f 2009/1520 2011/1522 2008/1519 2006/1517 
f 325/331 2009/1520 2006/1517 318/324 
f 2013/1524 331/337 330/336 2014/1525 
f 2015/1526 2013/1524 2014/1525 2016/1527 
f 2013/1524 2015/1526 2012/1523 2010/1521 
f 331/337 2013/1524 2010/1521 324/330 
f 2017/1528 337/343 336/342 2018/1529 
f 2019/1530 2017/1528 2018/1529 2020/1531 
f 2017/1528 2019/1530 2016/1527 2014/1525 
f 337/343 2017/1528 2014/1525 330/336 
f 2021/1532 343/349 342/348 2022/1533 
f 2023/1534 2021/1532 2022/1533 2024/1535 
f 2021/1532 2023/1534 2020/1531 2018/1529 
f 343/349 2021/1532 2018/1529 336/342 
f 2025/1536 349/355 348/354 2026/1537 
f 2027/1538 2025/1536 2026/1537 2028/1539 
f 2025/1536 2027/1538 2024/1535 2022/1533 
f 349/355 2025/1536 2022/1533 342/348 
f 2029/1540 355/361 354/360 2030/1541 
f 2031/1542 2029/1540 2030/1541 2032/1543 
f 2029/1540 2031/1542 2028/1539 2026/1537 
f 355/361 2029/1540 2026/1537 348/354 
f 2033/1544 361/367 360/366 2034/1545 
f 2035/1546 2033/1544 2034/1545 2036/1547 
f 2033/1544 2035/1546 2032/1543 2030/1541 
f 361/367 2033/1544 2030/1541 354/360 
f 2037/1548 367/373 366/372 2038/1549 
f 2039/1550 2037/1548 2038/1549 2040/1551 
f 2037/1548 2039/1550 2036/1547 2034/1545 
f 367/373 2037/1548 2034/1545 360/366 
f 2041/1552 373/379 372/378 2042/1553 
f 2043/1554 2041/1552 2042/1553 2044/1555 
f 2041/1552 2043/1554 2040/1551 2038/1549 
f 373/379 2041/1552 2038/1549 366/372 
f 2045/1556 379/385 378/384 2046/1557 
f 2047/1558 2045/1556 2046/1557 2048/1559 
f 2045/1556 2047/1558 2044/1555 2042/1553 
f 379/385 2045/1556 2042/1553 372/378 
f 2049/1560 383/389 198/201 1928/1437 
f 2050/1561 2049/1560 1928/1437 1927/1436 
f 2049/1560 2050/1561 2048/1559 2046/1557 
f 383/389 2049/1560 2046/1557 378/384 
usemtl white_st
f 2051/1562 2052/1563 2053/1564 2054/1565 
f 580/589 2051/1562 2054/1565 582/591 
f 2051/1562 580/589 579/588 2055/1566 
f 2052/1563 2051/1562 2055/1566 2056/1567 
f 2057/1568 2058/1569 2059/1570 2060/1571 
f 587/596 2057/1568 2060/1571 589/598 
f 2057/1568 587/596 582/591 2054/1565 
f 2058/1569 2057/1568 2054/1565 2053/1564 
f 2061/1572 2062/1573 2063/1574 2064/1575 
f 593/602 2061/1572 2064/1575 595/604 
f 2061/1572 593/602 589/598 2060/1571 
f 2062/1573 2061/1572 2060/1571 2059/1570 
f 2065/1576 2066/1577 2067/1578 2068/1579 
f 599/608 2065/1576 2068/1579 601/610 
f 2065/1576 599/608 595/604 2064/1575 
f 2066/1577 2065/1576 2064/1575 2063/1574 
f 2069/1580 2070/1581 2071/1582 2072/1583 
f 605/614 2069/1580 2072/1583 607/616 
f 2069/1580 605/614 601/610 2068/1579 
f 2070/1581 2069/1580 2068/1579 2067/1578 
f 2073/1584 2074/1585 2075/1586 2076/1587 
f 611/620 2073/1584 2076/1587 613/622 
f 2073/1584 611/620 607/616 2072/1583 
f 2074/1585 2073/1584 2072/1583 2071/1582 
f 2077/1588 2078/1589 2079/1590 2080/1591 
f 617/626 2077/1588 2080/1591 619/628 
f 2077/1588 617/626 613/622 2076/1587 
f 2078/1589 2077/1588 2076/1587 2075/1586 
f 2081/1592 2082/1593 2083/1594 2084/1595 
f 623/632 2081/1592 2084/1595 625/634 
f 2081/1592 623/632 619/628 2080/1591 
f 2082/1593 2081/1592 2080/1591 2079/1590 
f 2085/1596 2086/1597 2087/1598 2088/1599 
f 629/640 2085/1596 2088/1599 631/642 
f 2085/1596 629/640 625/639 2084/1600 
f 2086/1597 2085/1596 2084/1600 2083/1601 
f 2089/1602 2090/1603 2091/1604 2092/1605 
f 635/647 2089/1602 2092/1605 637/649 
f 2089/1602 635/647 631/642 2088/1599 
f 2090/1603 2089/1602 2088/1599 2087/1598 
f 2093/1606 2094/1607 2095/1608 2096/1609 
f 641/653 2093/1606 2096/1609 643/655 
f 2093/1606 641/653 637/649 2092/1605 
f 2094/1607 2093/1606 2092/1605 2091/1604 
f 2097/1610 2098/1611 2099/1612 2100/1613 
f 647/659 2097/1610 2100/1613 649/661 
f 2097/1610 647/659 643/655 2096/1609 
f 2098/1611 2097/1610 2096/1609 2095/1608 
f 2101/1614 2102/1615 2103/1616 2104/1617 
f 653/665 2101/1614 2104/1617 655/667 
f 2101/1614 653/665 649/661 2100/1613 
f 2102/1615 2101/1614 2100/1613 2099/1612 
f 2105/1618 2106/1619 2107/1620 2108/1621 
f 659/671 2105/1618 2108/1621 661/673 
f 2105/1618 659/671 655/667 2104/1617 
f 2106/1619 2105/1618 2104/1617 2103/1616 
f 2109/1622 2110/1623 2111/1624 2112/1625 
f 665/677 2109/1622 2112/1625 667/679 
f 2109/1622 665/677 661/673 2108/1621 
f 2110/1623 2109/1622 2108/1621 2107/1620 
f 2113/1626 2114/1627 2115/1628 2116/1629 
f 671/683 2113/1626 2116/1629 673/685 
f 2113/1626 671/683 667/679 2112/1625 
f 2114/1627 2113/1626 2112/1625 2111/1624 
f 2117/1630 2118/1631 2119/1632 2120/1633 
f 677/689 2117/1630 2120/1633 679/691 
f 2117/1630 677/689 673/685 2116/1629 
f 2118/1631 2117/1630 2116/1629 2115/1628 
f 2121/1634 2122/1635 2123/1636 2124/1637 
f 683/695 2121/1634 2124/1637 685/697 
f 2121/1634 683/695 679/691 2120/1633 
f 2122/1635 2121/1634 2120/1633 2119/1632 
f 2125/1638 2126/1639 2127/1640 2128/1641 
f 689/701 2125/1638 2128/1641 691/703 
f 2125/1638 689/701 685/697 2124/1637 
f 2126/1639 2125/1638 2124/1637 2123/1636 
f 2129/1642 2130/1643 2131/1644 2132/1645 
f 695/707 2129/1642 2132/1645 697/709 
f 2129/1642 695/707 691/703 2128/1641 
f 2130/1643 2129/1642 2128/1641 2127/1640 
f 2133/1646 2134/1647 2135/1648 2136/1649 
f 701/713 2133/1646 2136/1649 703/715 
f 2133/1646 701/713 697/709 2132/1645 
f 2134/1647 2133/1646 2132/1645 2131/1644 
f 2137/1650 2138/1651 2139/1652 2140/1653 
f 707/719 2137/1650 2140/1653 709/721 
f 2137/1650 707/719 703/715 2136/1649 
f 2138/1651 2137/1650 2136/1649 2135/1648 
f 2141/1654 2142/1655 2143/1656 2144/1657 
f 713/725 2141/1654 2144/1657 715/727 
f 2141/1654 713/725 709/721 2140/1653 
f 2142/1655 2141/1654 2140/1653 2139/1652 
f 2145/1658 2146/1659 2147/1660 2148/1661 
f 719/731 2145/1658 2148/1661 721/733 
f 2145/1658 719/731 715/727 2144/1657 
f 2146/1659 2145/1658 2144/1657 2143/1656 
f 2149/1662 2150/1663 2151/1664 2152/1665 
f 725/737 2149/1662 2152/1665 727/739 
f 2149/1662 725/737 721/733 2148/1661 
f 2150/1663 2149/1662 2148/1661 2147/1660 
f 2153/1666 2154/1667 2155/1668 2156/1669 
f 731/743 2153/1666 2156/1669 733/745 
f 2153/1666 731/743 727/739 2152/1665 
f 2154/1667 2153/1666 2152/1665 2151/1664 
f 2157/1670 2158/1671 2159/1672 2160/1673 
f 737/749 2157/1670 2160/1673 739/751 
f 2157/1670 737/749 733/745 2156/1669 
f 2158/1671 2157/1670 2156/1669 2155/1668 
f 2161/1674 2162/1675 2163/1676 2164/1677 
f 743/755 2161/1674 2164/1677 745/757 
f 2161/1674 743/755 739/751 2160/1673 
f 2162/1675 2161/1674 2160/1673 2159/1672 
f 2165/1678 2166/1679 2167/1680 2168/1681 
f 749/761 2165/1678 2168/1681 751/763 
f 2165/1678 749/761 745/757 2164/1677 
f 2166/1679 2165/1678 2164/1677 2163/1676 
f 2169/1682 2170/1683 2171/1684 2172/1685 
f 755/767 2169/1682 2172/1685 757/769 
f 2169/1682 755/767 751/763 2168/1681 
f 2170/1683 2169/1682 2168/1681 2167/1680 
f 2173/1686 2174/1687 2175/1688 2176/1689 
f 761/773 2173/1686 2176/1689 763/775 
f 2173/1686 761/773 757/769 2172/1685 
f 2174/1687 2173/1686 2172/1685 2171/1684 
f 2177/1690 2178/1691 2056/1567 2055/1566 
f 767/779 2177/1690 2055/1566 579/588 
f 2177/1690 767/779 763/775 2176/1689 
f 2178/1691 2177/1690 2176/1689 2175/1688 
f 2179/1692 2180/1693 2181/1694 2182/1695 
f 2183/1696 2179/1692 2182/1695 2184/1697 
f 2179/1692 2183/1696 2185/1698 2186/1699 
f 2180/1693 2179/1692 2186/1699 2187/1700 
f 2188/1701 2189/1702 2187/1700 2186/1699 
f 2190/1703 2188/1701 2186/1699 2185/1698 
f 2188/1701 2190/1703 2191/1704 2192/1705 
f 2189/1702 2188/1701 2192/1705 2193/1706 
f 2194/1707 2195/1708 2193/1706 2192/1705 
f 2196/1709 2194/1707 2192/1705 2191/1704 
f 2194/1707 2196/1709 2197/1710 2198/1711 
f 2195/1708 2194/1707 2198/1711 2199/1712 
f 2200/1713 2201/1714 2199/1712 2198/1711 
f 2202/1715 2200/1713 2198/1711 2197/1710 
f 2200/1713 2202/1715 2203/1716 2204/1717 
f 2201/1714 2200/1713 2204/1717 2205/1718 
f 2206/1719 2207/1720 2205/1718 2204/1717 
f 2208/1721 2206/1719 2204/1717 2203/1716 
f 2206/1719 2208/1721 2209/1722 2210/1723 
f 2207/1720 2206/1719 2210/1723 2211/1724 
f 2212/1725 2213/1726 2211/1724 2210/1723 
f 2214/1727 2212/1725 2210/1723 2209/1722 
f 2212/1725 2214/1727 2215/1728 2216/1729 
f 2213/1726 2212/1725 2216/1729 2217/1730 
f 2218/1731 2219/1732 2217/1730 2216/1729 
f 2220/1733 2218/1731 2216/1729 2215/1728 
f 2218/1731 2220/1733 2221/1734 2222/1735 
f 2219/1732 2218/1731 2222/1735 2223/1736 
f 2224/1737 2225/1738 2223/1736 2222/1735 
f 2226/1739 2224/1737 2222/1735 2221/1734 
f 2224/1737 2226/1739 2227/1740 2228/1741 
f 2225/1738 2224/1737 2228/1741 2229/1742 
f 2230/1743 2231/1744 2229/1745 2228/1746 
f 2232/1747 2230/1743 2228/1746 2227/1748 
f 2230/1743 2232/1747 2233/1749 2234/1750 
f 2231/1744 2230/1743 2234/1750 2235/1751 
f 2236/1752 2237/1753 2235/1751 2234/1750 
f 2238/1754 2236/1752 2234/1750 2233/1749 
f 2236/1752 2238/1754 2239/1755 2240/1756 
f 2237/1753 2236/1752 2240/1756 2241/1757 
f 2242/1758 2243/1759 2241/1757 2240/1756 
f 2244/1760 2242/1758 2240/1756 2239/1755 
f 2242/1758 2244/1760 2245/1761 2246/1762 
f 2243/1759 2242/1758 2246/1762 2247/1763 
f 2248/1764 2249/1765 2247/1763 2246/1762 
f 2250/1766 2248/1764 2246/1762 2245/1761 
f 2248/1764 2250/1766 2251/1767 2252/1768 
f 2249/1765 2248/1764 2252/1768 2253/1769 
f 2254/1770 2255/1771 2253/1769 2252/1768 
f 2256/1772 2254/1770 2252/1768 2251/1767 
f 2254/1770 2256/1772 2257/1773 2258/1774 
f 2255/1771 2254/1770 2258/1774 2259/1775 
f 2260/1776 2261/1777 2259/1775 2258/1774 
f 2262/1778 2260/1776 2258/1774 2257/1773 
f 2260/1776 2262/1778 2263/1779 2264/1780 
f 2261/1777 2260/1776 2264/1780 2265/1781 
f 2266/1782 2267/1783 2265/1781 2264/1780 
f 2268/1784 2266/1782 2264/1780 2263/1779 
f 2266/1782 2268/1784 2269/1785 2270/1786 
f 2267/1783 2266/1782 2270/1786 2271/1787 
f 2272/1788 2273/1789 2271/1787 2270/1786 
f 2274/1790 2272/1788 2270/1786 2269/1785 
f 2272/1788 2274/1790 2275/1791 2276/1792 
f 2273/1789 2272/1788 2276/1792 2277/1793 
f 2278/1794 2279/1795 2277/1793 2276/1792 
f 2280/1796 2278/1794 2276/1792 2275/1791 
f 2278/1794 2280/1796 2281/1797 2282/1798 
f 2279/1795 2278/1794 2282/1798 2283/1799 
f 2284/1800 2285/1801 2283/1799 2282/1798 
f 2286/1802 2284/1800 2282/1798 2281/1797 
f 2284/1800 2286/1802 2287/1803 2288/1804 
f 2285/1801 2284/1800 2288/1804 2289/1805 
f 2290/1806 2291/1807 2289/1805 2288/1804 
f 2292/1808 2290/1806 2288/1804 2287/1803 
f 2290/1806 2292/1808 2293/1809 2294/1810 
f 2291/1807 2290/1806 2294/1810 2295/1811 
f 2296/1812 2297/1813 2295/1811 2294/1810 
f 2298/1814 2296/1812 2294/1810 2293/1809 
f 2296/1812 2298/1814 2299/1815 2300/1816 
f 2297/1813 2296/1812 2300/1816 2301/1817 
f 2302/1818 2303/1819 2301/1817 2300/1816 
f 2304/1820 2302/1818 2300/1816 2299/1815 
f 2302/1818 2304/1820 2305/1821 2306/1822 
f 2303/1819 2302/1818 2306/1822 2307/1823 
f 2308/1824 2309/1825 2307/1823 2306/1822 
f 2310/1826 2308/1824 2306/1822 2305/1821 
f 2308/1824 2310/1826 2311/1827 2312/1828 
f 2309/1825 2308/1824 2312/1828 2313/1829 
f 2314/1830 2315/1831 2313/1829 2312/1828 
f 2316/1832 2314/1830 2312/1828 2311/1827 
f 2314/1830 2316/1832 2317/1833 2318/1834 
f 2315/1831 2314/1830 2318/1834 2319/1835 
f 2320/1836 2321/1837 2319/1835 2318/1834 
f 2322/1838 2320/1836 2318/1834 2317/1833 
f 2320/1836 2322/1838 2323/1839 2324/1840 
f 2321/1837 2320/1836 2324/1840 2325/1841 
f 2326/1842 2327/1843 2325/1841 2324/1840 
f 2328/1844 2326/1842 2324/1840 2323/1839 
f 2326/1842 2328/1844 2329/1845 2330/1846 
f 2327/1843 2326/1842 2330/1846 2331/1847 
f 2332/1848 2333/1849 2331/1847 2330/1846 
f 2334/1850 2332/1848 2330/1846 2329/1845 
f 2332/1848 2334/1850 2335/1851 2336/1852 
f 2333/1849 2332/1848 2336/1852 2337/1853 
f 2338/1854 2339/1855 2337/1853 2336/1852 
f 2340/1856 2338/1854 2336/1852 2335/1851 
f 2338/1854 2340/1856 2341/1857 2342/1858 
f 2339/1855 2338/1854 2342/1858 2343/1859 
f 2344/1860 2345/1861 2343/1859 2342/1858 
f 2346/1862 2344/1860 2342/1858 2341/1857 
f 2344/1860 2346/1862 2347/1863 2348/1864 
f 2345/1861 2344/1860 2348/1864 2349/1865 
f 2350/1866 2351/1867 2349/1865 2348/1864 
f 2352/1868 2350/1866 2348/1864 2347/1863 
f 2350/1866 2352/1868 2353/1869 2354/1870 
f 2351/1867 2350/1866 2354/1870 2355/1871 
f 2356/1872 2357/1873 2355/1871 2354/1870 
f 2358/1874 2356/1872 2354/1870 2353/1869 
f 2356/1872 2358/1874 2359/1875 2360/1876 
f 2357/1873 2356/1872 2360/1876 2361/1877 
f 2362/1878 2363/1879 2361/1877 2360/1876 
f 2364/1880 2362/1878 2360/1876 2359/1875 
f 2362/1878 2364/1880 2365/1881 2366/1882 
f 2363/1879 2362/1878 2366/1882 2367/1883 
f 2368/1884 2369/1885 2367/1883 2366/1882 
f 2370/1886 2368/1884 2366/1882 2365/1881 
f 2368/1884 2370/1886 2184/1697 2182/1695 
f 2369/1885 2368/1884 2182/1695 2181/1694 
f 2371/1887 2372/1888 2373/1889 2374/1890 
f 2180/1693 2371/1887 2374/1890 2181/1694 
f 2371/1887 2180/1693 2187/1700 2375/1891 
f 2372/1888 2371/1887 2375/1891 2376/1892 
f 2377/1893 2378/1894 2376/1892 2375/1891 
f 2189/1702 2377/1893 2375/1891 2187/1700 
f 2377/1893 2189/1702 2193/1706 2379/1895 
f 2378/1894 2377/1893 2379/1895 2380/1896 
f 2381/1897 2382/1898 2380/1896 2379/1895 
f 2195/1708 2381/1897 2379/1895 2193/1706 
f 2381/1897 2195/1708 2199/1712 2383/1899 
f 2382/1898 2381/1897 2383/1899 2384/1900 
f 2385/1901 2386/1902 2384/1900 2383/1899 
f 2201/1714 2385/1901 2383/1899 2199/1712 
f 2385/1901 2201/1714 2205/1718 2387/1903 
f 2386/1902 2385/1901 2387/1903 2388/1904 
f 2389/1905 2390/1906 2388/1904 2387/1903 
f 2207/1720 2389/1905 2387/1903 2205/1718 
f 2389/1905 2207/1720 2211/1724 2391/1907 
f 2390/1906 2389/1905 2391/1907 2392/1908 
f 2393/1909 2394/1910 2392/1908 2391/1907 
f 2213/1726 2393/1909 2391/1907 2211/1724 
f 2393/1909 2213/1726 2217/1730 2395/1911 
f 2394/1910 2393/1909 2395/1911 2396/1912 
f 2397/1913 2398/1914 2396/1912 2395/1911 
f 2219/1732 2397/1913 2395/1911 2217/1730 
f 2397/1913 2219/1732 2223/1736 2399/1915 
f 2398/1914 2397/1913 2399/1915 2400/1916 
f 2401/1917 2402/1918 2400/1916 2399/1915 
f 2225/1738 2401/1917 2399/1915 2223/1736 
f 2401/1917 2225/1738 2229/1742 2403/1919 
f 2402/1918 2401/1917 2403/1919 2404/1920 
f 2405/1921 2406/1922 2404/1923 2403/1924 
f 2231/1744 2405/1921 2403/1924 2229/1745 
f 2405/1921 2231/1744 2235/1751 2407/1925 
f 2406/1922 2405/1921 2407/1925 2408/1926 
f 2409/1927 2410/1928 2408/1926 2407/1925 
f 2237/1753 2409/1927 2407/1925 2235/1751 
f 2409/1927 2237/1753 2241/1757 2411/1929 
f 2410/1928 2409/1927 2411/1929 2412/1930 
f 2413/1931 2414/1932 2412/1930 2411/1929 
f 2243/1759 2413/1931 2411/1929 2241/1757 
f 2413/1931 2243/1759 2247/1763 2415/1933 
f 2414/1932 2413/1931 2415/1933 2416/1934 
f 2417/1935 2418/1936 2416/1934 2415/1933 
f 2249/1765 2417/1935 2415/1933 2247/1763 
f 2417/1935 2249/1765 2253/1769 2419/1937 
f 2418/1936 2417/1935 2419/1937 2420/1938 
f 2421/1939 2422/1940 2420/1938 2419/1937 
f 2255/1771 2421/1939 2419/1937 2253/1769 
f 2421/1939 2255/1771 2259/1775 2423/1941 
f 2422/1940 2421/1939 2423/1941 2424/1942 
f 2425/1943 2426/1944 2424/1942 2423/1941 
f 2261/1777 2425/1943 2423/1941 2259/1775 
f 2425/1943 2261/1777 2265/1781 2427/1945 
f 2426/1944 2425/1943 2427/1945 2428/1946 
f 2429/1947 2430/1948 2428/1946 2427/1945 
f 2267/1783 2429/1947 2427/1945 2265/1781 
f 2429/1947 2267/1783 2271/1787 2431/1949 
f 2430/1948 2429/1947 2431/1949 2432/1950 
f 2433/1951 2434/1952 2432/1950 2431/1949 
f 2273/1789 2433/1951 2431/1949 2271/1787 
f 2433/1951 2273/1789 2277/1793 2435/1953 
f 2434/1952 2433/1951 2435/1953 2436/1954 
f 2437/1955 2438/1956 2436/1954 2435/1953 
f 2279/1795 2437/1955 2435/1953 2277/1793 
f 2437/1955 2279/1795 2283/1799 2439/1957 
f 2438/1956 2437/1955 2439/1957 2440/1958 
f 2441/1959 2442/1960 2440/1958 2439/1957 
f 2285/1801 2441/1959 2439/1957 2283/1799 
f 2441/1959 2285/1801 2289/1805 2443/1961 
f 2442/1960 2441/1959 2443/1961 2444/1962 
f 2445/1963 2446/1964 2444/1962 2443/1961 
f 2291/1807 2445/1963 2443/1961 2289/1805 
f 2445/1963 2291/1807 2295/1811 2447/1965 
f 2446/1964 2445/1963 2447/1965 2448/1966 
f 2449/1967 2450/1968 2448/1966 2447/1965 
f 2297/1813 2449/1967 2447/1965 2295/1811 
f 2449/1967 2297/1813 2301/1817 2451/1969 
f 2450/1968 2449/1967 2451/1969 2452/1970 
f 2453/1971 2454/1972 2452/1970 2451/1969 
f 2303/1819 2453/1971 2451/1969 2301/1817 
f 2453/1971 2303/1819 2307/1823 2455/1973 
f 2454/1972 2453/1971 2455/1973 2456/1974 
f 2457/1975 2458/1976 2456/1974 2455/1973 
f 2309/1825 2457/1975 2455/1973 2307/1823 
f 2457/1975 2309/1825 2313/1829 2459/1977 
f 2458/1976 2457/1975 2459/1977 2460/1978 
f 2461/1979 2462/1980 2460/1978 2459/1977 
f 2315/1831 2461/1979 2459/1977 2313/1829 
f 2461/1979 2315/1831 2319/1835 2463/1981 
f 2462/1980 2461/1979 2463/1981 2464/1982 
f 2465/1983 2466/1984 2464/1982 2463/1981 
f 2321/1837 2465/1983 2463/1981 2319/1835 
f 2465/1983 2321/1837 2325/1841 2467/1985 
f 2466/1984 2465/1983 2467/1985 2468/1986 
f 2469/1987 2470/1988 2468/1986 2467/1985 
f 2327/1843 2469/1987 2467/1985 2325/1841 
f 2469/1987 2327/1843 2331/1847 2471/1989 
f 2470/1988 2469/1987 2471/1989 2472/1990 
f 2473/1991 2474/1992 2472/1990 2471/1989 
f 2333/1849 2473/1991 2471/1989 2331/1847 
f 2473/1991 2333/1849 2337/1853 2475/1993 
f 2474/1992 2473/1991 2475/1993 2476/1994 
f 2477/1995 2478/1996 2476/1994 2475/1993 
f 2339/1855 2477/1995 2475/1993 2337/1853 
f 2477/1995 2339/1855 2343/1859 2479/1997 
f 2478/1996 2477/1995 2479/1997 2480/1998 
f 2481/1999 2482/2000 2480/1998 2479/1997 
f 2345/1861 2481/1999 2479/1997 2343/1859 
f 2481/1999 2345/1861 2349/1865 2483/2001 
f 2482/2000 2481/1999 2483/2001 2484/2002 
f 2485/2003 2486/2004 2484/2002 2483/2001 
f 2351/1867 2485/2003 2483/2001 2349/1865 
f 2485/2003 2351/1867 2355/1871 2487/2005 
f 2486/2004 2485/2003 2487/2005 2488/2006 
f 2489/2007 2490/2008 2488/2006 2487/2005 
f 2357/1873 2489/2007 2487/2005 2355/1871 
f 2489/2007 2357/1873 2361/1877 2491/2009 
f 2490/2008 2489/2007 2491/2009 2492/2010 
f 2493/2011 2494/2012 2492/2010 2491/2009 
f 2363/1879 2493/2011 2491/2009 2361/1877 
f 2493/2011 2363/1879 2367/1883 2495/2013 
f 2494/2012 2493/2011 2495/2013 2496/2014 
f 2497/2015 2498/2016 2496/2014 2495/2013 
f 2369/1885 2497/2015 2495/2013 2367/1883 
f 2497/2015 2369/1885 2181/1694 2374/1890 
f 2498/2016 2497/2015 2374/1890 2373/1889 
f 2499/2017 584/593 583/592 2500/2018 
f 2183/1696 2499/2017 2500/2018 2185/1698 
f 2499/2017 2183/1696 2184/1697 2501/2019 
f 584/593 2499/2017 2501/2019 585/594 
f 2502/2020 591/600 590/599 2503/2021 
f 2190/1703 2502/2020 2503/2021 2191/1704 
f 2502/2020 2190/1703 2185/1698 2500/2018 
f 591/600 2502/2020 2500/2018 583/592 
f 2504/2022 597/606 596/605 2505/2023 
f 2196/1709 2504/2022 2505/2023 2197/1710 
f 2504/2022 2196/1709 2191/1704 2503/2021 
f 597/606 2504/2022 2503/2021 590/599 
f 2506/2024 603/612 602/611 2507/2025 
f 2202/1715 2506/2024 2507/2025 2203/1716 
f 2506/2024 2202/1715 2197/1710 2505/2023 
f 603/612 2506/2024 2505/2023 596/605 
f 2508/2026 609/618 608/617 2509/2027 
f 2208/1721 2508/2026 2509/2027 2209/1722 
f 2508/2026 2208/1721 2203/1716 2507/2025 
f 609/618 2508/2026 2507/2025 602/611 
f 2510/2028 615/624 614/623 2511/2029 
f 2214/1727 2510/2028 2511/2029 2215/1728 
f 2510/2028 2214/1727 2209/1722 2509/2027 
f 615/624 2510/2028 2509/2027 608/617 
f 2512/2030 621/630 620/629 2513/2031 
f 2220/1733 2512/2030 2513/2031 2221/1734 
f 2512/2030 2220/1733 2215/1728 2511/2029 
f 621/630 2512/2030 2511/2029 614/623 
f 2514/2032 627/636 626/635 2515/2033 
f 2226/1739 2514/2032 2515/2033 2227/1740 
f 2514/2032 2226/1739 2221/1734 2513/2031 
f 627/636 2514/2032 2513/2031 620/629 
f 2516/2034 633/644 632/643 2517/2035 
f 2232/1747 2516/2034 2517/2035 2233/1749 
f 2516/2034 2232/1747 2227/1748 2515/2036 
f 633/644 2516/2034 2515/2036 626/645 
f 2518/2037 639/651 638/650 2519/2038 
f 2238/1754 2518/2037 2519/2038 2239/1755 
f 2518/2037 2238/1754 2233/1749 2517/2035 
f 639/651 2518/2037 2517/2035 632/643 
f 2520/2039 645/657 644/656 2521/2040 
f 2244/1760 2520/2039 2521/2040 2245/1761 
f 2520/2039 2244/1760 2239/1755 2519/2038 
f 645/657 2520/2039 2519/2038 638/650 
f 2522/2041 651/663 650/662 2523/2042 
f 2250/1766 2522/2041 2523/2042 2251/1767 
f 2522/2041 2250/1766 2245/1761 2521/2040 
f 651/663 2522/2041 2521/2040 644/656 
f 2524/2043 657/669 656/668 2525/2044 
f 2256/1772 2524/2043 2525/2044 2257/1773 
f 2524/2043 2256/1772 2251/1767 2523/2042 
f 657/669 2524/2043 2523/2042 650/662 
f 2526/2045 663/675 662/674 2527/2046 
f 2262/1778 2526/2045 2527/2046 2263/1779 
f 2526/2045 2262/1778 2257/1773 2525/2044 
f 663/675 2526/2045 2525/2044 656/668 
f 2528/2047 669/681 668/680 2529/2048 
f 2268/1784 2528/2047 2529/2048 2269/1785 
f 2528/2047 2268/1784 2263/1779 2527/2046 
f 669/681 2528/2047 2527/2046 662/674 
f 2530/2049 675/687 674/686 2531/2050 
f 2274/1790 2530/2049 2531/2050 2275/1791 
f 2530/2049 2274/1790 2269/1785 2529/2048 
f 675/687 2530/2049 2529/2048 668/680 
f 2532/2051 681/693 680/692 2533/2052 
f 2280/1796 2532/2051 2533/2052 2281/1797 
f 2532/2051 2280/1796 2275/1791 2531/2050 
f 681/693 2532/2051 2531/2050 674/686 
f 2534/2053 687/699 686/698 2535/2054 
f 2286/1802 2534/2053 2535/2054 2287/1803 
f 2534/2053 2286/1802 2281/1797 2533/2052 
f 687/699 2534/2053 2533/2052 680/692 
f 2536/2055 693/705 692/704 2537/2056 
f 2292/1808 2536/2055 2537/2056 2293/1809 
f 2536/2055 2292/1808 2287/1803 2535/2054 
f 693/705 2536/2055 2535/2054 686/698 
f 2538/2057 699/711 698/710 2539/2058 
f 2298/1814 2538/2057 2539/2058 2299/1815 
f 2538/2057 2298/1814 2293/1809 2537/2056 
f 699/711 2538/2057 2537/2056 692/704 
f 2540/2059 705/717 704/716 2541/2060 
f 2304/1820 2540/2059 2541/2060 2305/1821 
f 2540/2059 2304/1820 2299/1815 2539/2058 
f 705/717 2540/2059 2539/2058 698/710 
f 2542/2061 711/723 710/722 2543/2062 
f 2310/1826 2542/2061 2543/2062 2311/1827 
f 2542/2061 2310/1826 2305/1821 2541/2060 
f 711/723 2542/2061 2541/2060 704/716 
f 2544/2063 717/729 716/728 2545/2064 
f 2316/1832 2544/2063 2545/2064 2317/1833 
f 2544/2063 2316/1832 2311/1827 2543/2062 
f 717/729 2544/2063 2543/2062 710/722 
f 2546/2065 723/735 722/734 2547/2066 
f 2322/1838 2546/2065 2547/2066 2323/1839 
f 2546/2065 2322/1838 2317/1833 2545/2064 
f 723/735 2546/2065 2545/2064 716/728 
f 2548/2067 729/741 728/740 2549/2068 
f 2328/1844 2548/2067 2549/2068 2329/1845 
f 2548/2067 2328/1844 2323/1839 2547/2066 
f 729/741 2548/2067 2547/2066 722/734 
f 2550/2069 735/747 734/746 2551/2070 
f 2334/1850 2550/2069 2551/2070 2335/1851 
f 2550/2069 2334/1850 2329/1845 2549/2068 
f 735/747 2550/2069 2549/2068 728/740 
f 2552/2071 741/753 740/752 2553/2072 
f 2340/1856 2552/2071 2553/2072 2341/1857 
f 2552/2071 2340/1856 2335/1851 2551/2070 
f 741/753 2552/2071 2551/2070 734/746 
f 2554/2073 747/759 746/758 2555/2074 
f 2346/1862 2554/2073 2555/2074 2347/1863 
f 2554/2073 2346/1862 2341/1857 2553/2072 
f 747/759 2554/2073 2553/2072 740/752 
f 2556/2075 753/765 752/764 2557/2076 
f 2352/1868 2556/2075 2557/2076 2353/1869 
f 2556/2075 2352/1868 2347/1863 2555/2074 
f 753/765 2556/2075 2555/2074 746/758 
f 2558/2077 759/771 758/770 2559/2078 
f 2358/1874 2558/2077 2559/2078 2359/1875 
f 2558/2077 2358/1874 2353/1869 2557/2076 
f 759/771 2558/2077 2557/2076 752/764 
f 2560/2079 765/777 764/776 2561/2080 
f 2364/1880 2560/2079 2561/2080 2365/1881 
f 2560/2079 2364/1880 2359/1875 2559/2078 
f 765/777 2560/2079 2559/2078 758/770 
f 2562/2081 768/780 585/594 2501/2019 
f 2370/1886 2562/2081 2501/2019 2184/1697 
f 2562/2081 2370/1886 2365/1881 2561/2080 
f 768/780 2562/2081 2561/2080 764/776 
f 2563/2082 389/395 390/396 2564/2083 
f 1736/1242 2563/2082 2564/2083 1738/1244 
f 2563/2082 1736/1242 1737/1243 2565/2084 
f 389/395 2563/2082 2565/2084 391/397 
usemtl st_red
f 2566/2085 386/392 393/399 2567/2086 
f 1925/1434 2566/2085 2567/2086 1927/1436 
f 2566/2085 1925/1434 1926/1435 2568/2087 
f 386/392 2566/2085 2568/2087 387/393 
usemtl white_st
f 2569/2088 396/402 391/397 2565/2084 
f 1922/1431 2569/2088 2565/2084 1737/1243 
f 2569/2088 1922/1431 1918/1427 2570/2089 
f 396/402 2569/2088 2570/2089 397/403 
usemtl st_red
f 2571/2090 395/401 399/405 2572/2091 
f 2050/1561 2571/2090 2572/2091 2048/1559 
f 2571/2090 2050/1561 1927/1436 2567/2086 
f 395/401 2571/2090 2567/2086 393/399 
usemtl white_st
f 2573/2092 402/408 397/403 2570/2089 
f 1917/1426 2573/2092 2570/2089 1918/1427 
f 2573/2092 1917/1426 1912/1421 2574/2093 
f 402/408 2573/2092 2574/2093 403/409 
usemtl st_red
f 2575/2094 401/407 405/411 2576/2095 
f 2047/1558 2575/2094 2576/2095 2044/1555 
f 2575/2094 2047/1558 2048/1559 2572/2091 
f 401/407 2575/2094 2572/2091 399/405 
usemtl white_st
f 2577/2096 408/414 403/409 2574/2093 
f 1911/1420 2577/2096 2574/2093 1912/1421 
f 2577/2096 1911/1420 1906/1415 2578/2097 
f 408/414 2577/2096 2578/2097 409/415 
usemtl st_red
f 2579/2098 407/413 411/417 2580/2099 
f 2043/1554 2579/2098 2580/2099 2040/1551 
f 2579/2098 2043/1554 2044/1555 2576/2095 
f 407/413 2579/2098 2576/2095 405/411 
usemtl white_st
f 2581/2100 414/420 409/415 2578/2097 
f 1905/1414 2581/2100 2578/2097 1906/1415 
f 2581/2100 1905/1414 1900/1409 2582/2101 
f 414/420 2581/2100 2582/2101 415/421 
usemtl st_red
f 2583/2102 413/419 417/423 2584/2103 
f 2039/1550 2583/2102 2584/2103 2036/1547 
f 2583/2102 2039/1550 2040/1551 2580/2099 
f 413/419 2583/2102 2580/2099 411/417 
usemtl white_st
f 2585/2104 420/426 415/421 2582/2101 
f 1899/1408 2585/2104 2582/2101 1900/1409 
f 2585/2104 1899/1408 1894/1403 2586/2105 
f 420/426 2585/2104 2586/2105 421/427 
usemtl st_red
f 2587/2106 419/425 423/429 2588/2107 
f 2035/1546 2587/2106 2588/2107 2032/1543 
f 2587/2106 2035/1546 2036/1547 2584/2103 
f 419/425 2587/2106 2584/2103 417/423 
usemtl white_st
f 2589/2108 426/432 421/427 2586/2105 
f 1893/1402 2589/2108 2586/2105 1894/1403 
f 2589/2108 1893/1402 1888/1397 2590/2109 
f 426/432 2589/2108 2590/2109 427/433 
usemtl st_red
f 2591/2110 425/431 429/435 2592/2111 
f 2031/1542 2591/2110 2592/2111 2028/1539 
f 2591/2110 2031/1542 2032/1543 2588/2107 
f 425/431 2591/2110 2588/2107 423/429 
usemtl white_st
f 2593/2112 432/438 427/433 2590/2109 
f 1887/1396 2593/2112 2590/2109 1888/1397 
f 2593/2112 1887/1396 1882/1391 2594/2113 
f 432/438 2593/2112 2594/2113 433/439 
usemtl st_red
f 2595/2114 431/437 435/441 2596/2115 
f 2027/1538 2595/2114 2596/2115 2024/1535 
f 2595/2114 2027/1538 2028/1539 2592/2111 
f 431/437 2595/2114 2592/2111 429/435 
usemtl white_st
f 2597/2116 438/444 433/439 2594/2113 
f 1881/1390 2597/2116 2594/2113 1882/1391 
f 2597/2116 1881/1390 1876/1385 2598/2117 
f 438/444 2597/2116 2598/2117 439/445 
usemtl st_red
f 2599/2118 437/443 441/447 2600/2119 
f 2023/1534 2599/2118 2600/2119 2020/1531 
f 2599/2118 2023/1534 2024/1535 2596/2115 
f 437/443 2599/2118 2596/2115 435/441 
usemtl white_st
f 2601/2120 444/450 439/445 2598/2117 
f 1875/1384 2601/2120 2598/2117 1876/1385 
f 2601/2120 1875/1384 1870/1379 2602/2121 
f 444/450 2601/2120 2602/2121 445/451 
usemtl st_red
f 2603/2122 443/449 447/453 2604/2123 
f 2019/1530 2603/2122 2604/2123 2016/1527 
f 2603/2122 2019/1530 2020/1531 2600/2119 
f 443/449 2603/2122 2600/2119 441/447 
usemtl white_st
f 2605/2124 450/456 445/451 2602/2121 
f 1869/1378 2605/2124 2602/2121 1870/1379 
f 2605/2124 1869/1378 1864/1373 2606/2125 
f 450/456 2605/2124 2606/2125 451/457 
usemtl st_red
f 2607/2126 449/455 453/459 2608/2127 
f 2015/1526 2607/2126 2608/2127 2012/1523 
f 2607/2126 2015/1526 2016/1527 2604/2123 
f 449/455 2607/2126 2604/2123 447/453 
usemtl white_st
f 2609/2128 456/462 451/457 2606/2125 
f 1863/1372 2609/2128 2606/2125 1864/1373 
f 2609/2128 1863/1372 1858/1367 2610/2129 
f 456/462 2609/2128 2610/2129 457/463 
usemtl st_red
f 2611/2130 455/461 459/465 2612/2131 
f 2011/1522 2611/2130 2612/2131 2008/1519 
f 2611/2130 2011/1522 2012/1523 2608/2127 
f 455/461 2611/2130 2608/2127 453/459 
usemtl white_st
f 2613/2132 462/468 457/463 2610/2129 
f 1857/1366 2613/2132 2610/2129 1858/1367 
f 2613/2132 1857/1366 1852/1361 2614/2133 
f 462/468 2613/2132 2614/2133 463/469 
usemtl st_red
f 2615/2134 461/467 465/471 2616/2135 
f 2007/1518 2615/2134 2616/2135 2004/1515 
f 2615/2134 2007/1518 2008/1519 2612/2131 
f 461/467 2615/2134 2612/2131 459/465 
usemtl white_st
f 2617/2136 468/474 463/469 2614/2133 
f 1851/1360 2617/2136 2614/2133 1852/1361 
f 2617/2136 1851/1360 1846/1355 2618/2137 
f 468/474 2617/2136 2618/2137 469/475 
usemtl st_red
f 2619/2138 467/473 471/477 2620/2139 
f 2003/1514 2619/2138 2620/2139 2000/1511 
f 2619/2138 2003/1514 2004/1515 2616/2135 
f 467/473 2619/2138 2616/2135 465/471 
usemtl white_st
f 2621/2140 474/480 469/475 2618/2137 
f 1845/1354 2621/2140 2618/2137 1846/1355 
f 2621/2140 1845/1354 1840/1349 2622/2141 
f 474/480 2621/2140 2622/2141 475/481 
usemtl st_red
f 2623/2142 473/479 477/483 2624/2143 
f 1999/1510 2623/2142 2624/2143 1996/1507 
f 2623/2142 1999/1510 2000/1511 2620/2139 
f 473/479 2623/2142 2620/2139 471/477 
usemtl white_st
f 2625/2144 480/486 475/481 2622/2141 
f 1839/1348 2625/2144 2622/2141 1840/1349 
f 2625/2144 1839/1348 1834/1343 2626/2145 
f 480/486 2625/2144 2626/2145 481/487 
usemtl st_red
f 2627/2146 479/485 483/489 2628/2147 
f 1995/1506 2627/2146 2628/2147 1992/1503 
f 2627/2146 1995/1506 1996/1507 2624/2143 
f 479/485 2627/2146 2624/2143 477/483 
usemtl white_st
f 2629/2148 486/492 481/487 2626/2145 
f 1833/1342 2629/2148 2626/2145 1834/1343 
f 2629/2148 1833/1342 1828/1337 2630/2149 
f 486/492 2629/2148 2630/2149 487/493 
usemtl st_red
f 2631/2150 485/491 489/495 2632/2151 
f 1991/1502 2631/2150 2632/2151 1988/1499 
f 2631/2150 1991/1502 1992/1503 2628/2147 
f 485/491 2631/2150 2628/2147 483/489 
usemtl white_st
f 2633/2152 492/498 487/493 2630/2149 
f 1827/1336 2633/2152 2630/2149 1828/1337 
f 2633/2152 1827/1336 1822/1331 2634/2153 
f 492/498 2633/2152 2634/2153 493/499 
usemtl st_red
f 2635/2154 491/497 495/501 2636/2155 
f 1987/1498 2635/2154 2636/2155 1984/1495 
f 2635/2154 1987/1498 1988/1499 2632/2151 
f 491/497 2635/2154 2632/2151 489/495 
usemtl white_st
f 2637/2156 498/504 493/499 2634/2153 
f 1821/1330 2637/2156 2634/2153 1822/1331 
f 2637/2156 1821/1330 1816/1325 2638/2157 
f 498/504 2637/2156 2638/2157 499/505 
usemtl st_red
f 2639/2158 497/503 501/507 2640/2159 
f 1983/1494 2639/2158 2640/2159 1980/1491 
f 2639/2158 1983/1494 1984/1495 2636/2155 
f 497/503 2639/2158 2636/2155 495/501 
usemtl white_st
f 2641/2160 504/510 499/505 2638/2157 
f 1815/1324 2641/2160 2638/2157 1816/1325 
f 2641/2160 1815/1324 1810/1319 2642/2161 
f 504/510 2641/2160 2642/2161 505/511 
usemtl st_red
f 2643/2162 503/509 507/513 2644/2163 
f 1979/1490 2643/2162 2644/2163 1976/1487 
f 2643/2162 1979/1490 1980/1491 2640/2159 
f 503/509 2643/2162 2640/2159 501/507 
usemtl white_st
f 2645/2164 510/516 505/511 2642/2161 
f 1809/1318 2645/2164 2642/2161 1810/1319 
f 2645/2164 1809/1318 1804/1313 2646/2165 
f 510/516 2645/2164 2646/2165 511/517 
usemtl st_red
f 2647/2166 509/515 513/519 2648/2167 
f 1975/1486 2647/2166 2648/2167 1972/1483 
f 2647/2166 1975/1486 1976/1487 2644/2163 
f 509/515 2647/2166 2644/2163 507/513 
usemtl white_st
f 2649/2168 516/522 511/517 2646/2165 
f 1803/1312 2649/2168 2646/2165 1804/1313 
f 2649/2168 1803/1312 1798/1307 2650/2169 
f 516/522 2649/2168 2650/2169 517/523 
usemtl st_red
f 2651/2170 515/521 519/525 2652/2171 
f 1971/1482 2651/2170 2652/2171 1968/1479 
f 2651/2170 1971/1482 1972/1483 2648/2167 
f 515/521 2651/2170 2648/2167 513/519 
usemtl white_st
f 2653/2172 522/528 517/523 2650/2169 
f 1797/1306 2653/2172 2650/2169 1798/1307 
f 2653/2172 1797/1306 1792/1301 2654/2173 
f 522/528 2653/2172 2654/2173 523/529 
usemtl st_red
f 2655/2174 521/527 525/531 2656/2175 
f 1967/1478 2655/2174 2656/2175 1964/1475 
f 2655/2174 1967/1478 1968/1479 2652/2171 
f 521/527 2655/2174 2652/2171 519/525 
usemtl white_st
f 2657/2176 528/534 523/529 2654/2173 
f 1791/1300 2657/2176 2654/2173 1792/1301 
f 2657/2176 1791/1300 1786/1295 2658/2177 
f 528/534 2657/2176 2658/2177 529/535 
usemtl st_red
f 2659/2178 527/533 531/537 2660/2179 
f 1963/1474 2659/2178 2660/2179 1960/1469 
f 2659/2178 1963/1474 1964/1475 2656/2175 
f 527/533 2659/2178 2656/2175 525/531 
usemtl white_st
f 2661/2180 534/540 529/535 2658/2177 
f 1785/1293 2661/2180 2658/2177 1786/1295 
f 2661/2180 1785/1293 1780/1294 2662/2181 
f 534/540 2661/2180 2662/2181 535/541 
usemtl st_red
f 2663/2182 533/539 537/543 2664/2183 
f 1959/1468 2663/2182 2664/2183 1956/1470 
f 2663/2182 1959/1468 1960/1469 2660/2179 
f 533/539 2663/2182 2660/2179 531/537 
usemtl white_st
f 2665/2184 540/548 535/549 2662/2185 
f 1779/1285 2665/2184 2662/2185 1780/1286 
f 2665/2184 1779/1285 1774/1280 2666/2186 
f 540/548 2665/2184 2666/2186 541/550 
usemtl st_red
f 2667/2187 539/545 543/552 2668/2188 
f 1955/1464 2667/2187 2668/2188 1952/1461 
f 2667/2187 1955/1464 1956/1465 2664/2189 
f 539/545 2667/2187 2664/2189 537/546 
usemtl white_st
f 2669/2190 546/555 541/550 2666/2186 
f 1773/1279 2669/2190 2666/2186 1774/1280 
f 2669/2190 1773/1279 1768/1274 2670/2191 
f 546/555 2669/2190 2670/2191 547/556 
usemtl st_red
f 2671/2192 545/554 549/558 2672/2193 
f 1951/1460 2671/2192 2672/2193 1948/1457 
f 2671/2192 1951/1460 1952/1461 2668/2188 
f 545/554 2671/2192 2668/2188 543/552 
usemtl white_st
f 2673/2194 552/561 547/556 2670/2191 
f 1767/1273 2673/2194 2670/2191 1768/1274 
f 2673/2194 1767/1273 1762/1268 2674/2195 
f 552/561 2673/2194 2674/2195 553/562 
usemtl st_red
f 2675/2196 551/560 555/564 2676/2197 
f 1947/1456 2675/2196 2676/2197 1944/1453 
f 2675/2196 1947/1456 1948/1457 2672/2193 
f 551/560 2675/2196 2672/2193 549/558 
usemtl white_st
f 2677/2198 558/567 553/562 2674/2195 
f 1761/1267 2677/2198 2674/2195 1762/1268 
f 2677/2198 1761/1267 1756/1262 2678/2199 
f 558/567 2677/2198 2678/2199 559/568 
usemtl st_red
f 2679/2200 557/566 561/570 2680/2201 
f 1943/1452 2679/2200 2680/2201 1940/1449 
f 2679/2200 1943/1452 1944/1453 2676/2197 
f 557/566 2679/2200 2676/2197 555/564 
usemtl white_st
f 2681/2202 564/573 559/568 2678/2199 
f 1755/1261 2681/2202 2678/2199 1756/1262 
f 2681/2202 1755/1261 1750/1256 2682/2203 
f 564/573 2681/2202 2682/2203 565/574 
usemtl st_red
f 2683/2204 563/572 567/576 2684/2205 
f 1939/1448 2683/2204 2684/2205 1936/1445 
f 2683/2204 1939/1448 1940/1449 2680/2201 
f 563/572 2683/2204 2680/2201 561/570 
usemtl white_st
f 2685/2206 570/579 565/574 2682/2203 
f 1749/1255 2685/2206 2682/2203 1750/1256 
f 2685/2206 1749/1255 1744/1250 2686/2207 
f 570/579 2685/2206 2686/2207 571/580 
usemtl st_red
f 2687/2208 569/578 573/582 2688/2209 
f 1935/1444 2687/2208 2688/2209 1932/1441 
f 2687/2208 1935/1444 1936/1445 2684/2205 
f 569/578 2687/2208 2684/2205 567/576 
usemtl white_st
f 2689/2210 576/585 571/580 2686/2207 
f 1743/1249 2689/2210 2686/2207 1744/1250 
f 2689/2210 1743/1249 1738/1244 2564/2083 
f 576/585 2689/2210 2564/2083 390/396 
usemtl st_red
f 2690/2211 575/584 387/393 2568/2087 
f 1931/1440 2690/2211 2568/2087 1926/1435 
f 2690/2211 1931/1440 1932/1441 2688/2209 
f 575/584 2690/2211 2688/2209 573/582 
f 2691/2212 2692/2213 2693/2214 2694/2215 
f 2695/2216 2691/2212 2694/2215 2696/2217 
f 2691/2212 2695/2216 2697/2218 2698/2219 
f 2692/2213 2691/2212 2698/2219 2699/2220 
f 2700/2221 2701/2222 2699/2220 2698/2219 
f 2702/2223 2700/2221 2698/2219 2697/2218 
f 2700/2221 2702/2223 2703/2224 2704/2225 
f 2701/2222 2700/2221 2704/2225 2705/2226 
f 2706/2227 2707/2228 2705/2226 2704/2225 
f 2708/2229 2706/2227 2704/2225 2703/2224 
f 2706/2227 2708/2229 2709/2230 2710/2231 
f 2707/2228 2706/2227 2710/2231 2711/2232 
f 2712/2233 2713/2234 2711/2232 2710/2231 
f 2714/2235 2712/2233 2710/2231 2709/2230 
f 2712/2233 2714/2235 2715/2236 2716/2237 
f 2713/2234 2712/2233 2716/2237 2717/2238 
f 2718/2239 2719/2240 2717/2238 2716/2237 
f 2720/2241 2718/2239 2716/2237 2715/2236 
f 2718/2239 2720/2241 2721/2242 2722/2243 
f 2719/2240 2718/2239 2722/2243 2723/2244 
f 2724/2245 2725/2246 2723/2244 2722/2243 
f 2726/2247 2724/2245 2722/2243 2721/2242 
f 2724/2245 2726/2247 2727/2248 2728/2249 
f 2725/2246 2724/2245 2728/2249 2729/2250 
f 2730/2251 2731/2252 2729/2250 2728/2249 
f 2732/2253 2730/2251 2728/2249 2727/2248 
f 2730/2251 2732/2253 2733/2254 2734/2255 
f 2731/2252 2730/2251 2734/2255 2735/2256 
f 2736/2257 2737/2258 2735/2256 2734/2255 
f 2738/2259 2736/2257 2734/2255 2733/2254 
f 2736/2257 2738/2259 2739/2260 2740/2261 
f 2737/2258 2736/2257 2740/2261 2741/2262 
f 2742/2263 2743/2264 2741/2265 2740/2266 
f 2744/2267 2742/2263 2740/2266 2739/2268 
f 2742/2263 2744/2267 2745/2269 2746/2270 
f 2743/2264 2742/2263 2746/2270 2747/2271 
f 2748/2272 2749/2273 2747/2271 2746/2270 
f 2750/2274 2748/2272 2746/2270 2745/2269 
f 2748/2272 2750/2274 2751/2275 2752/2276 
f 2749/2273 2748/2272 2752/2276 2753/2277 
f 2754/2278 2755/2279 2753/2277 2752/2276 
f 2756/2280 2754/2278 2752/2276 2751/2275 
f 2754/2278 2756/2280 2757/2281 2758/2282 
f 2755/2279 2754/2278 2758/2282 2759/2283 
f 2760/2284 2761/2285 2759/2283 2758/2282 
f 2762/2286 2760/2284 2758/2282 2757/2281 
f 2760/2284 2762/2286 2763/2287 2764/2288 
f 2761/2285 2760/2284 2764/2288 2765/2289 
f 2766/2290 2767/2291 2765/2289 2764/2288 
f 2768/2292 2766/2290 2764/2288 2763/2287 
f 2766/2290 2768/2292 2769/2293 2770/2294 
f 2767/2291 2766/2290 2770/2294 2771/2295 
f 2772/2296 2773/2297 2771/2295 2770/2294 
f 2774/2298 2772/2296 2770/2294 2769/2293 
f 2772/2296 2774/2298 2775/2299 2776/2300 
f 2773/2297 2772/2296 2776/2300 2777/2301 
f 2778/2302 2779/2303 2777/2301 2776/2300 
f 2780/2304 2778/2302 2776/2300 2775/2299 
f 2778/2302 2780/2304 2781/2305 2782/2306 
f 2779/2303 2778/2302 2782/2306 2783/2307 
f 2784/2308 2785/2309 2783/2307 2782/2306 
f 2786/2310 2784/2308 2782/2306 2781/2305 
f 2784/2308 2786/2310 2787/2311 2788/2312 
f 2785/2309 2784/2308 2788/2312 2789/2313 
f 2790/2314 2791/2315 2789/2313 2788/2312 
f 2792/2316 2790/2314 2788/2312 2787/2311 
f 2790/2314 2792/2316 2793/2317 2794/2318 
f 2791/2315 2790/2314 2794/2318 2795/2319 
f 2796/2320 2797/2321 2795/2319 2794/2318 
f 2798/2322 2796/2320 2794/2318 2793/2317 
f 2796/2320 2798/2322 2799/2323 2800/2324 
f 2797/2321 2796/2320 2800/2324 2801/2325 
f 2802/2326 2803/2327 2801/2325 2800/2324 
f 2804/2328 2802/2326 2800/2324 2799/2323 
f 2802/2326 2804/2328 2805/2329 2806/2330 
f 2803/2327 2802/2326 2806/2330 2807/2331 
f 2808/2332 2809/2333 2807/2331 2806/2330 
f 2810/2334 2808/2332 2806/2330 2805/2329 
f 2808/2332 2810/2334 2811/2335 2812/2336 
f 2809/2333 2808/2332 2812/2336 2813/2337 
f 2814/2338 2815/2339 2813/2337 2812/2336 
f 2816/2340 2814/2338 2812/2336 2811/2335 
f 2814/2338 2816/2340 2817/2341 2818/2342 
f 2815/2339 2814/2338 2818/2342 2819/2343 
f 2820/2344 2821/2345 2819/2343 2818/2342 
f 2822/2346 2820/2344 2818/2342 2817/2341 
f 2820/2344 2822/2346 2823/2347 2824/2348 
f 2821/2345 2820/2344 2824/2348 2825/2349 
f 2826/2350 2827/2351 2825/2349 2824/2348 
f 2828/2352 2826/2350 2824/2348 2823/2347 
f 2826/2350 2828/2352 2829/2353 2830/2354 
f 2827/2351 2826/2350 2830/2354 2831/2355 
f 2832/2356 2833/2357 2831/2355 2830/2354 
f 2834/2358 2832/2356 2830/2354 2829/2353 
f 2832/2356 2834/2358 2835/2359 2836/2360 
f 2833/2357 2832/2356 2836/2360 2837/2361 
f 2838/2362 2839/2363 2837/2361 2836/2360 
f 2840/2364 2838/2362 2836/2360 2835/2359 
f 2838/2362 2840/2364 2841/2365 2842/2366 
f 2839/2363 2838/2362 2842/2366 2843/2367 
f 2844/2368 2845/2369 2843/2367 2842/2366 
f 2846/2370 2844/2368 2842/2366 2841/2365 
f 2844/2368 2846/2370 2847/2371 2848/2372 
f 2845/2369 2844/2368 2848/2372 2849/2373 
f 2850/2374 2851/2375 2849/2373 2848/2372 
f 2852/2376 2850/2374 2848/2372 2847/2371 
f 2850/2374 2852/2376 2853/2377 2854/2378 
f 2851/2375 2850/2374 2854/2378 2855/2379 
f 2856/2380 2857/2381 2855/2379 2854/2378 
f 2858/2382 2856/2380 2854/2378 2853/2377 
f 2856/2380 2858/2382 2859/2383 2860/2384 
f 2857/2381 2856/2380 2860/2384 2861/2385 
f 2862/2386 2863/2387 2861/2385 2860/2384 
f 2864/2388 2862/2386 2860/2384 2859/2383 
f 2862/2386 2864/2388 2865/2389 2866/2390 
f 2863/2387 2862/2386 2866/2390 2867/2391 
f 2868/2392 2869/2393 2867/2391 2866/2390 
f 2870/2394 2868/2392 2866/2390 2865/2389 
f 2868/2392 2870/2394 2871/2395 2872/2396 
f 2869/2393 2868/2392 2872/2396 2873/2397 
f 2874/2398 2875/2399 2873/2397 2872/2396 
f 2876/2400 2874/2398 2872/2396 2871/2395 
f 2874/2398 2876/2400 2877/2401 2878/2402 
f 2875/2399 2874/2398 2878/2402 2879/2403 
f 2880/2404 2881/2405 2879/2403 2878/2402 
f 2882/2406 2880/2404 2878/2402 2877/2401 
f 2880/2404 2882/2406 2696/2217 2694/2215 
f 2881/2405 2880/2404 2694/2215 2693/2214 
f 2883/2407 4/4 3/3 2884/2408 
f 2692/2213 2883/2407 2884/2408 2693/2214 
f 2883/2407 2692/2213 2699/2220 2885/2409 
f 4/4 2883/2407 2885/2409 6/6 
f 2886/2410 11/11 6/6 2885/2409 
f 2701/2222 2886/2410 2885/2409 2699/2220 
f 2886/2410 2701/2222 2705/2226 2887/2411 
f 11/11 2886/2410 2887/2411 13/13 
f 2888/2412 17/17 13/13 2887/2411 
f 2707/2228 2888/2412 2887/2411 2705/2226 
f 2888/2412 2707/2228 2711/2232 2889/2413 
f 17/17 2888/2412 2889/2413 19/19 
f 2890/2414 23/23 19/19 2889/2413 
f 2713/2234 2890/2414 2889/2413 2711/2232 
f 2890/2414 2713/2234 2717/2238 2891/2415 
f 23/23 2890/2414 2891/2415 25/25 
f 2892/2416 29/29 25/25 2891/2415 
f 2719/2240 2892/2416 2891/2415 2717/2238 
f 2892/2416 2719/2240 2723/2244 2893/2417 
f 29/29 2892/2416 2893/2417 31/31 
f 2894/2418 35/35 31/31 2893/2417 
f 2725/2246 2894/2418 2893/2417 2723/2244 
f 2894/2418 2725/2246 2729/2250 2895/2419 
f 35/35 2894/2418 2895/2419 37/37 
f 2896/2420 41/41 37/37 2895/2419 
f 2731/2252 2896/2420 2895/2419 2729/2250 
f 2896/2420 2731/2252 2735/2256 2897/2421 
f 41/41 2896/2420 2897/2421 43/43 
f 2898/2422 47/47 43/43 2897/2421 
f 2737/2258 2898/2422 2897/2421 2735/2256 
f 2898/2422 2737/2258 2741/2262 2899/2423 
f 47/47 2898/2422 2899/2423 49/49 
f 2900/2424 53/55 49/54 2899/2425 
f 2743/2264 2900/2424 2899/2425 2741/2265 
f 2900/2424 2743/2264 2747/2271 2901/2426 
f 53/55 2900/2424 2901/2426 55/57 
f 2902/2427 59/62 55/57 2901/2426 
f 2749/2273 2902/2427 2901/2426 2747/2271 
f 2902/2427 2749/2273 2753/2277 2903/2428 
f 59/62 2902/2427 2903/2428 61/64 
f 2904/2429 65/68 61/64 2903/2428 
f 2755/2279 2904/2429 2903/2428 2753/2277 
f 2904/2429 2755/2279 2759/2283 2905/2430 
f 65/68 2904/2429 2905/2430 67/70 
f 2906/2431 71/74 67/70 2905/2430 
f 2761/2285 2906/2431 2905/2430 2759/2283 
f 2906/2431 2761/2285 2765/2289 2907/2432 
f 71/74 2906/2431 2907/2432 73/76 
f 2908/2433 77/80 73/76 2907/2432 
f 2767/2291 2908/2433 2907/2432 2765/2289 
f 2908/2433 2767/2291 2771/2295 2909/2434 
f 77/80 2908/2433 2909/2434 79/82 
f 2910/2435 83/86 79/82 2909/2434 
f 2773/2297 2910/2435 2909/2434 2771/2295 
f 2910/2435 2773/2297 2777/2301 2911/2436 
f 83/86 2910/2435 2911/2436 85/88 
f 2912/2437 89/92 85/88 2911/2436 
f 2779/2303 2912/2437 2911/2436 2777/2301 
f 2912/2437 2779/2303 2783/2307 2913/2438 
f 89/92 2912/2437 2913/2438 91/94 
f 2914/2439 95/98 91/94 2913/2438 
f 2785/2309 2914/2439 2913/2438 2783/2307 
f 2914/2439 2785/2309 2789/2313 2915/2440 
f 95/98 2914/2439 2915/2440 97/100 
f 2916/2441 101/104 97/100 2915/2440 
f 2791/2315 2916/2441 2915/2440 2789/2313 
f 2916/2441 2791/2315 2795/2319 2917/2442 
f 101/104 2916/2441 2917/2442 103/106 
f 2918/2443 107/110 103/106 2917/2442 
f 2797/2321 2918/2443 2917/2442 2795/2319 
f 2918/2443 2797/2321 2801/2325 2919/2444 
f 107/110 2918/2443 2919/2444 109/112 
f 2920/2445 113/116 109/112 2919/2444 
f 2803/2327 2920/2445 2919/2444 2801/2325 
f 2920/2445 2803/2327 2807/2331 2921/2446 
f 113/116 2920/2445 2921/2446 115/118 
f 2922/2447 119/122 115/118 2921/2446 
f 2809/2333 2922/2447 2921/2446 2807/2331 
f 2922/2447 2809/2333 2813/2337 2923/2448 
f 119/122 2922/2447 2923/2448 121/124 
f 2924/2449 125/128 121/124 2923/2448 
f 2815/2339 2924/2449 2923/2448 2813/2337 
f 2924/2449 2815/2339 2819/2343 2925/2450 
f 125/128 2924/2449 2925/2450 127/130 
f 2926/2451 131/134 127/130 2925/2450 
f 2821/2345 2926/2451 2925/2450 2819/2343 
f 2926/2451 2821/2345 2825/2349 2927/2452 
f 131/134 2926/2451 2927/2452 133/136 
f 2928/2453 137/140 133/136 2927/2452 
f 2827/2351 2928/2453 2927/2452 2825/2349 
f 2928/2453 2827/2351 2831/2355 2929/2454 
f 137/140 2928/2453 2929/2454 139/142 
f 2930/2455 143/146 139/142 2929/2454 
f 2833/2357 2930/2455 2929/2454 2831/2355 
f 2930/2455 2833/2357 2837/2361 2931/2456 
f 143/146 2930/2455 2931/2456 145/148 
f 2932/2457 149/152 145/148 2931/2456 
f 2839/2363 2932/2457 2931/2456 2837/2361 
f 2932/2457 2839/2363 2843/2367 2933/2458 
f 149/152 2932/2457 2933/2458 151/154 
f 2934/2459 155/158 151/154 2933/2458 
f 2845/2369 2934/2459 2933/2458 2843/2367 
f 2934/2459 2845/2369 2849/2373 2935/2460 
f 155/158 2934/2459 2935/2460 157/160 
f 2936/2461 161/164 157/160 2935/2460 
f 2851/2375 2936/2461 2935/2460 2849/2373 
f 2936/2461 2851/2375 2855/2379 2937/2462 
f 161/164 2936/2461 2937/2462 163/166 
f 2938/2463 167/170 163/166 2937/2462 
f 2857/2381 2938/2463 2937/2462 2855/2379 
f 2938/2463 2857/2381 2861/2385 2939/2464 
f 167/170 2938/2463 2939/2464 169/172 
f 2940/2465 173/176 169/172 2939/2464 
f 2863/2387 2940/2465 2939/2464 2861/2385 
f 2940/2465 2863/2387 2867/2391 2941/2466 
f 173/176 2940/2465 2941/2466 175/178 
f 2942/2467 179/182 175/178 2941/2466 
f 2869/2393 2942/2467 2941/2466 2867/2391 
f 2942/2467 2869/2393 2873/2397 2943/2468 
f 179/182 2942/2467 2943/2468 181/184 
f 2944/2469 185/188 181/184 2943/2468 
f 2875/2399 2944/2469 2943/2468 2873/2397 
f 2944/2469 2875/2399 2879/2403 2945/2470 
f 185/188 2944/2469 2945/2470 187/190 
f 2946/2471 191/194 187/190 2945/2470 
f 2881/2405 2946/2471 2945/2470 2879/2403 
f 2946/2471 2881/2405 2693/2214 2884/2408 
f 191/194 2946/2471 2884/2408 3/3 
f 2947/2472 8/8 7/7 2948/2473 
f 2949/2474 2947/2472 2948/2473 2950/2475 
f 2947/2472 2949/2474 2951/2476 2952/2477 
f 8/8 2947/2472 2952/2477 9/9 
f 2953/2478 15/15 14/14 2954/2479 
f 2955/2480 2953/2478 2954/2479 2956/2481 
f 2953/2478 2955/2480 2950/2475 2948/2473 
f 15/15 2953/2478 2948/2473 7/7 
f 2957/2482 21/21 20/20 2958/2483 
f 2959/2484 2957/2482 2958/2483 2960/2485 
f 2957/2482 2959/2484 2956/2481 2954/2479 
f 21/21 2957/2482 2954/2479 14/14 
f 2961/2486 27/27 26/26 2962/2487 
f 2963/2488 2961/2486 2962/2487 2964/2489 
f 2961/2486 2963/2488 2960/2485 2958/2483 
f 27/27 2961/2486 2958/2483 20/20 
f 2965/2490 33/33 32/32 2966/2491 
f 2967/2492 2965/2490 2966/2491 2968/2493 
f 2965/2490 2967/2492 2964/2489 2962/2487 
f 33/33 2965/2490 2962/2487 26/26 
f 2969/2494 39/39 38/38 2970/2495 
f 2971/2496 2969/2494 2970/2495 2972/2497 
f 2969/2494 2971/2496 2968/2493 2966/2491 
f 39/39 2969/2494 2966/2491 32/32 
f 2973/2498 45/45 44/44 2974/2499 
f 2975/2500 2973/2498 2974/2499 2976/2501 
f 2973/2498 2975/2500 2972/2497 2970/2495 
f 45/45 2973/2498 2970/2495 38/38 
f 2977/2502 51/51 50/50 2978/2503 
f 2979/2504 2977/2502 2978/2503 2980/2505 
f 2977/2502 2979/2504 2976/2501 2974/2499 
f 51/51 2977/2502 2974/2499 44/44 
f 2981/2506 57/59 56/58 2982/2507 
f 2983/2508 2981/2506 2982/2507 2984/2509 
f 2981/2506 2983/2508 2980/2510 2978/2511 
f 57/59 2981/2506 2978/2511 50/60 
f 2985/2512 63/66 62/65 2986/2513 
f 2987/2514 2985/2512 2986/2513 2988/2515 
f 2985/2512 2987/2514 2984/2509 2982/2507 
f 63/66 2985/2512 2982/2507 56/58 
f 2989/2516 69/72 68/71 2990/2517 
f 2991/2518 2989/2516 2990/2517 2992/2519 
f 2989/2516 2991/2518 2988/2515 2986/2513 
f 69/72 2989/2516 2986/2513 62/65 
f 2993/2520 75/78 74/77 2994/2521 
f 2995/2522 2993/2520 2994/2521 2996/2523 
f 2993/2520 2995/2522 2992/2519 2990/2517 
f 75/78 2993/2520 2990/2517 68/71 
f 2997/2524 81/84 80/83 2998/2525 
f 2999/2526 2997/2524 2998/2525 3000/2527 
f 2997/2524 2999/2526 2996/2523 2994/2521 
f 81/84 2997/2524 2994/2521 74/77 
f 3001/2528 87/90 86/89 3002/2529 
f 3003/2530 3001/2528 3002/2529 3004/2531 
f 3001/2528 3003/2530 3000/2527 2998/2525 
f 87/90 3001/2528 2998/2525 80/83 
f 3005/2532 93/96 92/95 3006/2533 
f 3007/2534 3005/2532 3006/2533 3008/2535 
f 3005/2532 3007/2534 3004/2531 3002/2529 
f 93/96 3005/2532 3002/2529 86/89 
f 3009/2536 99/102 98/101 3010/2537 
f 3011/2538 3009/2536 3010/2537 3012/2539 
f 3009/2536 3011/2538 3008/2535 3006/2533 
f 99/102 3009/2536 3006/2533 92/95 
f 3013/2540 105/108 104/107 3014/2541 
f 3015/2542 3013/2540 3014/2541 3016/2543 
f 3013/2540 3015/2542 3012/2539 3010/2537 
f 105/108 3013/2540 3010/2537 98/101 
f 3017/2544 111/114 110/113 3018/2545 
f 3019/2546 3017/2544 3018/2545 3020/2547 
f 3017/2544 3019/2546 3016/2543 3014/2541 
f 111/114 3017/2544 3014/2541 104/107 
f 3021/2548 117/120 116/119 3022/2549 
f 3023/2550 3021/2548 3022/2549 3024/2551 
f 3021/2548 3023/2550 3020/2547 3018/2545 
f 117/120 3021/2548 3018/2545 110/113 
f 3025/2552 123/126 122/125 3026/2553 
f 3027/2554 3025/2552 3026/2553 3028/2555 
f 3025/2552 3027/2554 3024/2551 3022/2549 
f 123/126 3025/2552 3022/2549 116/119 
f 3029/2556 129/132 128/131 3030/2557 
f 3031/2558 3029/2556 3030/2557 3032/2559 
f 3029/2556 3031/2558 3028/2555 3026/2553 
f 129/132 3029/2556 3026/2553 122/125 
f 3033/2560 135/138 134/137 3034/2561 
f 3035/2562 3033/2560 3034/2561 3036/2563 
f 3033/2560 3035/2562 3032/2559 3030/2557 
f 135/138 3033/2560 3030/2557 128/131 
f 3037/2564 141/144 140/143 3038/2565 
f 3039/2566 3037/2564 3038/2565 3040/2567 
f 3037/2564 3039/2566 3036/2563 3034/2561 
f 141/144 3037/2564 3034/2561 134/137 
f 3041/2568 147/150 146/149 3042/2569 
f 3043/2570 3041/2568 3042/2569 3044/2571 
f 3041/2568 3043/2570 3040/2567 3038/2565 
f 147/150 3041/2568 3038/2565 140/143 
f 3045/2572 153/156 152/155 3046/2573 
f 3047/2574 3045/2572 3046/2573 3048/2575 
f 3045/2572 3047/2574 3044/2571 3042/2569 
f 153/156 3045/2572 3042/2569 146/149 
f 3049/2576 159/162 158/161 3050/2577 
f 3051/2578 3049/2576 3050/2577 3052/2579 
f 3049/2576 3051/2578 3048/2575 3046/2573 
f 159/162 3049/2576 3046/2573 152/155 
f 3053/2580 165/168 164/167 3054/2581 
f 3055/2582 3053/2580 3054/2581 3056/2583 
f 3053/2580 3055/2582 3052/2579 3050/2577 
f 165/168 3053/2580 3050/2577 158/161 
f 3057/2584 171/174 170/173 3058/2585 
f 3059/2586 3057/2584 3058/2585 3060/2587 
f 3057/2584 3059/2586 3056/2583 3054/2581 
f 171/174 3057/2584 3054/2581 164/167 
f 3061/2588 177/180 176/179 3062/2589 
f 3063/2590 3061/2588 3062/2589 3064/2591 
f 3061/2588 3063/2590 3060/2587 3058/2585 
f 177/180 3061/2588 3058/2585 170/173 
f 3065/2592 183/186 182/185 3066/2593 
f 3067/2594 3065/2592 3066/2593 3068/2595 
f 3065/2592 3067/2594 3064/2591 3062/2589 
f 183/186 3065/2592 3062/2589 176/179 
f 3069/2596 189/192 188/191 3070/2597 
f 3071/2598 3069/2596 3070/2597 3072/2599 
f 3069/2596 3071/2598 3068/2595 3066/2593 
f 189/192 3069/2596 3066/2593 182/185 
f 3073/2600 192/195 9/9 2952/2477 
f 3074/2601 3073/2600 2952/2477 2951/2476 
f 3073/2600 3074/2601 3072/2599 3070/2597 
f 192/195 3073/2600 3070/2597 188/191 
f 3075/2602 2695/2216 2696/2217 3076/2603 
f 1477/1110 3075/2602 3076/2603 1479/1112 
f 3075/2602 1477/1110 1476/1109 3077/2604 
f 2695/2216 3075/2602 3077/2604 2697/2218 
f 3078/2605 2702/2223 2697/2218 3077/2604 
f 1486/1116 3078/2605 3077/2604 1476/1109 
f 3078/2605 1486/1116 1485/1115 3079/2606 
f 2702/2223 3078/2605 3079/2606 2703/2224 
f 3080/2607 2708/2229 2703/2224 3079/2606 
f 1492/1120 3080/2607 3079/2606 1485/1115 
f 3080/2607 1492/1120 1491/1119 3081/2608 
f 2708/2229 3080/2607 3081/2608 2709/2230 
f 3082/2609 2714/2235 2709/2230 3081/2608 
f 1498/1124 3082/2609 3081/2608 1491/1119 
f 3082/2609 1498/1124 1497/1123 3083/2610 
f 2714/2235 3082/2609 3083/2610 2715/2236 
f 3084/2611 2720/2241 2715/2236 3083/2610 
f 1504/1128 3084/2611 3083/2610 1497/1123 
f 3084/2611 1504/1128 1503/1127 3085/2612 
f 2720/2241 3084/2611 3085/2612 2721/2242 
f 3086/2613 2726/2247 2721/2242 3085/2612 
f 1510/1132 3086/2613 3085/2612 1503/1127 
f 3086/2613 1510/1132 1509/1131 3087/2614 
f 2726/2247 3086/2613 3087/2614 2727/2248 
f 3088/2615 2732/2253 2727/2248 3087/2614 
f 1516/1136 3088/2615 3087/2614 1509/1131 
f 3088/2615 1516/1136 1515/1135 3089/2616 
f 2732/2253 3088/2615 3089/2616 2733/2254 
f 3090/2617 2738/2259 2733/2254 3089/2616 
f 1522/1140 3090/2617 3089/2616 1515/1135 
f 3090/2617 1522/1140 1521/1139 3091/2618 
f 2738/2259 3090/2617 3091/2618 2739/2260 
f 3092/2619 2744/2267 2739/2268 3091/2620 
f 1528/1144 3092/2619 3091/2620 1521/1146 
f 3092/2619 1528/1144 1527/1143 3093/2621 
f 2744/2267 3092/2619 3093/2621 2745/2269 
f 3094/2622 2750/2274 2745/2269 3093/2621 
f 1534/1150 3094/2622 3093/2621 1527/1143 
f 3094/2622 1534/1150 1533/1149 3095/2623 
f 2750/2274 3094/2622 3095/2623 2751/2275 
f 3096/2624 2756/2280 2751/2275 3095/2623 
f 1540/1154 3096/2624 3095/2623 1533/1149 
f 3096/2624 1540/1154 1539/1153 3097/2625 
f 2756/2280 3096/2624 3097/2625 2757/2281 
f 3098/2626 2762/2286 2757/2281 3097/2625 
f 1546/1158 3098/2626 3097/2625 1539/1153 
f 3098/2626 1546/1158 1545/1157 3099/2627 
f 2762/2286 3098/2626 3099/2627 2763/2287 
f 3100/2628 2768/2292 2763/2287 3099/2627 
f 1552/1162 3100/2628 3099/2627 1545/1157 
f 3100/2628 1552/1162 1551/1161 3101/2629 
f 2768/2292 3100/2628 3101/2629 2769/2293 
f 3102/2630 2774/2298 2769/2293 3101/2629 
f 1558/1166 3102/2630 3101/2629 1551/1161 
f 3102/2630 1558/1166 1557/1165 3103/2631 
f 2774/2298 3102/2630 3103/2631 2775/2299 
f 3104/2632 2780/2304 2775/2299 3103/2631 
f 1564/1170 3104/2632 3103/2631 1557/1165 
f 3104/2632 1564/1170 1563/1169 3105/2633 
f 2780/2304 3104/2632 3105/2633 2781/2305 
f 3106/2634 2786/2310 2781/2305 3105/2633 
f 1570/1174 3106/2634 3105/2633 1563/1169 
f 3106/2634 1570/1174 1569/1173 3107/2635 
f 2786/2310 3106/2634 3107/2635 2787/2311 
f 3108/2636 2792/2316 2787/2311 3107/2635 
f 1576/1178 3108/2636 3107/2635 1569/1173 
f 3108/2636 1576/1178 1575/1177 3109/2637 
f 2792/2316 3108/2636 3109/2637 2793/2317 
f 3110/2638 2798/2322 2793/2317 3109/2637 
f 1582/1182 3110/2638 3109/2637 1575/1177 
f 3110/2638 1582/1182 1581/1181 3111/2639 
f 2798/2322 3110/2638 3111/2639 2799/2323 
f 3112/2640 2804/2328 2799/2323 3111/2639 
f 1588/1186 3112/2640 3111/2639 1581/1181 
f 3112/2640 1588/1186 1587/1185 3113/2641 
f 2804/2328 3112/2640 3113/2641 2805/2329 
f 3114/2642 2810/2334 2805/2329 3113/2641 
f 1594/1190 3114/2642 3113/2641 1587/1185 
f 3114/2642 1594/1190 1593/1189 3115/2643 
f 2810/2334 3114/2642 3115/2643 2811/2335 
f 3116/2644 2816/2340 2811/2335 3115/2643 
f 1600/1194 3116/2644 3115/2643 1593/1189 
f 3116/2644 1600/1194 1599/1193 3117/2645 
f 2816/2340 3116/2644 3117/2645 2817/2341 
f 3118/2646 2822/2346 2817/2341 3117/2645 
f 1606/1198 3118/2646 3117/2645 1599/1193 
f 3118/2646 1606/1198 1605/1197 3119/2647 
f 2822/2346 3118/2646 3119/2647 2823/2347 
f 3120/2648 2828/2352 2823/2347 3119/2647 
f 1612/1202 3120/2648 3119/2647 1605/1197 
f 3120/2648 1612/1202 1611/1201 3121/2649 
f 2828/2352 3120/2648 3121/2649 2829/2353 
f 3122/2650 2834/2358 2829/2353 3121/2649 
f 1618/1206 3122/2650 3121/2649 1611/1201 
f 3122/2650 1618/1206 1617/1205 3123/2651 
f 2834/2358 3122/2650 3123/2651 2835/2359 
f 3124/2652 2840/2364 2835/2359 3123/2651 
f 1624/1210 3124/2652 3123/2651 1617/1205 
f 3124/2652 1624/1210 1623/1209 3125/2653 
f 2840/2364 3124/2652 3125/2653 2841/2365 
f 3126/2654 2846/2370 2841/2365 3125/2653 
f 1630/1214 3126/2654 3125/2653 1623/1209 
f 3126/2654 1630/1214 1629/1213 3127/2655 
f 2846/2370 3126/2654 3127/2655 2847/2371 
f 3128/2656 2852/2376 2847/2371 3127/2655 
f 1636/1218 3128/2656 3127/2655 1629/1213 
f 3128/2656 1636/1218 1635/1217 3129/2657 
f 2852/2376 3128/2656 3129/2657 2853/2377 
f 3130/2658 2858/2382 2853/2377 3129/2657 
f 1642/1222 3130/2658 3129/2657 1635/1217 
f 3130/2658 1642/1222 1641/1221 3131/2659 
f 2858/2382 3130/2658 3131/2659 2859/2383 
f 3132/2660 2864/2388 2859/2383 3131/2659 
f 1648/1226 3132/2660 3131/2659 1641/1221 
f 3132/2660 1648/1226 1647/1225 3133/2661 
f 2864/2388 3132/2660 3133/2661 2865/2389 
f 3134/2662 2870/2394 2865/2389 3133/2661 
f 1654/1230 3134/2662 3133/2661 1647/1225 
f 3134/2662 1654/1230 1653/1229 3135/2663 
f 2870/2394 3134/2662 3135/2663 2871/2395 
f 3136/2664 2876/2400 2871/2395 3135/2663 
f 1660/1234 3136/2664 3135/2663 1653/1229 
f 3136/2664 1660/1234 1659/1233 3137/2665 
f 2876/2400 3136/2664 3137/2665 2877/2401 
f 3138/2666 2882/2406 2877/2401 3137/2665 
f 1664/1236 3138/2666 3137/2665 1659/1233 
f 3138/2666 1664/1236 1479/1112 3076/2603 
f 2882/2406 3138/2666 3076/2603 2696/2217 
usemtl st_grey
f 3139/2667 2949/2474 2950/2475 3140/2668 
f 3141/2669 3139/2667 3140/2668 3142/2670 
f 3139/2667 3141/2669 3143/2671 3144/2672 
f 2949/2474 3139/2667 3144/2672 2951/2476 
f 3145/2673 2955/2480 2956/2481 3146/2674 
f 3147/2675 3145/2673 3146/2674 3148/2676 
f 3145/2673 3147/2675 3142/2670 3140/2668 
f 2955/2480 3145/2673 3140/2668 2950/2475 
f 3149/2677 2959/2484 2960/2485 3150/2678 
f 3151/2679 3149/2677 3150/2678 3152/2680 
f 3149/2677 3151/2679 3148/2676 3146/2674 
f 2959/2484 3149/2677 3146/2674 2956/2481 
f 3153/2681 2963/2488 2964/2489 3154/2682 
f 3155/2683 3153/2681 3154/2682 3156/2684 
f 3153/2681 3155/2683 3152/2680 3150/2678 
f 2963/2488 3153/2681 3150/2678 2960/2485 
f 3157/2685 2967/2492 2968/2493 3158/2686 
f 3159/2687 3157/2685 3158/2686 3160/2688 
f 3157/2685 3159/2687 3156/2684 3154/2682 
f 2967/2492 3157/2685 3154/2682 2964/2489 
f 3161/2689 2971/2496 2972/2497 3162/2690 
f 3163/2691 3161/2689 3162/2690 3164/2692 
f 3161/2689 3163/2691 3160/2688 3158/2686 
f 2971/2496 3161/2689 3158/2686 2968/2493 
f 3165/2693 2975/2500 2976/2501 3166/2694 
f 3167/2695 3165/2693 3166/2694 3168/2696 
f 3165/2693 3167/2695 3164/2692 3162/2690 
f 2975/2500 3165/2693 3162/2690 2972/2497 
f 3169/2697 2979/2504 2980/2505 3170/2698 
f 3171/2699 3169/2697 3170/2698 3172/2700 
f 3169/2697 3171/2699 3168/2696 3166/2694 
f 2979/2504 3169/2697 3166/2694 2976/2501 
f 3173/2701 2983/2508 2984/2509 3174/2702 
f 3175/2703 3173/2701 3174/2702 3176/2704 
f 3173/2701 3175/2703 3172/2705 3170/2706 
f 2983/2508 3173/2701 3170/2706 2980/2510 
f 3177/2707 2987/2514 2988/2515 3178/2708 
f 3179/2709 3177/2707 3178/2708 3180/2710 
f 3177/2707 3179/2709 3176/2704 3174/2702 
f 2987/2514 3177/2707 3174/2702 2984/2509 
f 3181/2711 2991/2518 2992/2519 3182/2712 
f 3183/2713 3181/2711 3182/2712 3184/2714 
f 3181/2711 3183/2713 3180/2710 3178/2708 
f 2991/2518 3181/2711 3178/2708 2988/2515 
f 3185/2715 2995/2522 2996/2523 3186/2716 
f 3187/2717 3185/2715 3186/2716 3188/2718 
f 3185/2715 3187/2717 3184/2714 3182/2712 
f 2995/2522 3185/2715 3182/2712 2992/2519 
f 3189/2719 2999/2526 3000/2527 3190/2720 
f 3191/2721 3189/2719 3190/2720 3192/2722 
f 3189/2719 3191/2721 3188/2718 3186/2716 
f 2999/2526 3189/2719 3186/2716 2996/2523 
f 3193/2723 3003/2530 3004/2531 3194/2724 
f 3195/2725 3193/2723 3194/2724 3196/2726 
f 3193/2723 3195/2725 3192/2722 3190/2720 
f 3003/2530 3193/2723 3190/2720 3000/2527 
f 3197/2727 3007/2534 3008/2535 3198/2728 
f 3199/2729 3197/2727 3198/2728 3200/2730 
f 3197/2727 3199/2729 3196/2726 3194/2724 
f 3007/2534 3197/2727 3194/2724 3004/2531 
f 3201/2731 3011/2538 3012/2539 3202/2732 
f 3203/2733 3201/2731 3202/2732 3204/2734 
f 3201/2731 3203/2733 3200/2730 3198/2728 
f 3011/2538 3201/2731 3198/2728 3008/2535 
f 3205/2735 3015/2542 3016/2543 3206/2736 
f 3207/2737 3205/2735 3206/2736 3208/2738 
f 3205/2735 3207/2737 3204/2734 3202/2732 
f 3015/2542 3205/2735 3202/2732 3012/2539 
f 3209/2739 3019/2546 3020/2547 3210/2740 
f 3211/2741 3209/2739 3210/2740 3212/2742 
f 3209/2739 3211/2741 3208/2738 3206/2736 
f 3019/2546 3209/2739 3206/2736 3016/2543 
f 3213/2743 3023/2550 3024/2551 3214/2744 
f 3215/2745 3213/2743 3214/2744 3216/2746 
f 3213/2743 3215/2745 3212/2742 3210/2740 
f 3023/2550 3213/2743 3210/2740 3020/2547 
f 3217/2747 3027/2554 3028/2555 3218/2748 
f 3219/2749 3217/2747 3218/2748 3220/2750 
f 3217/2747 3219/2749 3216/2746 3214/2744 
f 3027/2554 3217/2747 3214/2744 3024/2551 
f 3221/2751 3031/2558 3032/2559 3222/2752 
f 3223/2753 3221/2751 3222/2752 3224/2754 
f 3221/2751 3223/2753 3220/2750 3218/2748 
f 3031/2558 3221/2751 3218/2748 3028/2555 
f 3225/2755 3035/2562 3036/2563 3226/2756 
f 3227/2757 3225/2755 3226/2756 3228/2758 
f 3225/2755 3227/2757 3224/2754 3222/2752 
f 3035/2562 3225/2755 3222/2752 3032/2559 
f 3229/2759 3039/2566 3040/2567 3230/2760 
f 3231/2761 3229/2759 3230/2760 3232/2762 
f 3229/2759 3231/2761 3228/2758 3226/2756 
f 3039/2566 3229/2759 3226/2756 3036/2563 
f 3233/2763 3043/2570 3044/2571 3234/2764 
f 3235/2765 3233/2763 3234/2764 3236/2766 
f 3233/2763 3235/2765 3232/2762 3230/2760 
f 3043/2570 3233/2763 3230/2760 3040/2567 
f 3237/2767 3047/2574 3048/2575 3238/2768 
f 3239/2769 3237/2767 3238/2768 3240/2770 
f 3237/2767 3239/2769 3236/2766 3234/2764 
f 3047/2574 3237/2767 3234/2764 3044/2571 
f 3241/2771 3051/2578 3052/2579 3242/2772 
f 3243/2773 3241/2771 3242/2772 3244/2774 
f 3241/2771 3243/2773 3240/2770 3238/2768 
f 3051/2578 3241/2771 3238/2768 3048/2575 
f 3245/2775 3055/2582 3056/2583 3246/2776 
f 3247/2777 3245/2775 3246/2776 3248/2778 
f 3245/2775 3247/2777 3244/2774 3242/2772 
f 3055/2582 3245/2775 3242/2772 3052/2579 
f 3249/2779 3059/2586 3060/2587 3250/2780 
f 3251/2781 3249/2779 3250/2780 3252/2782 
f 3249/2779 3251/2781 3248/2778 3246/2776 
f 3059/2586 3249/2779 3246/2776 3056/2583 
f 3253/2783 3063/2590 3064/2591 3254/2784 
f 3255/2785 3253/2783 3254/2784 3256/2786 
f 3253/2783 3255/2785 3252/2782 3250/2780 
f 3063/2590 3253/2783 3250/2780 3060/2587 
f 3257/2787 3067/2594 3068/2595 3258/2788 
f 3259/2789 3257/2787 3258/2788 3260/2790 
f 3257/2787 3259/2789 3256/2786 3254/2784 
f 3067/2594 3257/2787 3254/2784 3064/2591 
f 3261/2791 3071/2598 3072/2599 3262/2792 
f 3263/2793 3261/2791 3262/2792 3264/2794 
f 3261/2791 3263/2793 3260/2790 3258/2788 
f 3071/2598 3261/2791 3258/2788 3068/2595 
f 3265/2795 3074/2601 2951/2476 3144/2672 
f 3266/2796 3265/2795 3144/2672 3143/2671 
f 3265/2795 3266/2796 3264/2794 3262/2792 
f 3074/2601 3265/2795 3262/2792 3072/2599 
usemtl black_st
f 3267/2797 3141/2669 3142/2670 3268/2798 
f 2052/1563 3267/2797 3268/2798 2053/1564 
f 3267/2797 2052/1563 2056/1567 3269/2799 
f 3141/2669 3267/2797 3269/2799 3143/2671 
f 3270/2800 3147/2675 3148/2676 3271/2801 
f 2058/1569 3270/2800 3271/2801 2059/1570 
f 3270/2800 2058/1569 2053/1564 3268/2798 
f 3147/2675 3270/2800 3268/2798 3142/2670 
f 3272/2802 3151/2679 3152/2680 3273/2803 
f 2062/1573 3272/2802 3273/2803 2063/1574 
f 3272/2802 2062/1573 2059/1570 3271/2801 
f 3151/2679 3272/2802 3271/2801 3148/2676 
f 3274/2804 3155/2683 3156/2684 3275/2805 
f 2066/1577 3274/2804 3275/2805 2067/1578 
f 3274/2804 2066/1577 2063/1574 3273/2803 
f 3155/2683 3274/2804 3273/2803 3152/2680 
f 3276/2806 3159/2687 3160/2688 3277/2807 
f 2070/1581 3276/2806 3277/2807 2071/1582 
f 3276/2806 2070/1581 2067/1578 3275/2805 
f 3159/2687 3276/2806 3275/2805 3156/2684 
f 3278/2808 3163/2691 3164/2692 3279/2809 
f 2074/1585 3278/2808 3279/2809 2075/1586 
f 3278/2808 2074/1585 2071/1582 3277/2807 
f 3163/2691 3278/2808 3277/2807 3160/2688 
f 3280/2810 3167/2695 3168/2696 3281/2811 
f 2078/1589 3280/2810 3281/2811 2079/1590 
f 3280/2810 2078/1589 2075/1586 3279/2809 
f 3167/2695 3280/2810 3279/2809 3164/2692 
f 3282/2812 3171/2699 3172/2700 3283/2813 
f 2082/1593 3282/2812 3283/2813 2083/1594 
f 3282/2812 2082/1593 2079/1590 3281/2811 
f 3171/2699 3282/2812 3281/2811 3168/2696 
f 3284/2814 3175/2703 3176/2704 3285/2815 
f 2086/1597 3284/2814 3285/2815 2087/1598 
f 3284/2814 2086/1597 2083/1601 3283/2816 
f 3175/2703 3284/2814 3283/2816 3172/2705 
f 3286/2817 3179/2709 3180/2710 3287/2818 
f 2090/1603 3286/2817 3287/2818 2091/1604 
f 3286/2817 2090/1603 2087/1598 3285/2815 
f 3179/2709 3286/2817 3285/2815 3176/2704 
f 3288/2819 3183/2713 3184/2714 3289/2820 
f 2094/1607 3288/2819 3289/2820 2095/1608 
f 3288/2819 2094/1607 2091/1604 3287/2818 
f 3183/2713 3288/2819 3287/2818 3180/2710 
f 3290/2821 3187/2717 3188/2718 3291/2822 
f 2098/1611 3290/2821 3291/2822 2099/1612 
f 3290/2821 2098/1611 2095/1608 3289/2820 
f 3187/2717 3290/2821 3289/2820 3184/2714 
f 3292/2823 3191/2721 3192/2722 3293/2824 
f 2102/1615 3292/2823 3293/2824 2103/1616 
f 3292/2823 2102/1615 2099/1612 3291/2822 
f 3191/2721 3292/2823 3291/2822 3188/2718 
f 3294/2825 3195/2725 3196/2726 3295/2826 
f 2106/1619 3294/2825 3295/2826 2107/1620 
f 3294/2825 2106/1619 2103/1616 3293/2824 
f 3195/2725 3294/2825 3293/2824 3192/2722 
f 3296/2827 3199/2729 3200/2730 3297/2828 
f 2110/1623 3296/2827 3297/2828 2111/1624 
f 3296/2827 2110/1623 2107/1620 3295/2826 
f 3199/2729 3296/2827 3295/2826 3196/2726 
f 3298/2829 3203/2733 3204/2734 3299/2830 
f 2114/1627 3298/2829 3299/2830 2115/1628 
f 3298/2829 2114/1627 2111/1624 3297/2828 
f 3203/2733 3298/2829 3297/2828 3200/2730 
f 3300/2831 3207/2737 3208/2738 3301/2832 
f 2118/1631 3300/2831 3301/2832 2119/1632 
f 3300/2831 2118/1631 2115/1628 3299/2830 
f 3207/2737 3300/2831 3299/2830 3204/2734 
f 3302/2833 3211/2741 3212/2742 3303/2834 
f 2122/1635 3302/2833 3303/2834 2123/1636 
f 3302/2833 2122/1635 2119/1632 3301/2832 
f 3211/2741 3302/2833 3301/2832 3208/2738 
f 3304/2835 3215/2745 3216/2746 3305/2836 
f 2126/1639 3304/2835 3305/2836 2127/1640 
f 3304/2835 2126/1639 2123/1636 3303/2834 
f 3215/2745 3304/2835 3303/2834 3212/2742 
f 3306/2837 3219/2749 3220/2750 3307/2838 
f 2130/1643 3306/2837 3307/2838 2131/1644 
f 3306/2837 2130/1643 2127/1640 3305/2836 
f 3219/2749 3306/2837 3305/2836 3216/2746 
f 3308/2839 3223/2753 3224/2754 3309/2840 
f 2134/1647 3308/2839 3309/2840 2135/1648 
f 3308/2839 2134/1647 2131/1644 3307/2838 
f 3223/2753 3308/2839 3307/2838 3220/2750 
f 3310/2841 3227/2757 3228/2758 3311/2842 
f 2138/1651 3310/2841 3311/2842 2139/1652 
f 3310/2841 2138/1651 2135/1648 3309/2840 
f 3227/2757 3310/2841 3309/2840 3224/2754 
f 3312/2843 3231/2761 3232/2762 3313/2844 
f 2142/1655 3312/2843 3313/2844 2143/1656 
f 3312/2843 2142/1655 2139/1652 3311/2842 
f 3231/2761 3312/2843 3311/2842 3228/2758 
f 3314/2845 3235/2765 3236/2766 3315/2846 
f 2146/1659 3314/2845 3315/2846 2147/1660 
f 3314/2845 2146/1659 2143/1656 3313/2844 
f 3235/2765 3314/2845 3313/2844 3232/2762 
f 3316/2847 3239/2769 3240/2770 3317/2848 
f 2150/1663 3316/2847 3317/2848 2151/1664 
f 3316/2847 2150/1663 2147/1660 3315/2846 
f 3239/2769 3316/2847 3315/2846 3236/2766 
f 3318/2849 3243/2773 3244/2774 3319/2850 
f 2154/1667 3318/2849 3319/2850 2155/1668 
f 3318/2849 2154/1667 2151/1664 3317/2848 
f 3243/2773 3318/2849 3317/2848 3240/2770 
f 3320/2851 3247/2777 3248/2778 3321/2852 
f 2158/1671 3320/2851 3321/2852 2159/1672 
f 3320/2851 2158/1671 2155/1668 3319/2850 
f 3247/2777 3320/2851 3319/2850 3244/2774 
f 3322/2853 3251/2781 3252/2782 3323/2854 
f 2162/1675 3322/2853 3323/2854 2163/1676 
f 3322/2853 2162/1675 2159/1672 3321/2852 
f 3251/2781 3322/2853 3321/2852 3248/2778 
f 3324/2855 3255/2785 3256/2786 3325/2856 
f 2166/1679 3324/2855 3325/2856 2167/1680 
f 3324/2855 2166/1679 2163/1676 3323/2854 
f 3255/2785 3324/2855 3323/2854 3252/2782 
f 3326/2857 3259/2789 3260/2790 3327/2858 
f 2170/1683 3326/2857 3327/2858 2171/1684 
f 3326/2857 2170/1683 2167/1680 3325/2856 
f 3259/2789 3326/2857 3325/2856 3256/2786 
f 3328/2859 3263/2793 3264/2794 3329/2860 
f 2174/1687 3328/2859 3329/2860 2175/1688 
f 3328/2859 2174/1687 2171/1684 3327/2858 
f 3263/2793 3328/2859 3327/2858 3260/2790 
f 3330/2861 3266/2796 3143/2671 3269/2799 
f 2178/1691 3330/2861 3269/2799 2056/1567 
f 3330/2861 2178/1691 2175/1688 3329/2860 
f 3266/2796 3330/2861 3329/2860 3264/2794 
usemtl white_st
f 3331/2862 200/203 199/202 3332/2863 
f 2372/1888 3331/2862 3332/2863 2373/1889 
f 3331/2862 2372/1888 2376/1892 3333/2864 
f 200/203 3331/2862 3333/2864 201/204 
f 3334/2865 206/209 201/204 3333/2864 
f 2378/1894 3334/2865 3333/2864 2376/1892 
f 3334/2865 2378/1894 2380/1896 3335/2866 
f 206/209 3334/2865 3335/2866 207/210 
f 3336/2867 212/215 207/210 3335/2866 
f 2382/1898 3336/2867 3335/2866 2380/1896 
f 3336/2867 2382/1898 2384/1900 3337/2868 
f 212/215 3336/2867 3337/2868 213/216 
f 3338/2869 218/221 213/216 3337/2868 
f 2386/1902 3338/2869 3337/2868 2384/1900 
f 3338/2869 2386/1902 2388/1904 3339/2870 
f 218/221 3338/2869 3339/2870 219/222 
f 3340/2871 224/227 219/222 3339/2870 
f 2390/1906 3340/2871 3339/2870 2388/1904 
f 3340/2871 2390/1906 2392/1908 3341/2872 
f 224/227 3340/2871 3341/2872 225/228 
f 3342/2873 230/233 225/228 3341/2872 
f 2394/1910 3342/2873 3341/2872 2392/1908 
f 3342/2873 2394/1910 2396/1912 3343/2874 
f 230/233 3342/2873 3343/2874 231/234 
f 3344/2875 236/239 231/234 3343/2874 
f 2398/1914 3344/2875 3343/2874 2396/1912 
f 3344/2875 2398/1914 2400/1916 3345/2876 
f 236/239 3344/2875 3345/2876 237/240 
f 3346/2877 242/245 237/240 3345/2876 
f 2402/1918 3346/2877 3345/2876 2400/1916 
f 3346/2877 2402/1918 2404/1920 3347/2878 
f 242/245 3346/2877 3347/2878 243/246 
f 3348/2879 248/254 243/253 3347/2880 
f 2406/1922 3348/2879 3347/2880 2404/1923 
f 3348/2879 2406/1922 2408/1926 3349/2881 
f 248/254 3348/2879 3349/2881 249/255 
f 3350/2882 254/260 249/255 3349/2881 
f 2410/1928 3350/2882 3349/2881 2408/1926 
f 3350/2882 2410/1928 2412/1930 3351/2883 
f 254/260 3350/2882 3351/2883 255/261 
f 3352/2884 260/266 255/261 3351/2883 
f 2414/1932 3352/2884 3351/2883 2412/1930 
f 3352/2884 2414/1932 2416/1934 3353/2885 
f 260/266 3352/2884 3353/2885 261/267 
f 3354/2886 266/272 261/267 3353/2885 
f 2418/1936 3354/2886 3353/2885 2416/1934 
f 3354/2886 2418/1936 2420/1938 3355/2887 
f 266/272 3354/2886 3355/2887 267/273 
f 3356/2888 272/278 267/273 3355/2887 
f 2422/1940 3356/2888 3355/2887 2420/1938 
f 3356/2888 2422/1940 2424/1942 3357/2889 
f 272/278 3356/2888 3357/2889 273/279 
f 3358/2890 278/284 273/279 3357/2889 
f 2426/1944 3358/2890 3357/2889 2424/1942 
f 3358/2890 2426/1944 2428/1946 3359/2891 
f 278/284 3358/2890 3359/2891 279/285 
f 3360/2892 284/290 279/285 3359/2891 
f 2430/1948 3360/2892 3359/2891 2428/1946 
f 3360/2892 2430/1948 2432/1950 3361/2893 
f 284/290 3360/2892 3361/2893 285/291 
f 3362/2894 290/296 285/291 3361/2893 
f 2434/1952 3362/2894 3361/2893 2432/1950 
f 3362/2894 2434/1952 2436/1954 3363/2895 
f 290/296 3362/2894 3363/2895 291/297 
f 3364/2896 296/302 291/297 3363/2895 
f 2438/1956 3364/2896 3363/2895 2436/1954 
f 3364/2896 2438/1956 2440/1958 3365/2897 
f 296/302 3364/2896 3365/2897 297/303 
f 3366/2898 302/308 297/303 3365/2897 
f 2442/1960 3366/2898 3365/2897 2440/1958 
f 3366/2898 2442/1960 2444/1962 3367/2899 
f 302/308 3366/2898 3367/2899 303/309 
f 3368/2900 308/314 303/309 3367/2899 
f 2446/1964 3368/2900 3367/2899 2444/1962 
f 3368/2900 2446/1964 2448/1966 3369/2901 
f 308/314 3368/2900 3369/2901 309/315 
f 3370/2902 314/320 309/315 3369/2901 
f 2450/1968 3370/2902 3369/2901 2448/1966 
f 3370/2902 2450/1968 2452/1970 3371/2903 
f 314/320 3370/2902 3371/2903 315/321 
f 3372/2904 320/326 315/321 3371/2903 
f 2454/1972 3372/2904 3371/2903 2452/1970 
f 3372/2904 2454/1972 2456/1974 3373/2905 
f 320/326 3372/2904 3373/2905 321/327 
f 3374/2906 326/332 321/327 3373/2905 
f 2458/1976 3374/2906 3373/2905 2456/1974 
f 3374/2906 2458/1976 2460/1978 3375/2907 
f 326/332 3374/2906 3375/2907 327/333 
f 3376/2908 332/338 327/333 3375/2907 
f 2462/1980 3376/2908 3375/2907 2460/1978 
f 3376/2908 2462/1980 2464/1982 3377/2909 
f 332/338 3376/2908 3377/2909 333/339 
f 3378/2910 338/344 333/339 3377/2909 
f 2466/1984 3378/2910 3377/2909 2464/1982 
f 3378/2910 2466/1984 2468/1986 3379/2911 
f 338/344 3378/2910 3379/2911 339/345 
f 3380/2912 344/350 339/345 3379/2911 
f 2470/1988 3380/2912 3379/2911 2468/1986 
f 3380/2912 2470/1988 2472/1990 3381/2913 
f 344/350 3380/2912 3381/2913 345/351 
f 3382/2914 350/356 345/351 3381/2913 
f 2474/1992 3382/2914 3381/2913 2472/1990 
f 3382/2914 2474/1992 2476/1994 3383/2915 
f 350/356 3382/2914 3383/2915 351/357 
f 3384/2916 356/362 351/357 3383/2915 
f 2478/1996 3384/2916 3383/2915 2476/1994 
f 3384/2916 2478/1996 2480/1998 3385/2917 
f 356/362 3384/2916 3385/2917 357/363 
f 3386/2918 362/368 357/363 3385/2917 
f 2482/2000 3386/2918 3385/2917 2480/1998 
f 3386/2918 2482/2000 2484/2002 3387/2919 
f 362/368 3386/2918 3387/2919 363/369 
f 3388/2920 368/374 363/369 3387/2919 
f 2486/2004 3388/2920 3387/2919 2484/2002 
f 3388/2920 2486/2004 2488/2006 3389/2921 
f 368/374 3388/2920 3389/2921 369/375 
f 3390/2922 374/380 369/375 3389/2921 
f 2490/2008 3390/2922 3389/2921 2488/2006 
f 3390/2922 2490/2008 2492/2010 3391/2923 
f 374/380 3390/2922 3391/2923 375/381 
f 3392/2924 380/386 375/381 3391/2923 
f 2494/2012 3392/2924 3391/2923 2492/2010 
f 3392/2924 2494/2012 2496/2014 3393/2925 
f 380/386 3392/2924 3393/2925 381/387 
f 3394/2926 384/390 381/387 3393/2925 
f 2498/2016 3394/2926 3393/2925 2496/2014 
f 3394/2926 2498/2016 2373/1889 3332/2863 
f 384/390 3394/2926 3332/2863 199/202 
# 3392 polygons

