# 3ds Max Wavefront OBJ Exporter v0.94b - (c)2007 guruware
# File Created: 14.01.2021 11:44:45

mtllib chair.mtl

#
# object Rectangle02
#

v  211.2673 958.7581 -256.4097
v  211.2673 957.8479 -279.3917
v  -206.7327 957.8481 -279.3915
v  -206.7327 958.7582 -256.4095
v  211.2673 909.8361 -253.4714
v  211.2673 957.7985 -255.3709
v  -206.7327 957.7986 -255.3707
v  -206.7327 909.8362 -253.4712
v  211.2673 907.8871 -277.4130
v  211.2673 908.7972 -254.4310
v  -206.7327 908.7974 -254.4309
v  -206.7327 907.8873 -277.4129
v  211.2673 956.8091 -280.3513
v  211.2673 908.8467 -278.4518
v  -206.7327 908.8469 -278.4517
v  -206.7327 956.8093 -280.3511
v  -207.7327 909.7966 -254.4705
v  -207.7327 957.7590 -256.3699
v  -207.7327 956.8489 -279.3519
v  -207.7327 908.8865 -277.4525
v  212.2673 956.8487 -279.3521
v  212.2673 957.7589 -256.3701
v  212.2673 909.7964 -254.4706
v  212.2673 908.8863 -277.4526
# 24 vertices

vt 1.2042 1.3547 2.0872
vt 1.2042 1.4313 2.0842
vt -0.1891 1.4313 2.0842
vt -0.1891 1.3547 2.0872
vt 1.2042 1.9241 1.3449
vt 1.2042 2.0840 1.3512
vt -0.1891 2.0840 1.3512
vt -0.1891 1.9241 1.3449
vt -0.2042 1.4247 1.9176
vt -0.2042 1.3481 1.9207
vt 1.1891 1.3481 1.9207
vt 1.1891 1.4247 1.9176
vt -0.2042 2.0807 1.4345
vt -0.2042 1.9208 1.4282
vt 1.1891 1.9208 1.4282
vt 1.1891 2.0807 1.4345
vt -0.3482 1.9240 -0.1924
vt -0.3546 2.0839 -0.1924
vt -0.4312 2.0808 -0.1924
vt -0.4248 1.9210 -0.1924
vt 1.4312 2.0808 1.2076
vt 1.3546 2.0839 1.2076
vt 1.3482 1.9240 1.2076
vt 1.4248 1.9210 1.2076
vt 1.1891 2.0842 1.4313
vt 1.1924 2.0808 1.4312
vt -0.1924 1.3546 2.0839
vt -0.1891 1.3512 2.0840
vt -0.1924 1.9240 1.3482
vt -0.1891 1.9207 1.3481
vt 1.1891 1.4282 1.9208
vt 1.1924 1.4248 1.9210
vt -0.2042 2.0842 1.4313
vt -0.2076 2.0808 1.4312
vt 1.2042 1.3512 2.0840
vt 1.2076 1.3546 2.0839
vt 1.2042 1.9207 1.3481
vt 1.2076 1.9240 1.3482
vt -0.2042 1.4282 1.9208
vt -0.2076 1.4248 1.9210
vt -0.4313 2.0842 -0.1891
vt -0.3547 2.0872 -0.1891
vt 1.3547 2.0872 1.2042
vt 1.4313 2.0842 1.2042
vt -0.3512 2.0840 -0.1891
vt -0.3449 1.9241 -0.1891
vt 1.3449 1.9241 1.2042
vt 1.3512 2.0840 1.2042
vt -0.3481 1.9207 -0.1891
vt -0.4247 1.9176 -0.1891
vt 1.4247 1.9176 1.2042
vt 1.3481 1.9207 1.2042
vt -0.4282 1.9208 -0.1891
vt -0.4345 2.0807 -0.1891
vt 1.4345 2.0807 1.2042
vt 1.4282 1.9208 1.2042
# 56 texture coords

g Rectangle02
usemtl wood
s 1
f 1/1 2/2 3/3 4/4 
s 4
f 5/5 6/6 7/7 8/8 
s 2
f 9/9 10/10 11/11 12/12 
s 4
f 13/13 14/14 15/15 16/16 
s 16
f 17/17 18/18 19/19 20/20 
f 21/21 22/22 23/23 24/24 
s off
f 3/25 16/16 19/26 
f 18/27 7/28 4/4 
f 17/29 11/30 8/8 
f 15/31 12/12 20/32 
f 2/33 21/34 13/13 
f 6/35 22/36 1/1 
f 10/37 23/38 5/5 
f 14/39 24/40 9/9 
f 3/41 19/19 18/18 4/42 
f 4/4 7/28 6/35 1/1 
f 1/43 22/22 21/21 2/44 
f 2/33 13/13 16/16 3/25 
f 7/45 18/18 17/17 8/46 
f 8/8 11/30 10/37 5/5 
f 5/47 23/23 22/22 6/48 
f 11/49 17/17 20/20 12/50 
f 12/12 15/31 14/39 9/9 
f 9/51 24/24 23/23 10/52 
f 15/53 20/20 19/19 16/54 
f 13/55 21/21 24/24 14/56 
# 18 polygons - 8 triangles

#
# object Line06
#

v  -187.5906 934.2554 -251.4345
v  -187.5906 964.2004 -252.2785
v  -210.5906 964.2004 -252.2785
v  -210.5906 934.2554 -251.4345
v  -187.5906 903.8282 -250.4729
v  -210.5906 903.8282 -250.4729
v  -187.5906 874.4363 -249.3327
v  -210.5906 874.4363 -249.3327
v  -187.5906 846.5970 -247.9244
v  -210.5906 846.5970 -247.9244
v  -187.5906 820.8280 -246.1586
v  -210.5906 820.8280 -246.1586
v  -187.5906 797.6468 -243.9461
v  -210.5906 797.6468 -243.9461
v  -187.5906 777.5709 -241.1974
v  -210.5906 777.5709 -241.1974
v  -187.5906 759.3762 -238.0587
v  -210.5906 759.3762 -238.0587
v  -187.5906 741.2599 -234.5962
v  -210.5906 741.2599 -234.5962
v  -187.5906 722.8720 -230.6013
v  -210.5906 722.8720 -230.6013
v  -187.5906 703.8623 -225.8650
v  -210.5906 703.8623 -225.8650
v  -187.5906 683.8807 -220.1787
v  -210.5906 683.8807 -220.1787
v  -187.5906 662.5771 -213.3334
v  -210.5906 662.5771 -213.3334
v  -187.5906 639.6013 -205.1205
v  -210.5906 639.6013 -205.1205
v  -187.5906 479.0441 -146.1096
v  -210.5906 479.0441 -146.1096
v  -187.5906 460.5119 -146.3404
v  -187.5906 477.1060 -145.7973
v  -210.5906 477.1060 -145.7973
v  -210.5906 460.5119 -146.3404
v  -187.5906 431.8889 -148.1810
v  -210.5906 431.8889 -148.1810
v  -187.5906 394.8859 -151.2798
v  -210.5906 394.8859 -151.2798
v  -187.5906 352.1520 -155.6306
v  -210.5906 352.1520 -155.6306
v  -187.5906 306.3366 -161.2269
v  -210.5906 306.3366 -161.2269
v  -187.5906 260.0889 -168.0622
v  -210.5906 260.0889 -168.0622
v  -187.5906 216.0581 -176.1302
v  -210.5906 216.0581 -176.1302
v  -187.5906 176.2993 -184.7076
v  -210.5906 176.2993 -184.7076
v  -187.5906 140.6451 -193.0962
v  -210.5906 140.6451 -193.0962
v  -187.5906 108.4114 -201.3277
v  -210.5906 108.4114 -201.3277
v  -187.5906 78.9142 -209.4334
v  -210.5906 78.9142 -209.4334
v  -187.5906 51.4692 -217.4448
v  -210.5906 51.4692 -217.4448
v  -187.5906 25.3926 -225.3932
v  -210.5906 25.3926 -225.3932
v  -187.5906 0.9547 -233.0126
v  -210.5906 0.9547 -233.0126
v  -187.5906 0.0000 -262.3103
v  -187.5906 0.0000 -234.3103
v  -210.5906 0.0000 -234.3103
v  -210.5906 0.0000 -262.3103
v  -187.5906 22.9165 -257.7647
v  -187.5906 0.9720 -263.0751
v  -210.5906 0.9720 -263.0751
v  -210.5906 22.9165 -257.7647
v  -187.5906 46.7041 -252.1929
v  -210.5906 46.7041 -252.1929
v  -187.5906 72.2335 -246.5690
v  -210.5906 72.2335 -246.5690
v  -187.5906 100.3757 -240.8669
v  -210.5906 100.3757 -240.8669
v  -187.5906 132.0017 -235.0604
v  -210.5906 132.0017 -235.0604
v  -187.5906 167.9826 -229.1235
v  -210.5906 167.9826 -229.1235
v  -187.5906 209.1891 -223.0301
v  -210.5906 209.1891 -223.0301
v  -187.5906 236.9316 -219.4968
v  -210.5906 236.9316 -219.4968
v  -187.5906 273.7162 -215.4966
v  -210.5906 273.7162 -215.4966
v  -187.5906 316.0432 -211.6587
v  -210.5906 316.0432 -211.6587
v  -187.5906 360.4128 -208.6125
v  -210.5906 360.4128 -208.6125
v  -187.5906 403.3254 -206.9871
v  -210.5906 403.3254 -206.9871
v  -187.5906 441.2812 -207.4119
v  -210.5906 441.2812 -207.4119
v  -187.5906 470.7805 -210.5159
v  -210.5906 470.7805 -210.5159
v  -187.5906 495.0156 -215.4309
v  -210.5906 495.0156 -215.4309
v  -187.5906 518.8281 -220.6876
v  -210.5906 518.8281 -220.6876
v  -187.5906 544.6127 -226.7544
v  -187.5906 520.7778 -221.1327
v  -210.5906 520.7778 -221.1327
v  -210.5906 544.6127 -226.7544
v  -187.5906 571.8278 -233.4843
v  -187.5906 546.5566 -227.2244
v  -210.5906 546.5566 -227.2244
v  -210.5906 571.8278 -233.4843
v  -187.5906 601.8806 -241.1768
v  -187.5906 573.7672 -233.9730
v  -210.5906 573.7672 -233.9730
v  -210.5906 601.8806 -241.1768
v  -187.5906 633.2711 -249.3915
v  -210.5906 633.2711 -249.3915
v  -187.5906 667.4083 -258.4202
v  -210.5906 667.4083 -258.4202
v  -187.5906 705.8964 -266.7119
v  -210.5906 705.8964 -266.7119
v  -187.5906 748.8150 -272.8802
v  -210.5906 748.8150 -272.8802
v  -187.5906 794.3165 -277.2234
v  -210.5906 794.3165 -277.2234
v  -187.5906 840.5534 -280.0396
v  -210.5906 840.5534 -280.0396
v  -187.5906 885.6780 -281.6267
v  -210.5906 885.6780 -281.6267
v  -187.5906 927.8428 -282.2830
v  -210.5906 927.8428 -282.2830
v  -187.5906 964.2000 -282.3060
v  -210.5906 964.2000 -282.3060
v  -187.5906 965.2000 -253.3066
v  -187.5906 965.2000 -281.3066
v  -210.5906 965.2000 -281.3066
v  -210.5906 965.2000 -253.3066
v  -211.5906 934.2255 -252.4340
v  -211.5906 964.2000 -253.2789
v  -211.5906 964.2000 -281.3060
v  -211.5906 927.8509 -281.2831
v  -211.5906 903.7931 -251.4723
v  -211.5906 885.7034 -280.6270
v  -211.5906 874.3916 -250.3317
v  -211.5906 846.5376 -248.9226
v  -211.5906 840.6014 -279.0406
v  -211.5906 820.7463 -247.1554
v  -211.5906 797.5314 -244.9396
v  -211.5906 794.3944 -276.2263
v  -211.5906 777.4181 -242.1859
v  -211.5906 759.1974 -239.0426
v  -211.5906 748.9337 -271.8871
v  -211.5906 741.0599 -235.5761
v  -211.5906 722.6449 -231.5753
v  -211.5906 706.0731 -265.7270
v  -211.5906 703.6045 -226.8313
v  -211.5906 683.5908 -221.1359
v  -211.5906 667.6416 -257.4475
v  -211.5906 662.2557 -214.2805
v  -211.5906 633.5255 -248.4244
v  -211.5906 639.2605 -206.0607
v  -211.5906 602.1313 -240.2088
v  -211.5906 573.0428 -232.7551
v  -211.5906 545.8210 -226.0120
v  -211.5906 520.0272 -219.9282
v  -211.5906 495.2228 -214.4526
v  -211.5906 470.9325 -209.5264
v  -211.5906 477.9434 -146.7705
v  -211.5906 460.5603 -147.3394
v  -211.5906 441.3392 -206.4124
v  -211.5906 431.9627 -149.1783
v  -211.5906 403.3121 -205.9869
v  -211.5906 394.9783 -152.2756
v  -211.5906 360.3596 -207.6138
v  -211.5906 352.2633 -156.6245
v  -211.5906 315.9638 -210.6618
v  -211.5906 306.4703 -162.2180
v  -211.5906 273.6170 -214.5014
v  -211.5906 260.2521 -169.0490
v  -211.5906 236.8143 -218.5036
v  -211.5906 216.2537 -177.1110
v  -211.5906 209.0528 -222.0394
v  -211.5906 176.5193 -185.6831
v  -211.5906 167.8280 -228.1355
v  -211.5906 140.8833 -194.0675
v  -211.5906 131.8300 -234.0752
v  -211.5906 108.6676 -202.2944
v  -211.5906 100.1861 -239.8850
v  -211.5906 79.1868 -210.3956
v  -211.5906 72.0266 -245.5906
v  -211.5906 51.7551 -218.4030
v  -211.5906 46.4825 -251.2178
v  -211.5906 25.6872 -226.3488
v  -211.5906 22.6849 -256.7919
v  -211.5906 1.0000 -234.0460
v  -211.5906 1.0000 -262.0395
v  -186.5906 1.0000 -234.0460
v  -186.5906 1.0000 -262.0395
v  -186.5906 22.6849 -256.7919
v  -186.5906 25.6872 -226.3488
v  -186.5906 964.2000 -281.3060
v  -186.5906 964.2000 -253.2789
v  -186.5906 934.2255 -252.4340
v  -186.5906 927.8509 -281.2831
v  -186.5906 903.7931 -251.4723
v  -186.5906 885.7034 -280.6270
v  -186.5906 874.3916 -250.3317
v  -186.5906 846.5376 -248.9226
v  -186.5906 840.6014 -279.0406
v  -186.5906 820.7463 -247.1554
v  -186.5906 797.5314 -244.9396
v  -186.5906 794.3944 -276.2263
v  -186.5906 777.4181 -242.1859
v  -186.5906 759.1974 -239.0426
v  -186.5906 748.9337 -271.8871
v  -186.5906 741.0599 -235.5761
v  -186.5906 722.6449 -231.5753
v  -186.5906 706.0731 -265.7270
v  -186.5906 703.6045 -226.8313
v  -186.5906 683.5908 -221.1359
v  -186.5906 667.6416 -257.4475
v  -186.5906 662.2557 -214.2805
v  -186.5906 633.5255 -248.4244
v  -186.5906 639.2605 -206.0607
v  -186.5906 602.1313 -240.2088
v  -186.5906 573.0428 -232.7551
v  -186.5906 545.8210 -226.0120
v  -186.5906 520.0272 -219.9282
v  -186.5906 495.2228 -214.4526
v  -186.5906 470.9325 -209.5264
v  -186.5906 477.9434 -146.7705
v  -186.5906 460.5603 -147.3394
v  -186.5906 441.3392 -206.4124
v  -186.5906 431.9627 -149.1783
v  -186.5906 403.3121 -205.9869
v  -186.5906 394.9783 -152.2756
v  -186.5906 360.3596 -207.6138
v  -186.5906 352.2633 -156.6245
v  -186.5906 315.9638 -210.6618
v  -186.5906 306.4703 -162.2180
v  -186.5906 273.6170 -214.5014
v  -186.5906 260.2521 -169.0490
v  -186.5906 236.8143 -218.5036
v  -186.5906 216.2537 -177.1110
v  -186.5906 209.0528 -222.0394
v  -186.5906 176.5193 -185.6831
v  -186.5906 167.8280 -228.1355
v  -186.5906 140.8833 -194.0675
v  -186.5906 131.8300 -234.0752
v  -186.5906 108.6676 -202.2944
v  -186.5906 100.1861 -239.8850
v  -186.5906 79.1868 -210.3956
v  -186.5906 72.0266 -245.5906
v  -186.5906 51.7551 -218.4030
v  -186.5906 46.4825 -251.2178
# 252 vertices

vt -0.1253 2.0055 1.3381
vt -0.1253 2.1053 1.3409
vt -0.2020 2.1053 1.3409
vt -0.2020 2.0055 1.3381
vt -0.1253 1.9041 1.3349
vt -0.2020 1.9041 1.3349
vt -0.1253 1.8061 1.3311
vt -0.2020 1.8061 1.3311
vt -0.1253 1.7133 1.3264
vt -0.2020 1.7133 1.3264
vt -0.1253 1.6274 1.3205
vt -0.2020 1.6274 1.3205
vt -0.1253 1.5502 1.3132
vt -0.2020 1.5502 1.3132
vt -0.1253 1.4832 1.3040
vt -0.2020 1.4832 1.3040
vt -0.1253 1.4226 1.2935
vt -0.2020 1.4226 1.2935
vt -0.1253 1.3622 1.2820
vt -0.2020 1.3622 1.2820
vt -0.1253 1.3009 1.2687
vt -0.2020 1.3009 1.2687
vt -0.1253 1.2375 1.2529
vt -0.2020 1.2375 1.2529
vt -0.1253 1.1709 1.2339
vt -0.2020 1.1709 1.2339
vt -0.1253 1.0999 1.2111
vt -0.2020 1.0999 1.2111
vt -0.1253 1.0233 1.1837
vt -0.2020 1.0233 1.1837
vt -0.1253 0.4881 0.9870
vt -0.2020 0.4881 0.9870
vt -0.1253 0.4264 0.9878
vt -0.1253 0.4817 0.9860
vt -0.2020 0.4817 0.9860
vt -0.2020 0.4264 0.9878
vt -0.1253 0.3310 0.9939
vt -0.2020 0.3310 0.9939
vt -0.1253 0.2076 1.0043
vt -0.2020 0.2076 1.0043
vt -0.1253 0.0652 1.0188
vt -0.2020 0.0652 1.0188
vt -0.1253 -0.0875 1.0374
vt -0.2020 -0.0875 1.0374
vt -0.1253 -0.2417 1.0602
vt -0.2020 -0.2417 1.0602
vt -0.1253 -0.3885 1.0871
vt -0.2020 -0.3885 1.0871
vt -0.1253 -0.5210 1.1157
vt -0.2020 -0.5210 1.1157
vt -0.1253 -0.6398 1.1437
vt -0.2020 -0.6398 1.1437
vt -0.1253 -0.7473 1.1711
vt -0.2020 -0.7473 1.1711
vt -0.1253 -0.8456 1.1981
vt -0.2020 -0.8456 1.1981
vt -0.1253 -0.9371 1.2248
vt -0.2020 -0.9371 1.2248
vt -0.1253 -1.0240 1.2513
vt -0.2020 -1.0240 1.2513
vt -0.1253 -1.1055 1.2767
vt -0.2020 -1.1055 1.2767
vt 1.1253 1.3744 -1.1087
vt 1.1253 1.2810 -1.1087
vt 1.2020 1.2810 -1.1087
vt 1.2020 1.3744 -1.1087
vt 1.1253 -1.0323 1.3592
vt 1.1253 -1.1054 1.3769
vt 1.2020 -1.1054 1.3769
vt 1.2020 -1.0323 1.3592
vt 1.1253 -0.9530 1.3406
vt 1.2020 -0.9530 1.3406
vt 1.1253 -0.8679 1.3219
vt 1.2020 -0.8679 1.3219
vt 1.1253 -0.7741 1.3029
vt 1.2020 -0.7741 1.3029
vt 1.1253 -0.6687 1.2835
vt 1.2020 -0.6687 1.2835
vt 1.1253 -0.5487 1.2637
vt 1.2020 -0.5487 1.2637
vt 1.1253 -0.4114 1.2434
vt 1.2020 -0.4114 1.2434
vt 1.1253 -0.3189 1.2317
vt 1.2020 -0.3189 1.2317
vt 1.1253 -0.1963 1.2183
vt 1.2020 -0.1963 1.2183
vt 1.1253 -0.0552 1.2055
vt 1.2020 -0.0552 1.2055
vt 1.1253 0.0927 1.1954
vt 1.2020 0.0927 1.1954
vt 1.1253 0.2358 1.1900
vt 1.2020 0.2358 1.1900
vt 1.1253 0.3623 1.1914
vt 1.2020 0.3623 1.1914
vt 1.1253 0.4606 1.2017
vt 1.2020 0.4606 1.2017
vt 1.1253 0.5414 1.2181
vt 1.2020 0.5414 1.2181
vt 1.1253 0.6208 1.2356
vt 1.2020 0.6208 1.2356
vt 1.1253 0.7067 1.2558
vt 1.1253 0.6273 1.2371
vt 1.2020 0.6273 1.2371
vt 1.2020 0.7067 1.2558
vt 1.1253 0.7974 1.2783
vt 1.1253 0.7132 1.2574
vt 1.2020 0.7132 1.2574
vt 1.2020 0.7974 1.2783
vt 1.1253 0.8976 1.3039
vt 1.1253 0.8039 1.2799
vt 1.2020 0.8039 1.2799
vt 1.2020 0.8976 1.3039
vt 1.1253 1.0022 1.3313
vt 1.2020 1.0022 1.3313
vt 1.1253 1.1160 1.3614
vt 1.2020 1.1160 1.3614
vt 1.1253 1.2443 1.3890
vt 1.2020 1.2443 1.3890
vt 1.1253 1.3874 1.4096
vt 1.2020 1.3874 1.4096
vt 1.1253 1.5391 1.4241
vt 1.2020 1.5391 1.4241
vt 1.1253 1.6932 1.4335
vt 1.2020 1.6932 1.4335
vt 1.1253 1.8436 1.4388
vt 1.2020 1.8436 1.4388
vt 1.1253 1.9841 1.4409
vt 1.2020 1.9841 1.4409
vt 1.1253 2.1053 1.4410
vt 1.2020 2.1053 1.4410
vt -0.1253 1.3444 2.1087
vt -0.1253 1.4377 2.1087
vt -0.2020 1.4377 2.1087
vt -0.2020 1.3444 2.1087
vt -0.3414 2.0054 -0.2053
vt -0.3443 2.1053 -0.2053
vt -0.4377 2.1053 -0.2053
vt -0.4376 1.9842 -0.2053
vt -0.3382 1.9040 -0.2053
vt -0.4354 1.8437 -0.2053
vt -0.3344 1.8060 -0.2053
vt -0.3297 1.7131 -0.2053
vt -0.4301 1.6933 -0.2053
vt -0.3239 1.6272 -0.2053
vt -0.3165 1.5498 -0.2053
vt -0.4208 1.5393 -0.2053
vt -0.3073 1.4827 -0.2053
vt -0.2968 1.4220 -0.2053
vt -0.4063 1.3878 -0.2053
vt -0.2853 1.3615 -0.2053
vt -0.2719 1.3001 -0.2053
vt -0.3858 1.2449 -0.2053
vt -0.2561 1.2367 -0.2053
vt -0.2371 1.1700 -0.2053
vt -0.3582 1.1168 -0.2053
vt -0.2143 1.0989 -0.2053
vt -0.3281 1.0031 -0.2053
vt -0.1869 1.0222 -0.2053
vt -0.3007 0.8984 -0.2053
vt -0.2759 0.8015 -0.2053
vt -0.2534 0.7107 -0.2053
vt -0.2331 0.6248 -0.2053
vt -0.2148 0.5421 -0.2053
vt -0.1984 0.4611 -0.2053
vt 0.0108 0.4845 -0.2053
vt 0.0089 0.4265 -0.2053
vt -0.1880 0.3625 -0.2053
vt 0.0027 0.3312 -0.2053
vt -0.1866 0.2357 -0.2053
vt -0.0076 0.2079 -0.2053
vt -0.1920 0.0925 -0.2053
vt -0.0221 0.0655 -0.2053
vt -0.2022 -0.0555 -0.2053
vt -0.0407 -0.0871 -0.2053
vt -0.2150 -0.1966 -0.2053
vt -0.0635 -0.2412 -0.2053
vt -0.2283 -0.3193 -0.2053
vt -0.0904 -0.3878 -0.2053
vt -0.2401 -0.4118 -0.2053
vt -0.1189 -0.5203 -0.2053
vt -0.2605 -0.5492 -0.2053
vt -0.1469 -0.6391 -0.2053
vt -0.2803 -0.6692 -0.2053
vt -0.1743 -0.7464 -0.2053
vt -0.2996 -0.7747 -0.2053
vt -0.2013 -0.8447 -0.2053
vt -0.3186 -0.8686 -0.2053
vt -0.2280 -0.9361 -0.2053
vt -0.3374 -0.9537 -0.2053
vt -0.2545 -1.0230 -0.2053
vt -0.3560 -1.0331 -0.2053
vt -0.2802 -1.1053 -0.2053
vt -0.3735 -1.1053 -0.2053
vt 1.2802 -1.1053 -0.1220
vt 1.3735 -1.1053 -0.1220
vt 1.3560 -1.0331 -0.1220
vt 1.2545 -1.0230 -0.1220
vt 1.4377 2.1053 -0.1220
vt 1.3443 2.1053 -0.1220
vt 1.3414 2.0054 -0.1220
vt 1.4376 1.9842 -0.1220
vt 1.3382 1.9040 -0.1220
vt 1.4354 1.8437 -0.1220
vt 1.3344 1.8060 -0.1220
vt 1.3297 1.7131 -0.1220
vt 1.4301 1.6933 -0.1220
vt 1.3239 1.6272 -0.1220
vt 1.3165 1.5498 -0.1220
vt 1.4208 1.5393 -0.1220
vt 1.3073 1.4827 -0.1220
vt 1.2968 1.4220 -0.1220
vt 1.4063 1.3878 -0.1220
vt 1.2853 1.3615 -0.1220
vt 1.2719 1.3001 -0.1220
vt 1.3858 1.2449 -0.1220
vt 1.2561 1.2367 -0.1220
vt 1.2371 1.1700 -0.1220
vt 1.3582 1.1168 -0.1220
vt 1.2143 1.0989 -0.1220
vt 1.3281 1.0031 -0.1220
vt 1.1869 1.0222 -0.1220
vt 1.3007 0.8984 -0.1220
vt 1.2759 0.8015 -0.1220
vt 1.2534 0.7107 -0.1220
vt 1.2331 0.6248 -0.1220
vt 1.2148 0.5421 -0.1220
vt 1.1984 0.4611 -0.1220
vt 0.9892 0.4845 -0.1220
vt 0.9911 0.4265 -0.1220
vt 1.1880 0.3625 -0.1220
vt 0.9973 0.3312 -0.1220
vt 1.1866 0.2357 -0.1220
vt 1.0076 0.2079 -0.1220
vt 1.1920 0.0925 -0.1220
vt 1.0221 0.0655 -0.1220
vt 1.2022 -0.0555 -0.1220
vt 1.0407 -0.0871 -0.1220
vt 1.2150 -0.1966 -0.1220
vt 1.0635 -0.2412 -0.1220
vt 1.2283 -0.3193 -0.1220
vt 1.0904 -0.3878 -0.1220
vt 1.2401 -0.4118 -0.1220
vt 1.1189 -0.5203 -0.1220
vt 1.2605 -0.5492 -0.1220
vt 1.1469 -0.6391 -0.1220
vt 1.2803 -0.6692 -0.1220
vt 1.1743 -0.7464 -0.1220
vt 1.2996 -0.7747 -0.1220
vt 1.2013 -0.8447 -0.1220
vt 1.3186 -0.8686 -0.1220
vt 1.2280 -0.9361 -0.1220
vt 1.3374 -0.9537 -0.1220
vt -0.2020 1.3409 2.1053
vt -0.2053 1.3443 2.1053
vt -0.2053 0.4845 0.9892
vt 1.2053 1.2802 -1.1053
vt 1.2020 1.2767 -1.1055
vt -0.3769 -1.1054 -0.2020
vt -0.3744 -1.1087 -0.2020
vt -0.2371 0.6273 -0.2020
vt -0.2356 0.6208 -0.2020
vt -0.2574 0.7132 -0.2020
vt -0.2558 0.7067 -0.2020
vt -0.2799 0.8039 -0.2020
vt -0.2783 0.7974 -0.2020
vt 1.2020 2.1087 1.4377
vt 1.2053 2.1053 1.4377
vt -0.1253 1.3409 2.1053
vt -0.1220 1.3443 2.1053
vt -0.1220 0.4845 0.9892
vt 1.1220 1.2802 -1.1053
vt 1.1253 1.2767 -1.1055
vt 1.3769 -1.1054 -0.1253
vt 1.3744 -1.1087 -0.1253
vt 1.2371 0.6273 -0.1253
vt 1.2356 0.6208 -0.1253
vt 1.2574 0.7132 -0.1253
vt 1.2558 0.7067 -0.1253
vt 1.2799 0.8039 -0.1253
vt 1.2783 0.7974 -0.1253
vt 1.4377 2.1087 -0.1253
vt 1.4410 2.1053 -0.1253
vt -0.3409 2.1053 -0.2020
vt -0.3381 2.0055 -0.2020
vt 1.3381 2.0055 -0.1253
vt 1.3409 2.1053 -0.1253
vt -0.3349 1.9041 -0.2020
vt 1.3349 1.9041 -0.1253
vt -0.3311 1.8061 -0.2020
vt 1.3311 1.8061 -0.1253
vt -0.3264 1.7133 -0.2020
vt 1.3264 1.7133 -0.1253
vt -0.3205 1.6274 -0.2020
vt 1.3205 1.6274 -0.1253
vt -0.3132 1.5502 -0.2020
vt 1.3132 1.5502 -0.1253
vt -0.3040 1.4832 -0.2020
vt 1.3040 1.4832 -0.1253
vt -0.2935 1.4226 -0.2020
vt 1.2935 1.4226 -0.1253
vt -0.2820 1.3622 -0.2020
vt 1.2820 1.3622 -0.1253
vt -0.2687 1.3009 -0.2020
vt 1.2687 1.3009 -0.1253
vt -0.2529 1.2375 -0.2020
vt 1.2529 1.2375 -0.1253
vt -0.2339 1.1709 -0.2020
vt 1.2339 1.1709 -0.1253
vt -0.2111 1.0999 -0.2020
vt 1.2111 1.0999 -0.1253
vt -0.1837 1.0233 -0.2020
vt 1.1837 1.0233 -0.1253
vt 0.0130 0.4881 -0.2020
vt 0.9870 0.4881 -0.1253
vt 0.0140 0.4817 -0.2020
vt 0.0122 0.4264 -0.2020
vt 0.9878 0.4264 -0.1253
vt 0.9860 0.4817 -0.1253
vt 0.0061 0.3310 -0.2020
vt 0.9939 0.3310 -0.1253
vt -0.0043 0.2076 -0.2020
vt 1.0043 0.2076 -0.1253
vt -0.0188 0.0652 -0.2020
vt 1.0188 0.0652 -0.1253
vt -0.0374 -0.0875 -0.2020
vt 1.0374 -0.0875 -0.1253
vt -0.0602 -0.2417 -0.2020
vt 1.0602 -0.2417 -0.1253
vt -0.0871 -0.3885 -0.2020
vt 1.0871 -0.3885 -0.1253
vt -0.1157 -0.5210 -0.2020
vt 1.1157 -0.5210 -0.1253
vt -0.1437 -0.6398 -0.2020
vt 1.1437 -0.6398 -0.1253
vt -0.1711 -0.7473 -0.2020
vt 1.1711 -0.7473 -0.1253
vt -0.1981 -0.8456 -0.2020
vt 1.1981 -0.8456 -0.1253
vt -0.2248 -0.9371 -0.2020
vt 1.2248 -0.9371 -0.1253
vt -0.2513 -1.0240 -0.2020
vt 1.2513 -1.0240 -0.1253
vt -0.2767 -1.1055 -0.2020
vt 1.2767 -1.1055 -0.1253
vt -0.2810 -1.1087 -0.2020
vt 1.2020 -1.1087 1.3744
vt 1.1253 -1.1087 1.3744
vt 1.1220 1.3735 -1.1053
vt -0.3592 -1.0323 -0.2020
vt 1.3592 -1.0323 -0.1253
vt -0.3406 -0.9530 -0.2020
vt 1.3406 -0.9530 -0.1253
vt -0.3219 -0.8679 -0.2020
vt 1.3219 -0.8679 -0.1253
vt -0.3029 -0.7741 -0.2020
vt 1.3029 -0.7741 -0.1253
vt -0.2835 -0.6687 -0.2020
vt 1.2835 -0.6687 -0.1253
vt -0.2637 -0.5487 -0.2020
vt 1.2637 -0.5487 -0.1253
vt -0.2434 -0.4114 -0.2020
vt 1.2434 -0.4114 -0.1253
vt -0.2317 -0.3189 -0.2020
vt 1.2317 -0.3189 -0.1253
vt -0.2183 -0.1963 -0.2020
vt 1.2183 -0.1963 -0.1253
vt -0.2055 -0.0552 -0.2020
vt 1.2055 -0.0552 -0.1253
vt -0.1954 0.0927 -0.2020
vt 1.1954 0.0927 -0.1253
vt -0.1900 0.2358 -0.2020
vt 1.1900 0.2358 -0.1253
vt -0.1914 0.3623 -0.2020
vt 1.1914 0.3623 -0.1253
vt -0.2017 0.4606 -0.2020
vt 1.2017 0.4606 -0.1253
vt -0.2181 0.5414 -0.2020
vt 1.2181 0.5414 -0.1253
vt -0.3039 0.8976 -0.2020
vt 1.3039 0.8976 -0.1253
vt -0.3313 1.0022 -0.2020
vt 1.3313 1.0022 -0.1253
vt -0.3614 1.1160 -0.2020
vt 1.3614 1.1160 -0.1253
vt -0.3890 1.2443 -0.2020
vt 1.3890 1.2443 -0.1253
vt -0.4096 1.3874 -0.2020
vt 1.4096 1.3874 -0.1253
vt -0.4241 1.5391 -0.2020
vt 1.4241 1.5391 -0.1253
vt -0.4335 1.6932 -0.2020
vt 1.4335 1.6932 -0.1253
vt -0.4388 1.8436 -0.2020
vt 1.4388 1.8436 -0.1253
vt -0.4409 1.9841 -0.2020
vt 1.4409 1.9841 -0.1253
vt 1.2053 1.9842 1.4376
vt 1.1253 2.1087 1.4377
vt 1.1220 2.1053 1.4377
vt 1.1220 1.9842 1.4376
vt -0.2053 1.4377 2.1053
vt 1.3444 2.1087 -0.1253
# 402 texture coords

g Line06
usemtl Standard_3
s 1
f 25/57 26/58 27/59 28/60 
s 3
f 29/61 25/57 28/60 30/62 
s 2
f 31/63 29/61 30/62 32/64 
f 33/65 31/63 32/64 34/66 
f 35/67 33/65 34/66 36/68 
f 37/69 35/67 36/68 38/70 
f 39/71 37/69 38/70 40/72 
f 41/73 39/71 40/72 42/74 
f 43/75 41/73 42/74 44/76 
f 45/77 43/75 44/76 46/78 
f 47/79 45/77 46/78 48/80 
f 49/81 47/79 48/80 50/82 
f 51/83 49/81 50/82 52/84 
f 53/85 51/83 52/84 54/86 
f 55/87 53/85 54/86 56/88 
s 4
f 57/89 58/90 59/91 60/92 
f 61/93 57/89 60/92 62/94 
f 63/95 61/93 62/94 64/96 
f 65/97 63/95 64/96 66/98 
f 67/99 65/97 66/98 68/100 
f 69/101 67/99 68/100 70/102 
f 71/103 69/101 70/102 72/104 
f 73/105 71/103 72/104 74/106 
f 75/107 73/105 74/106 76/108 
f 77/109 75/107 76/108 78/110 
f 79/111 77/109 78/110 80/112 
f 81/113 79/111 80/112 82/114 
f 83/115 81/113 82/114 84/116 
f 85/117 83/115 84/116 86/118 
s 2
f 87/119 88/120 89/121 90/122 
s 4
f 91/123 92/124 93/125 94/126 
f 95/127 91/123 94/126 96/128 
f 97/129 95/127 96/128 98/130 
f 99/131 97/129 98/130 100/132 
f 101/133 99/131 100/132 102/134 
f 103/135 101/133 102/134 104/136 
f 105/137 103/135 104/136 106/138 
f 107/139 105/137 106/138 108/140 
f 109/141 107/139 108/140 110/142 
f 111/143 109/141 110/142 112/144 
f 113/145 111/143 112/144 114/146 
f 115/147 113/145 114/146 116/148 
f 117/149 115/147 116/148 118/150 
f 119/151 117/149 118/150 120/152 
f 121/153 119/151 120/152 122/154 
f 123/155 121/153 122/154 124/156 
f 125/157 126/158 127/159 128/160 
f 129/161 130/162 131/163 132/164 
f 133/165 134/166 135/167 136/168 
f 137/169 133/165 136/168 138/170 
f 139/171 137/169 138/170 140/172 
f 141/173 139/171 140/172 142/174 
f 143/175 141/173 142/174 144/176 
f 145/177 143/175 144/176 146/178 
f 147/179 145/177 146/178 148/180 
f 149/181 147/179 148/180 150/182 
f 151/183 149/181 150/182 152/184 
f 153/185 151/183 152/184 154/186 
s 2
f 155/187 156/188 157/189 158/190 
s 16
f 159/191 160/192 161/193 162/194 
f 163/195 159/191 162/194 164/196 
f 165/197 163/195 164/196 166/198 
f 166/198 164/196 167/199 168/200 
f 169/201 168/200 167/199 170/202 
f 171/203 169/201 170/202 172/204 
f 172/204 170/202 173/205 174/206 
f 175/207 174/206 173/205 176/208 
f 177/209 175/207 176/208 178/210 
f 178/210 176/208 179/211 180/212 
f 180/212 179/211 181/213 182/214 
f 182/214 181/213 183/215 184/216 
f 182/214 184/216 185/217 186/218 
f 182/214 186/218 187/219 188/220 
f 189/221 182/214 188/220 190/222 
f 190/222 188/220 191/223 192/224 
f 192/224 191/223 193/225 194/226 
f 194/226 193/225 195/227 196/228 
f 196/228 195/227 197/229 198/230 
f 198/230 197/229 199/231 200/232 
f 200/232 199/231 201/233 202/234 
f 202/234 201/233 203/235 204/236 
f 204/236 203/235 205/237 206/238 
f 206/238 205/237 207/239 208/240 
f 208/240 207/239 209/241 210/242 
f 210/242 209/241 211/243 212/244 
f 212/244 211/243 213/245 214/246 
f 214/246 213/245 215/247 216/248 
f 216/248 215/247 217/249 
f 218/250 219/251 220/252 221/253 
f 222/254 223/255 224/256 225/257 
f 225/257 224/256 226/258 227/259 
f 227/259 226/258 228/260 229/261 
f 230/262 227/259 229/261 231/263 
f 230/262 231/263 232/264 233/265 
f 233/265 232/264 234/266 235/267 
f 236/268 233/265 235/267 237/269 
f 236/268 237/269 238/270 239/271 
f 239/271 238/270 240/272 241/273 
f 242/274 239/271 241/273 243/275 
f 244/276 242/274 243/275 245/277 
f 246/278 244/276 245/277 247/279 
f 248/280 247/279 245/277 249/281 
f 250/282 249/281 245/277 251/283 
f 251/283 245/277 252/284 253/285 
f 254/286 251/283 253/285 255/287 
f 256/288 254/286 255/287 257/289 
f 258/290 256/288 257/289 259/291 
f 260/292 258/290 259/291 261/293 
f 262/294 260/292 261/293 263/295 
f 264/296 262/294 263/295 265/297 
f 266/298 264/296 265/297 267/299 
f 268/300 266/298 267/299 269/301 
f 270/302 268/300 269/301 271/303 
f 272/304 270/302 271/303 273/305 
f 274/306 272/304 273/305 275/307 
f 276/308 274/306 275/307 221/253 
f 220/252 276/308 221/253 
s off
f 27/309 158/190 160/310 
f 189/311 59/91 56/88 
f 216/312 89/121 86/313 
f 217/249 93/314 90/315 
f 186/218 127/316 124/317 
f 185/217 131/318 128/319 
f 184/216 135/320 132/321 
f 157/322 154/186 161/323 
f 26/324 223/325 155/187 
f 58/90 252/326 55/87 
f 88/120 218/327 85/328 
f 92/329 219/251 87/330 
f 126/331 249/281 123/332 
f 130/333 248/280 125/334 
f 134/335 247/279 129/336 
f 156/337 222/254 153/338 
f 27/339 160/192 159/191 28/340 
f 25/341 224/256 223/255 26/342 
f 26/324 155/187 158/190 27/309 
f 28/340 159/191 163/195 30/343 
f 29/344 226/258 224/256 25/341 
f 30/343 163/195 165/197 32/345 
f 31/346 228/260 226/258 29/344 
f 32/345 165/197 166/198 34/347 
f 33/348 229/261 228/260 31/346 
f 34/347 166/198 168/200 36/349 
f 35/350 231/263 229/261 33/348 
f 36/349 168/200 169/201 38/351 
f 37/352 232/264 231/263 35/350 
f 38/351 169/201 171/203 40/353 
f 39/354 234/266 232/264 37/352 
f 40/353 171/203 172/204 42/355 
f 41/356 235/267 234/266 39/354 
f 42/355 172/204 174/206 44/357 
f 43/358 237/269 235/267 41/356 
f 44/357 174/206 175/207 46/359 
f 45/360 238/270 237/269 43/358 
f 46/359 175/207 177/209 48/361 
f 47/362 240/272 238/270 45/360 
f 48/361 177/209 178/210 50/363 
f 49/364 241/273 240/272 47/362 
f 50/363 178/210 180/212 52/365 
f 51/366 243/275 241/273 49/364 
f 52/365 180/212 182/214 54/367 
f 53/368 245/277 243/275 51/366 
f 54/367 182/214 189/221 56/369 
f 56/88 59/91 58/90 55/87 
f 55/370 252/284 245/277 53/368 
f 59/371 189/221 190/222 60/372 
f 57/373 253/285 252/284 58/374 
f 60/372 190/222 192/224 62/375 
f 61/376 255/287 253/285 57/373 
f 62/375 192/224 194/226 64/377 
f 63/378 257/289 255/287 61/376 
f 64/377 194/226 196/228 66/379 
f 65/380 259/291 257/289 63/378 
f 66/379 196/228 198/230 68/381 
f 67/382 261/293 259/291 65/380 
f 68/381 198/230 200/232 70/383 
f 69/384 263/295 261/293 67/382 
f 70/383 200/232 202/234 72/385 
f 71/386 265/297 263/295 69/384 
f 72/385 202/234 204/236 74/387 
f 73/388 267/299 265/297 71/386 
f 74/387 204/236 206/238 76/389 
f 75/390 269/301 267/299 73/388 
f 76/389 206/238 208/240 78/391 
f 77/392 271/303 269/301 75/390 
f 78/391 208/240 210/242 80/393 
f 79/394 273/305 271/303 77/392 
f 80/393 210/242 212/244 82/395 
f 81/396 275/307 273/305 79/394 
f 82/395 212/244 214/246 84/397 
f 83/398 221/253 275/307 81/396 
f 84/397 214/246 216/248 86/399 
f 86/313 89/121 88/120 85/328 
f 85/400 218/250 221/253 83/398 
f 89/401 216/248 217/249 90/315 
f 90/402 93/125 92/124 87/403 
f 87/119 219/404 218/327 88/120 
f 93/314 217/249 215/247 94/405 
f 91/406 220/252 219/251 92/329 
f 94/405 215/247 213/245 96/407 
f 95/408 276/308 220/252 91/406 
f 96/407 213/245 211/243 98/409 
f 97/410 274/306 276/308 95/408 
f 98/409 211/243 209/241 100/411 
f 99/412 272/304 274/306 97/410 
f 100/411 209/241 207/239 102/413 
f 101/414 270/302 272/304 99/412 
f 102/413 207/239 205/237 104/415 
f 103/416 268/300 270/302 101/414 
f 104/415 205/237 203/235 106/417 
f 105/418 266/298 268/300 103/416 
f 106/417 203/235 201/233 108/419 
f 107/420 264/296 266/298 105/418 
f 108/419 201/233 199/231 110/421 
f 109/422 262/294 264/296 107/420 
f 110/421 199/231 197/229 112/423 
f 111/424 260/292 262/294 109/422 
f 112/423 197/229 195/227 114/425 
f 113/426 258/290 260/292 111/424 
f 114/425 195/227 193/225 116/427 
f 115/428 256/288 258/290 113/426 
f 116/427 193/225 191/223 118/429 
f 117/430 254/286 256/288 115/428 
f 118/429 191/223 188/220 120/431 
f 119/432 251/283 254/286 117/430 
f 120/431 188/220 187/219 122/433 
f 121/434 250/282 251/283 119/432 
f 122/433 187/219 186/218 124/317 
s 4
f 124/156 127/159 126/158 123/155 
s off
f 123/332 249/281 250/282 121/434 
f 127/316 186/218 185/217 128/319 
s 4
f 128/160 131/163 130/162 125/157 
s off
f 125/334 248/280 249/281 126/331 
f 131/318 185/217 184/216 132/321 
s 4
f 132/164 135/167 134/166 129/161 
s off
f 129/336 247/279 248/280 130/333 
f 135/320 184/216 183/215 136/435 
f 133/436 246/278 247/279 134/335 
f 136/435 183/215 181/213 138/437 
f 137/438 244/276 246/278 133/436 
f 138/437 181/213 179/211 140/439 
f 139/440 242/274 244/276 137/438 
f 140/439 179/211 176/208 142/441 
f 141/442 239/271 242/274 139/440 
f 142/441 176/208 173/205 144/443 
f 143/444 236/268 239/271 141/442 
f 144/443 173/205 170/202 146/445 
f 145/446 233/265 236/268 143/444 
f 146/445 170/202 167/199 148/447 
f 147/448 230/262 233/265 145/446 
f 148/447 167/199 164/196 150/449 
f 149/450 227/259 230/262 147/448 
f 150/449 164/196 162/194 152/451 
f 151/452 225/257 227/259 149/450 
f 152/184 162/453 161/323 154/186 
f 154/186 157/322 156/454 153/185 
f 153/185 222/455 225/456 151/183 
f 157/189 161/457 160/310 158/190 
f 155/458 223/255 222/254 156/337 
# 241 polygons - 18 triangles

#
# object Line07
#

v  212.1998 934.2554 -251.4345
v  212.1998 964.2004 -252.2785
v  189.1998 964.2004 -252.2785
v  189.1998 934.2554 -251.4345
v  212.1998 903.8282 -250.4729
v  189.1998 903.8282 -250.4729
v  212.1998 874.4363 -249.3327
v  189.1998 874.4363 -249.3327
v  212.1998 846.5970 -247.9244
v  189.1998 846.5970 -247.9244
v  212.1998 820.8280 -246.1586
v  189.1998 820.8280 -246.1586
v  212.1998 797.6468 -243.9461
v  189.1998 797.6468 -243.9461
v  212.1998 777.5709 -241.1974
v  189.1998 777.5709 -241.1974
v  212.1998 759.3762 -238.0587
v  189.1998 759.3762 -238.0587
v  212.1998 741.2599 -234.5962
v  189.1998 741.2599 -234.5962
v  212.1998 722.8720 -230.6013
v  189.1998 722.8720 -230.6013
v  212.1998 703.8623 -225.8650
v  189.1998 703.8623 -225.8650
v  212.1998 683.8807 -220.1787
v  189.1998 683.8807 -220.1787
v  212.1998 662.5771 -213.3334
v  189.1998 662.5771 -213.3334
v  212.1998 639.6013 -205.1205
v  189.1998 639.6013 -205.1205
v  212.1998 479.0441 -146.1096
v  189.1998 479.0441 -146.1096
v  212.1998 460.5119 -146.3404
v  212.1998 477.1060 -145.7973
v  189.1998 477.1060 -145.7973
v  189.1998 460.5119 -146.3404
v  212.1998 431.8889 -148.1810
v  189.1998 431.8889 -148.1810
v  212.1998 394.8859 -151.2798
v  189.1998 394.8859 -151.2798
v  212.1998 352.1520 -155.6306
v  189.1998 352.1520 -155.6306
v  212.1998 306.3366 -161.2269
v  189.1998 306.3366 -161.2269
v  212.1998 260.0889 -168.0622
v  189.1998 260.0889 -168.0622
v  212.1998 216.0581 -176.1302
v  189.1998 216.0581 -176.1302
v  212.1998 176.2993 -184.7076
v  189.1998 176.2993 -184.7076
v  212.1998 140.6451 -193.0962
v  189.1998 140.6451 -193.0962
v  212.1998 108.4114 -201.3277
v  189.1998 108.4114 -201.3277
v  212.1998 78.9142 -209.4334
v  189.1998 78.9142 -209.4334
v  212.1998 51.4692 -217.4448
v  189.1998 51.4692 -217.4448
v  212.1998 25.3926 -225.3932
v  189.1998 25.3926 -225.3932
v  212.1998 0.9547 -233.0126
v  189.1998 0.9547 -233.0126
v  212.1998 0.0000 -262.3103
v  212.1998 0.0000 -234.3103
v  189.1998 0.0000 -234.3103
v  189.1998 0.0000 -262.3103
v  212.1998 22.9165 -257.7647
v  212.1998 0.9720 -263.0751
v  189.1998 0.9720 -263.0751
v  189.1998 22.9165 -257.7647
v  212.1998 46.7041 -252.1929
v  189.1998 46.7041 -252.1929
v  212.1998 72.2335 -246.5690
v  189.1998 72.2335 -246.5690
v  212.1998 100.3757 -240.8669
v  189.1998 100.3757 -240.8669
v  212.1998 132.0017 -235.0604
v  189.1998 132.0017 -235.0604
v  212.1998 167.9826 -229.1235
v  189.1998 167.9826 -229.1235
v  212.1998 209.1891 -223.0301
v  189.1998 209.1891 -223.0301
v  212.1998 236.9316 -219.4968
v  189.1998 236.9316 -219.4968
v  212.1998 273.7162 -215.4966
v  189.1998 273.7162 -215.4966
v  212.1998 316.0432 -211.6587
v  189.1998 316.0432 -211.6587
v  212.1998 360.4128 -208.6125
v  189.1998 360.4128 -208.6125
v  212.1998 403.3254 -206.9871
v  189.1998 403.3254 -206.9871
v  212.1998 441.2812 -207.4119
v  189.1998 441.2812 -207.4119
v  212.1998 470.7805 -210.5159
v  189.1998 470.7805 -210.5159
v  212.1998 495.0156 -215.4309
v  189.1998 495.0156 -215.4309
v  212.1998 518.8281 -220.6876
v  189.1998 518.8281 -220.6876
v  212.1998 544.6127 -226.7544
v  212.1998 520.7778 -221.1327
v  189.1998 520.7778 -221.1327
v  189.1998 544.6127 -226.7544
v  212.1998 571.8278 -233.4843
v  212.1998 546.5566 -227.2244
v  189.1998 546.5566 -227.2244
v  189.1998 571.8278 -233.4843
v  212.1998 601.8806 -241.1768
v  212.1998 573.7672 -233.9730
v  189.1998 573.7672 -233.9730
v  189.1998 601.8806 -241.1768
v  212.1998 633.2711 -249.3915
v  189.1998 633.2711 -249.3915
v  212.1998 667.4083 -258.4202
v  189.1998 667.4083 -258.4202
v  212.1998 705.8964 -266.7119
v  189.1998 705.8964 -266.7119
v  212.1998 748.8150 -272.8802
v  189.1998 748.8150 -272.8802
v  212.1998 794.3165 -277.2234
v  189.1998 794.3165 -277.2234
v  212.1998 840.5534 -280.0396
v  189.1998 840.5534 -280.0396
v  212.1998 885.6780 -281.6267
v  189.1998 885.6780 -281.6267
v  212.1998 927.8428 -282.2830
v  189.1998 927.8428 -282.2830
v  212.1998 964.2000 -282.3060
v  189.1998 964.2000 -282.3060
v  212.1998 965.2000 -253.3066
v  212.1998 965.2000 -281.3066
v  189.1998 965.2000 -281.3066
v  189.1998 965.2000 -253.3066
v  188.1998 934.2255 -252.4340
v  188.1998 964.2000 -253.2789
v  188.1998 964.2000 -281.3060
v  188.1998 927.8509 -281.2831
v  188.1998 903.7931 -251.4723
v  188.1998 885.7034 -280.6270
v  188.1998 874.3916 -250.3317
v  188.1998 846.5376 -248.9226
v  188.1998 840.6014 -279.0406
v  188.1998 820.7463 -247.1554
v  188.1998 797.5314 -244.9396
v  188.1998 794.3944 -276.2263
v  188.1998 777.4181 -242.1859
v  188.1998 759.1974 -239.0426
v  188.1998 748.9337 -271.8871
v  188.1998 741.0599 -235.5761
v  188.1998 722.6449 -231.5753
v  188.1998 706.0731 -265.7270
v  188.1998 703.6045 -226.8313
v  188.1998 683.5908 -221.1359
v  188.1998 667.6416 -257.4475
v  188.1998 662.2557 -214.2805
v  188.1998 633.5255 -248.4244
v  188.1998 639.2605 -206.0607
v  188.1998 602.1313 -240.2088
v  188.1998 573.0428 -232.7551
v  188.1998 545.8210 -226.0120
v  188.1998 520.0272 -219.9282
v  188.1998 495.2228 -214.4526
v  188.1998 470.9325 -209.5264
v  188.1998 477.9434 -146.7705
v  188.1998 460.5603 -147.3394
v  188.1998 441.3392 -206.4124
v  188.1998 431.9627 -149.1783
v  188.1998 403.3121 -205.9869
v  188.1998 394.9783 -152.2756
v  188.1998 360.3596 -207.6138
v  188.1998 352.2633 -156.6245
v  188.1998 315.9638 -210.6618
v  188.1998 306.4703 -162.2180
v  188.1998 273.6170 -214.5014
v  188.1998 260.2521 -169.0490
v  188.1998 236.8143 -218.5036
v  188.1998 216.2537 -177.1110
v  188.1998 209.0528 -222.0394
v  188.1998 176.5193 -185.6831
v  188.1998 167.8280 -228.1355
v  188.1998 140.8833 -194.0675
v  188.1998 131.8300 -234.0752
v  188.1998 108.6676 -202.2944
v  188.1998 100.1861 -239.8850
v  188.1998 79.1868 -210.3956
v  188.1998 72.0266 -245.5906
v  188.1998 51.7551 -218.4030
v  188.1998 46.4825 -251.2178
v  188.1998 25.6872 -226.3488
v  188.1998 22.6849 -256.7919
v  188.1998 1.0000 -234.0460
v  188.1998 1.0000 -262.0395
v  213.1998 1.0000 -234.0460
v  213.1998 1.0000 -262.0395
v  213.1998 22.6849 -256.7919
v  213.1998 25.6872 -226.3488
v  213.1998 964.2000 -281.3060
v  213.1998 964.2000 -253.2789
v  213.1998 934.2255 -252.4340
v  213.1998 927.8509 -281.2831
v  213.1998 903.7931 -251.4723
v  213.1998 885.7034 -280.6270
v  213.1998 874.3916 -250.3317
v  213.1998 846.5376 -248.9226
v  213.1998 840.6014 -279.0406
v  213.1998 820.7463 -247.1554
v  213.1998 797.5314 -244.9396
v  213.1998 794.3944 -276.2263
v  213.1998 777.4181 -242.1859
v  213.1998 759.1974 -239.0426
v  213.1998 748.9337 -271.8871
v  213.1998 741.0599 -235.5761
v  213.1998 722.6449 -231.5753
v  213.1998 706.0731 -265.7270
v  213.1998 703.6045 -226.8313
v  213.1998 683.5908 -221.1359
v  213.1998 667.6416 -257.4475
v  213.1998 662.2557 -214.2805
v  213.1998 633.5255 -248.4244
v  213.1998 639.2605 -206.0607
v  213.1998 602.1313 -240.2088
v  213.1998 573.0428 -232.7551
v  213.1998 545.8210 -226.0120
v  213.1998 520.0272 -219.9282
v  213.1998 495.2228 -214.4526
v  213.1998 470.9325 -209.5264
v  213.1998 477.9434 -146.7705
v  213.1998 460.5603 -147.3394
v  213.1998 441.3392 -206.4124
v  213.1998 431.9627 -149.1783
v  213.1998 403.3121 -205.9869
v  213.1998 394.9783 -152.2756
v  213.1998 360.3596 -207.6138
v  213.1998 352.2633 -156.6245
v  213.1998 315.9638 -210.6618
v  213.1998 306.4703 -162.2180
v  213.1998 273.6170 -214.5014
v  213.1998 260.2521 -169.0490
v  213.1998 236.8143 -218.5036
v  213.1998 216.2537 -177.1110
v  213.1998 209.0528 -222.0394
v  213.1998 176.5193 -185.6831
v  213.1998 167.8280 -228.1355
v  213.1998 140.8833 -194.0675
v  213.1998 131.8300 -234.0752
v  213.1998 108.6676 -202.2944
v  213.1998 100.1861 -239.8850
v  213.1998 79.1868 -210.3956
v  213.1998 72.0266 -245.5906
v  213.1998 51.7551 -218.4030
v  213.1998 46.4825 -251.2178
# 252 vertices

vt 1.2073 2.0055 1.3381
vt 1.2073 2.1053 1.3409
vt 1.1307 2.1053 1.3409
vt 1.1307 2.0055 1.3381
vt 1.2073 1.9041 1.3349
vt 1.1307 1.9041 1.3349
vt 1.2073 1.8061 1.3311
vt 1.1307 1.8061 1.3311
vt 1.2073 1.7133 1.3264
vt 1.1307 1.7133 1.3264
vt 1.2073 1.6274 1.3205
vt 1.1307 1.6274 1.3205
vt 1.2073 1.5502 1.3132
vt 1.1307 1.5502 1.3132
vt 1.2073 1.4832 1.3040
vt 1.1307 1.4832 1.3040
vt 1.2073 1.4226 1.2935
vt 1.1307 1.4226 1.2935
vt 1.2073 1.3622 1.2820
vt 1.1307 1.3622 1.2820
vt 1.2073 1.3009 1.2687
vt 1.1307 1.3009 1.2687
vt 1.2073 1.2375 1.2529
vt 1.1307 1.2375 1.2529
vt 1.2073 1.1709 1.2339
vt 1.1307 1.1709 1.2339
vt 1.2073 1.0999 1.2111
vt 1.1307 1.0999 1.2111
vt 1.2073 1.0233 1.1837
vt 1.1307 1.0233 1.1837
vt 1.2073 0.4881 0.9870
vt 1.1307 0.4881 0.9870
vt 1.2073 0.4264 0.9878
vt 1.2073 0.4817 0.9860
vt 1.1307 0.4817 0.9860
vt 1.1307 0.4264 0.9878
vt 1.2073 0.3310 0.9939
vt 1.1307 0.3310 0.9939
vt 1.2073 0.2076 1.0043
vt 1.1307 0.2076 1.0043
vt 1.2073 0.0652 1.0188
vt 1.1307 0.0652 1.0188
vt 1.2073 -0.0875 1.0374
vt 1.1307 -0.0875 1.0374
vt 1.2073 -0.2417 1.0602
vt 1.1307 -0.2417 1.0602
vt 1.2073 -0.3885 1.0871
vt 1.1307 -0.3885 1.0871
vt 1.2073 -0.5210 1.1157
vt 1.1307 -0.5210 1.1157
vt 1.2073 -0.6398 1.1437
vt 1.1307 -0.6398 1.1437
vt 1.2073 -0.7473 1.1711
vt 1.1307 -0.7473 1.1711
vt 1.2073 -0.8456 1.1981
vt 1.1307 -0.8456 1.1981
vt 1.2073 -0.9371 1.2248
vt 1.1307 -0.9371 1.2248
vt 1.2073 -1.0240 1.2513
vt 1.1307 -1.0240 1.2513
vt 1.2073 -1.1055 1.2767
vt 1.1307 -1.1055 1.2767
vt -0.2073 1.3744 -1.1087
vt -0.2073 1.2810 -1.1087
vt -0.1307 1.2810 -1.1087
vt -0.1307 1.3744 -1.1087
vt -0.2073 -1.0323 1.3592
vt -0.2073 -1.1054 1.3769
vt -0.1307 -1.1054 1.3769
vt -0.1307 -1.0323 1.3592
vt -0.2073 -0.9530 1.3406
vt -0.1307 -0.9530 1.3406
vt -0.2073 -0.8679 1.3219
vt -0.1307 -0.8679 1.3219
vt -0.2073 -0.7741 1.3029
vt -0.1307 -0.7741 1.3029
vt -0.2073 -0.6687 1.2835
vt -0.1307 -0.6687 1.2835
vt -0.2073 -0.5487 1.2637
vt -0.1307 -0.5487 1.2637
vt -0.2073 -0.4114 1.2434
vt -0.1307 -0.4114 1.2434
vt -0.2073 -0.3189 1.2317
vt -0.1307 -0.3189 1.2317
vt -0.2073 -0.1963 1.2183
vt -0.1307 -0.1963 1.2183
vt -0.2073 -0.0552 1.2055
vt -0.1307 -0.0552 1.2055
vt -0.2073 0.0927 1.1954
vt -0.1307 0.0927 1.1954
vt -0.2073 0.2358 1.1900
vt -0.1307 0.2358 1.1900
vt -0.2073 0.3623 1.1914
vt -0.1307 0.3623 1.1914
vt -0.2073 0.4606 1.2017
vt -0.1307 0.4606 1.2017
vt -0.2073 0.5414 1.2181
vt -0.1307 0.5414 1.2181
vt -0.2073 0.6208 1.2356
vt -0.1307 0.6208 1.2356
vt -0.2073 0.7067 1.2558
vt -0.2073 0.6273 1.2371
vt -0.1307 0.6273 1.2371
vt -0.1307 0.7067 1.2558
vt -0.2073 0.7974 1.2783
vt -0.2073 0.7132 1.2574
vt -0.1307 0.7132 1.2574
vt -0.1307 0.7974 1.2783
vt -0.2073 0.8976 1.3039
vt -0.2073 0.8039 1.2799
vt -0.1307 0.8039 1.2799
vt -0.1307 0.8976 1.3039
vt -0.2073 1.0022 1.3313
vt -0.1307 1.0022 1.3313
vt -0.2073 1.1160 1.3614
vt -0.1307 1.1160 1.3614
vt -0.2073 1.2443 1.3890
vt -0.1307 1.2443 1.3890
vt -0.2073 1.3874 1.4096
vt -0.1307 1.3874 1.4096
vt -0.2073 1.5391 1.4241
vt -0.1307 1.5391 1.4241
vt -0.2073 1.6932 1.4335
vt -0.1307 1.6932 1.4335
vt -0.2073 1.8436 1.4388
vt -0.1307 1.8436 1.4388
vt -0.2073 1.9841 1.4409
vt -0.1307 1.9841 1.4409
vt -0.2073 2.1053 1.4410
vt -0.1307 2.1053 1.4410
vt 1.2073 1.3444 2.1087
vt 1.2073 1.4377 2.1087
vt 1.1307 1.4377 2.1087
vt 1.1307 1.3444 2.1087
vt -0.3414 2.0054 1.1273
vt -0.3443 2.1053 1.1273
vt -0.4377 2.1053 1.1273
vt -0.4376 1.9842 1.1273
vt -0.3382 1.9040 1.1273
vt -0.4354 1.8437 1.1273
vt -0.3344 1.8060 1.1273
vt -0.3297 1.7131 1.1273
vt -0.4301 1.6933 1.1273
vt -0.3239 1.6272 1.1273
vt -0.3165 1.5498 1.1273
vt -0.4208 1.5393 1.1273
vt -0.3073 1.4827 1.1273
vt -0.2968 1.4220 1.1273
vt -0.4063 1.3878 1.1273
vt -0.2853 1.3615 1.1273
vt -0.2719 1.3001 1.1273
vt -0.3858 1.2449 1.1273
vt -0.2561 1.2367 1.1273
vt -0.2371 1.1700 1.1273
vt -0.3582 1.1168 1.1273
vt -0.2143 1.0989 1.1273
vt -0.3281 1.0031 1.1273
vt -0.1869 1.0222 1.1273
vt -0.3007 0.8984 1.1273
vt -0.2758 0.8015 1.1273
vt -0.2534 0.7107 1.1273
vt -0.2331 0.6248 1.1273
vt -0.2148 0.5421 1.1273
vt -0.1984 0.4611 1.1273
vt 0.0108 0.4845 1.1273
vt 0.0089 0.4265 1.1273
vt -0.1880 0.3625 1.1273
vt 0.0027 0.3312 1.1273
vt -0.1866 0.2357 1.1273
vt -0.0076 0.2079 1.1273
vt -0.1920 0.0925 1.1273
vt -0.0221 0.0655 1.1273
vt -0.2022 -0.0555 1.1273
vt -0.0407 -0.0871 1.1273
vt -0.2150 -0.1966 1.1273
vt -0.0635 -0.2412 1.1273
vt -0.2283 -0.3193 1.1273
vt -0.0904 -0.3878 1.1273
vt -0.2401 -0.4118 1.1273
vt -0.1189 -0.5203 1.1273
vt -0.2605 -0.5492 1.1273
vt -0.1469 -0.6391 1.1273
vt -0.2803 -0.6692 1.1273
vt -0.1743 -0.7464 1.1273
vt -0.2996 -0.7747 1.1273
vt -0.2013 -0.8447 1.1273
vt -0.3186 -0.8686 1.1273
vt -0.2280 -0.9361 1.1273
vt -0.3374 -0.9537 1.1273
vt -0.2545 -1.0230 1.1273
vt -0.3560 -1.0331 1.1273
vt -0.2802 -1.1053 1.1273
vt -0.3735 -1.1053 1.1273
vt 1.2802 -1.1053 1.2107
vt 1.3735 -1.1053 1.2107
vt 1.3560 -1.0331 1.2107
vt 1.2545 -1.0230 1.2107
vt 1.4377 2.1053 1.2107
vt 1.3443 2.1053 1.2107
vt 1.3414 2.0054 1.2107
vt 1.4376 1.9842 1.2107
vt 1.3382 1.9040 1.2107
vt 1.4354 1.8437 1.2107
vt 1.3344 1.8060 1.2107
vt 1.3297 1.7131 1.2107
vt 1.4301 1.6933 1.2107
vt 1.3239 1.6272 1.2107
vt 1.3165 1.5498 1.2107
vt 1.4208 1.5393 1.2107
vt 1.3073 1.4827 1.2107
vt 1.2968 1.4220 1.2107
vt 1.4063 1.3878 1.2107
vt 1.2853 1.3615 1.2107
vt 1.2719 1.3001 1.2107
vt 1.3858 1.2449 1.2107
vt 1.2561 1.2367 1.2107
vt 1.2371 1.1700 1.2107
vt 1.3582 1.1168 1.2107
vt 1.2143 1.0989 1.2107
vt 1.3281 1.0031 1.2107
vt 1.1869 1.0222 1.2107
vt 1.3007 0.8984 1.2107
vt 1.2758 0.8015 1.2107
vt 1.2534 0.7107 1.2107
vt 1.2331 0.6248 1.2107
vt 1.2148 0.5421 1.2107
vt 1.1984 0.4611 1.2107
vt 0.9892 0.4845 1.2107
vt 0.9911 0.4265 1.2107
vt 1.1880 0.3625 1.2107
vt 0.9973 0.3312 1.2107
vt 1.1866 0.2357 1.2107
vt 1.0076 0.2079 1.2107
vt 1.1920 0.0925 1.2107
vt 1.0221 0.0655 1.2107
vt 1.2022 -0.0555 1.2107
vt 1.0407 -0.0871 1.2107
vt 1.2150 -0.1966 1.2107
vt 1.0635 -0.2412 1.2107
vt 1.2283 -0.3193 1.2107
vt 1.0904 -0.3878 1.2107
vt 1.2401 -0.4118 1.2107
vt 1.1189 -0.5203 1.2107
vt 1.2605 -0.5492 1.2107
vt 1.1469 -0.6391 1.2107
vt 1.2803 -0.6692 1.2107
vt 1.1743 -0.7464 1.2107
vt 1.2996 -0.7747 1.2107
vt 1.2013 -0.8447 1.2107
vt 1.3186 -0.8686 1.2107
vt 1.2280 -0.9361 1.2107
vt 1.3374 -0.9537 1.2107
vt 1.1307 1.3409 2.1053
vt 1.1273 1.3443 2.1053
vt 1.1273 0.4845 0.9892
vt -0.1273 1.2802 -1.1053
vt -0.1307 1.2767 -1.1055
vt -0.3769 -1.1054 1.1307
vt -0.3744 -1.1087 1.1307
vt -0.2371 0.6273 1.1307
vt -0.2356 0.6208 1.1307
vt -0.2574 0.7132 1.1307
vt -0.2558 0.7067 1.1307
vt -0.2799 0.8039 1.1307
vt -0.2783 0.7974 1.1307
vt -0.1307 2.1087 1.4377
vt -0.1273 2.1053 1.4377
vt 1.2073 1.3409 2.1053
vt 1.2107 1.3443 2.1053
vt 1.2107 0.4845 0.9892
vt -0.2107 1.2802 -1.1053
vt -0.2073 1.2767 -1.1055
vt 1.3769 -1.1054 1.2073
vt 1.3744 -1.1087 1.2073
vt 1.2371 0.6273 1.2073
vt 1.2356 0.6208 1.2073
vt 1.2574 0.7132 1.2073
vt 1.2558 0.7067 1.2073
vt 1.2799 0.8039 1.2073
vt 1.2783 0.7974 1.2073
vt 1.4377 2.1087 1.2073
vt 1.4410 2.1053 1.2073
vt -0.3409 2.1053 1.1307
vt -0.3381 2.0055 1.1307
vt 1.3381 2.0055 1.2073
vt 1.3409 2.1053 1.2073
vt -0.3349 1.9041 1.1307
vt 1.3349 1.9041 1.2073
vt -0.3311 1.8061 1.1307
vt 1.3311 1.8061 1.2073
vt -0.3264 1.7133 1.1307
vt 1.3264 1.7133 1.2073
vt -0.3205 1.6274 1.1307
vt 1.3205 1.6274 1.2073
vt -0.3132 1.5502 1.1307
vt 1.3132 1.5502 1.2073
vt -0.3040 1.4832 1.1307
vt 1.3040 1.4832 1.2073
vt -0.2935 1.4226 1.1307
vt 1.2935 1.4226 1.2073
vt -0.2820 1.3622 1.1307
vt 1.2820 1.3622 1.2073
vt -0.2687 1.3009 1.1307
vt 1.2687 1.3009 1.2073
vt -0.2529 1.2375 1.1307
vt 1.2529 1.2375 1.2073
vt -0.2339 1.1709 1.1307
vt 1.2339 1.1709 1.2073
vt -0.2111 1.0999 1.1307
vt 1.2111 1.0999 1.2073
vt -0.1837 1.0233 1.1307
vt 1.1837 1.0233 1.2073
vt 0.0130 0.4881 1.1307
vt 0.9870 0.4881 1.2073
vt 0.0140 0.4817 1.1307
vt 0.0122 0.4264 1.1307
vt 0.9878 0.4264 1.2073
vt 0.9860 0.4817 1.2073
vt 0.0061 0.3310 1.1307
vt 0.9939 0.3310 1.2073
vt -0.0043 0.2076 1.1307
vt 1.0043 0.2076 1.2073
vt -0.0188 0.0652 1.1307
vt 1.0188 0.0652 1.2073
vt -0.0374 -0.0875 1.1307
vt 1.0374 -0.0875 1.2073
vt -0.0602 -0.2417 1.1307
vt 1.0602 -0.2417 1.2073
vt -0.0871 -0.3885 1.1307
vt 1.0871 -0.3885 1.2073
vt -0.1157 -0.5210 1.1307
vt 1.1157 -0.5210 1.2073
vt -0.1437 -0.6398 1.1307
vt 1.1437 -0.6398 1.2073
vt -0.1711 -0.7473 1.1307
vt 1.1711 -0.7473 1.2073
vt -0.1981 -0.8456 1.1307
vt 1.1981 -0.8456 1.2073
vt -0.2248 -0.9371 1.1307
vt 1.2248 -0.9371 1.2073
vt -0.2513 -1.0240 1.1307
vt 1.2513 -1.0240 1.2073
vt -0.2767 -1.1055 1.1307
vt 1.2767 -1.1055 1.2073
vt -0.2810 -1.1087 1.1307
vt -0.1307 -1.1087 1.3744
vt -0.2073 -1.1087 1.3744
vt -0.2107 1.3735 -1.1053
vt -0.3592 -1.0323 1.1307
vt 1.3592 -1.0323 1.2073
vt -0.3406 -0.9530 1.1307
vt 1.3406 -0.9530 1.2073
vt -0.3219 -0.8679 1.1307
vt 1.3219 -0.8679 1.2073
vt -0.3029 -0.7741 1.1307
vt 1.3029 -0.7741 1.2073
vt -0.2835 -0.6687 1.1307
vt 1.2835 -0.6687 1.2073
vt -0.2637 -0.5487 1.1307
vt 1.2637 -0.5487 1.2073
vt -0.2434 -0.4114 1.1307
vt 1.2434 -0.4114 1.2073
vt -0.2317 -0.3189 1.1307
vt 1.2317 -0.3189 1.2073
vt -0.2183 -0.1963 1.1307
vt 1.2183 -0.1963 1.2073
vt -0.2055 -0.0552 1.1307
vt 1.2055 -0.0552 1.2073
vt -0.1954 0.0927 1.1307
vt 1.1954 0.0927 1.2073
vt -0.1900 0.2358 1.1307
vt 1.1900 0.2358 1.2073
vt -0.1914 0.3623 1.1307
vt 1.1914 0.3623 1.2073
vt -0.2017 0.4606 1.1307
vt 1.2017 0.4606 1.2073
vt -0.2181 0.5414 1.1307
vt 1.2181 0.5414 1.2073
vt -0.3039 0.8976 1.1307
vt 1.3039 0.8976 1.2073
vt -0.3313 1.0022 1.1307
vt 1.3313 1.0022 1.2073
vt -0.3614 1.1160 1.1307
vt 1.3614 1.1160 1.2073
vt -0.3890 1.2443 1.1307
vt 1.3890 1.2443 1.2073
vt -0.4096 1.3874 1.1307
vt 1.4096 1.3874 1.2073
vt -0.4241 1.5391 1.1307
vt 1.4241 1.5391 1.2073
vt -0.4335 1.6932 1.1307
vt 1.4335 1.6932 1.2073
vt -0.4388 1.8436 1.1307
vt 1.4388 1.8436 1.2073
vt -0.4409 1.9841 1.1307
vt 1.4409 1.9841 1.2073
vt -0.1273 1.9842 1.4376
vt -0.2073 2.1087 1.4377
vt -0.2107 2.1053 1.4377
vt -0.2107 1.9842 1.4376
vt 1.1273 1.4377 2.1053
vt 1.3444 2.1087 1.2073
# 402 texture coords

g Line07
usemtl Standard_3
s 1
f 277/459 278/460 279/461 280/462 
s 3
f 281/463 277/459 280/462 282/464 
s 2
f 283/465 281/463 282/464 284/466 
f 285/467 283/465 284/466 286/468 
f 287/469 285/467 286/468 288/470 
f 289/471 287/469 288/470 290/472 
f 291/473 289/471 290/472 292/474 
f 293/475 291/473 292/474 294/476 
f 295/477 293/475 294/476 296/478 
f 297/479 295/477 296/478 298/480 
f 299/481 297/479 298/480 300/482 
f 301/483 299/481 300/482 302/484 
f 303/485 301/483 302/484 304/486 
f 305/487 303/485 304/486 306/488 
f 307/489 305/487 306/488 308/490 
s 4
f 309/491 310/492 311/493 312/494 
f 313/495 309/491 312/494 314/496 
f 315/497 313/495 314/496 316/498 
f 317/499 315/497 316/498 318/500 
f 319/501 317/499 318/500 320/502 
f 321/503 319/501 320/502 322/504 
f 323/505 321/503 322/504 324/506 
f 325/507 323/505 324/506 326/508 
f 327/509 325/507 326/508 328/510 
f 329/511 327/509 328/510 330/512 
f 331/513 329/511 330/512 332/514 
f 333/515 331/513 332/514 334/516 
f 335/517 333/515 334/516 336/518 
f 337/519 335/517 336/518 338/520 
s 2
f 339/521 340/522 341/523 342/524 
s 4
f 343/525 344/526 345/527 346/528 
f 347/529 343/525 346/528 348/530 
f 349/531 347/529 348/530 350/532 
f 351/533 349/531 350/532 352/534 
f 353/535 351/533 352/534 354/536 
f 355/537 353/535 354/536 356/538 
f 357/539 355/537 356/538 358/540 
f 359/541 357/539 358/540 360/542 
f 361/543 359/541 360/542 362/544 
f 363/545 361/543 362/544 364/546 
f 365/547 363/545 364/546 366/548 
f 367/549 365/547 366/548 368/550 
f 369/551 367/549 368/550 370/552 
f 371/553 369/551 370/552 372/554 
f 373/555 371/553 372/554 374/556 
f 375/557 373/555 374/556 376/558 
f 377/559 378/560 379/561 380/562 
f 381/563 382/564 383/565 384/566 
f 385/567 386/568 387/569 388/570 
f 389/571 385/567 388/570 390/572 
f 391/573 389/571 390/572 392/574 
f 393/575 391/573 392/574 394/576 
f 395/577 393/575 394/576 396/578 
f 397/579 395/577 396/578 398/580 
f 399/581 397/579 398/580 400/582 
f 401/583 399/581 400/582 402/584 
f 403/585 401/583 402/584 404/586 
f 405/587 403/585 404/586 406/588 
s 2
f 407/589 408/590 409/591 410/592 
s 16
f 411/593 412/594 413/595 414/596 
f 415/597 411/593 414/596 416/598 
f 417/599 415/597 416/598 418/600 
f 418/600 416/598 419/601 420/602 
f 421/603 420/602 419/601 422/604 
f 423/605 421/603 422/604 424/606 
f 424/606 422/604 425/607 426/608 
f 427/609 426/608 425/607 428/610 
f 429/611 427/609 428/610 430/612 
f 430/612 428/610 431/613 432/614 
f 432/614 431/613 433/615 434/616 
f 434/616 433/615 435/617 436/618 
f 434/616 436/618 437/619 438/620 
f 434/616 438/620 439/621 440/622 
f 441/623 434/616 440/622 442/624 
f 442/624 440/622 443/625 444/626 
f 444/626 443/625 445/627 446/628 
f 446/628 445/627 447/629 448/630 
f 448/630 447/629 449/631 450/632 
f 450/632 449/631 451/633 452/634 
f 452/634 451/633 453/635 454/636 
f 454/636 453/635 455/637 456/638 
f 456/638 455/637 457/639 458/640 
f 458/640 457/639 459/641 460/642 
f 460/642 459/641 461/643 462/644 
f 462/644 461/643 463/645 464/646 
f 464/646 463/645 465/647 466/648 
f 466/648 465/647 467/649 468/650 
f 468/650 467/649 469/651 
f 470/652 471/653 472/654 473/655 
f 474/656 475/657 476/658 477/659 
f 477/659 476/658 478/660 479/661 
f 479/661 478/660 480/662 481/663 
f 482/664 479/661 481/663 483/665 
f 482/664 483/665 484/666 485/667 
f 485/667 484/666 486/668 487/669 
f 488/670 485/667 487/669 489/671 
f 488/670 489/671 490/672 491/673 
f 491/673 490/672 492/674 493/675 
f 494/676 491/673 493/675 495/677 
f 496/678 494/676 495/677 497/679 
f 498/680 496/678 497/679 499/681 
f 500/682 499/681 497/679 501/683 
f 502/684 501/683 497/679 503/685 
f 503/685 497/679 504/686 505/687 
f 506/688 503/685 505/687 507/689 
f 508/690 506/688 507/689 509/691 
f 510/692 508/690 509/691 511/693 
f 512/694 510/692 511/693 513/695 
f 514/696 512/694 513/695 515/697 
f 516/698 514/696 515/697 517/699 
f 518/700 516/698 517/699 519/701 
f 520/702 518/700 519/701 521/703 
f 522/704 520/702 521/703 523/705 
f 524/706 522/704 523/705 525/707 
f 526/708 524/706 525/707 527/709 
f 528/710 526/708 527/709 473/655 
f 472/654 528/710 473/655 
s off
f 279/711 410/592 412/712 
f 441/713 311/493 308/490 
f 468/714 341/523 338/715 
f 469/651 345/716 342/717 
f 438/620 379/718 376/719 
f 437/619 383/720 380/721 
f 436/618 387/722 384/723 
f 409/724 406/588 413/725 
f 278/726 475/727 407/589 
f 310/492 504/728 307/489 
f 340/522 470/729 337/730 
f 344/731 471/653 339/732 
f 378/733 501/683 375/734 
f 382/735 500/682 377/736 
f 386/737 499/681 381/738 
f 408/739 474/656 405/740 
f 279/741 412/594 411/593 280/742 
f 277/743 476/658 475/657 278/744 
f 278/726 407/589 410/592 279/711 
f 280/742 411/593 415/597 282/745 
f 281/746 478/660 476/658 277/743 
f 282/745 415/597 417/599 284/747 
f 283/748 480/662 478/660 281/746 
f 284/747 417/599 418/600 286/749 
f 285/750 481/663 480/662 283/748 
f 286/749 418/600 420/602 288/751 
f 287/752 483/665 481/663 285/750 
f 288/751 420/602 421/603 290/753 
f 289/754 484/666 483/665 287/752 
f 290/753 421/603 423/605 292/755 
f 291/756 486/668 484/666 289/754 
f 292/755 423/605 424/606 294/757 
f 293/758 487/669 486/668 291/756 
f 294/757 424/606 426/608 296/759 
f 295/760 489/671 487/669 293/758 
f 296/759 426/608 427/609 298/761 
f 297/762 490/672 489/671 295/760 
f 298/761 427/609 429/611 300/763 
f 299/764 492/674 490/672 297/762 
f 300/763 429/611 430/612 302/765 
f 301/766 493/675 492/674 299/764 
f 302/765 430/612 432/614 304/767 
f 303/768 495/677 493/675 301/766 
f 304/767 432/614 434/616 306/769 
f 305/770 497/679 495/677 303/768 
f 306/769 434/616 441/623 308/771 
f 308/490 311/493 310/492 307/489 
f 307/772 504/686 497/679 305/770 
f 311/773 441/623 442/624 312/774 
f 309/775 505/687 504/686 310/776 
f 312/774 442/624 444/626 314/777 
f 313/778 507/689 505/687 309/775 
f 314/777 444/626 446/628 316/779 
f 315/780 509/691 507/689 313/778 
f 316/779 446/628 448/630 318/781 
f 317/782 511/693 509/691 315/780 
f 318/781 448/630 450/632 320/783 
f 319/784 513/695 511/693 317/782 
f 320/783 450/632 452/634 322/785 
f 321/786 515/697 513/695 319/784 
f 322/785 452/634 454/636 324/787 
f 323/788 517/699 515/697 321/786 
f 324/787 454/636 456/638 326/789 
f 325/790 519/701 517/699 323/788 
f 326/789 456/638 458/640 328/791 
f 327/792 521/703 519/701 325/790 
f 328/791 458/640 460/642 330/793 
f 329/794 523/705 521/703 327/792 
f 330/793 460/642 462/644 332/795 
f 331/796 525/707 523/705 329/794 
f 332/795 462/644 464/646 334/797 
f 333/798 527/709 525/707 331/796 
f 334/797 464/646 466/648 336/799 
f 335/800 473/655 527/709 333/798 
f 336/799 466/648 468/650 338/801 
f 338/715 341/523 340/522 337/730 
f 337/802 470/652 473/655 335/800 
f 341/803 468/650 469/651 342/717 
f 342/804 345/527 344/526 339/805 
f 339/521 471/806 470/729 340/522 
f 345/716 469/651 467/649 346/807 
f 343/808 472/654 471/653 344/731 
f 346/807 467/649 465/647 348/809 
f 347/810 528/710 472/654 343/808 
f 348/809 465/647 463/645 350/811 
f 349/812 526/708 528/710 347/810 
f 350/811 463/645 461/643 352/813 
f 351/814 524/706 526/708 349/812 
f 352/813 461/643 459/641 354/815 
f 353/816 522/704 524/706 351/814 
f 354/815 459/641 457/639 356/817 
f 355/818 520/702 522/704 353/816 
f 356/817 457/639 455/637 358/819 
f 357/820 518/700 520/702 355/818 
f 358/819 455/637 453/635 360/821 
f 359/822 516/698 518/700 357/820 
f 360/821 453/635 451/633 362/823 
f 361/824 514/696 516/698 359/822 
f 362/823 451/633 449/631 364/825 
f 363/826 512/694 514/696 361/824 
f 364/825 449/631 447/629 366/827 
f 365/828 510/692 512/694 363/826 
f 366/827 447/629 445/627 368/829 
f 367/830 508/690 510/692 365/828 
f 368/829 445/627 443/625 370/831 
f 369/832 506/688 508/690 367/830 
f 370/831 443/625 440/622 372/833 
f 371/834 503/685 506/688 369/832 
f 372/833 440/622 439/621 374/835 
f 373/836 502/684 503/685 371/834 
f 374/835 439/621 438/620 376/719 
s 4
f 376/558 379/561 378/560 375/557 
s off
f 375/734 501/683 502/684 373/836 
f 379/718 438/620 437/619 380/721 
s 4
f 380/562 383/565 382/564 377/559 
s off
f 377/736 500/682 501/683 378/733 
f 383/720 437/619 436/618 384/723 
s 4
f 384/566 387/569 386/568 381/563 
s off
f 381/738 499/681 500/682 382/735 
f 387/722 436/618 435/617 388/837 
f 385/838 498/680 499/681 386/737 
f 388/837 435/617 433/615 390/839 
f 389/840 496/678 498/680 385/838 
f 390/839 433/615 431/613 392/841 
f 391/842 494/676 496/678 389/840 
f 392/841 431/613 428/610 394/843 
f 393/844 491/673 494/676 391/842 
f 394/843 428/610 425/607 396/845 
f 395/846 488/670 491/673 393/844 
f 396/845 425/607 422/604 398/847 
f 397/848 485/667 488/670 395/846 
f 398/847 422/604 419/601 400/849 
f 399/850 482/664 485/667 397/848 
f 400/849 419/601 416/598 402/851 
f 401/852 479/661 482/664 399/850 
f 402/851 416/598 414/596 404/853 
f 403/854 477/659 479/661 401/852 
f 404/586 414/855 413/725 406/588 
f 406/588 409/724 408/856 405/587 
f 405/587 474/857 477/858 403/585 
f 409/591 413/859 412/712 410/592 
f 407/860 475/657 474/656 408/739 
# 241 polygons - 18 triangles

#
# object Line08
#

v  225.9897 406.0956 278.5403
v  225.9897 419.0002 278.2713
v  202.9897 419.0002 278.2713
v  202.9897 406.0956 278.5403
v  225.9897 386.8748 278.9099
v  202.9897 386.8748 278.9099
v  225.9897 362.4887 279.1387
v  202.9897 362.4887 279.1387
v  225.9897 333.0885 279.0059
v  202.9897 333.0885 279.0059
v  225.9897 298.8253 278.2909
v  202.9897 298.8253 278.2909
v  225.9897 259.8501 276.7730
v  202.9897 259.8501 276.7730
v  225.9897 216.3141 274.2316
v  202.9897 216.3141 274.2316
v  225.9897 173.5816 270.9009
v  202.9897 173.5816 270.9009
v  225.9897 136.3094 267.2027
v  202.9897 136.3094 267.2027
v  225.9897 103.5872 263.1982
v  202.9897 103.5872 263.1982
v  225.9897 74.5053 258.9489
v  202.9897 74.5053 258.9489
v  225.9897 48.1534 254.5158
v  202.9897 48.1534 254.5158
v  225.9897 23.6217 249.9603
v  202.9897 23.6217 249.9603
v  225.9897 0.9814 245.5353
v  202.9897 0.9814 245.5353
v  225.9897 0.0000 216.3434
v  225.9897 0.0000 244.3435
v  202.9897 0.0000 244.3435
v  202.9897 0.0000 216.3434
v  225.9897 209.1891 224.7855
v  225.9897 0.9990 215.3885
v  202.9897 0.9990 215.3885
v  202.9897 209.1891 224.7855
v  225.9897 235.7062 225.8436
v  202.9897 235.7062 225.8436
v  225.9897 268.9406 226.4974
v  202.9897 268.9406 226.4974
v  225.9897 305.5818 226.7266
v  202.9897 305.5818 226.7266
v  225.9897 342.3189 226.5109
v  202.9897 342.3189 226.5109
v  225.9897 375.8414 225.8300
v  202.9897 375.8414 225.8300
v  225.9897 402.8387 224.6636
v  202.9897 402.8387 224.6636
v  225.9897 419.0047 223.0884
v  202.9897 419.0047 223.0884
v  225.9897 420.0000 277.2504
v  225.9897 420.0000 223.9914
v  202.9897 420.0000 223.9914
v  202.9897 420.0000 277.2504
v  201.9897 419.0000 277.2711
v  201.9897 419.0000 224.0936
v  201.9897 402.9088 225.6615
v  201.9897 406.0755 277.5405
v  201.9897 386.8604 277.9100
v  201.9897 375.8732 226.8296
v  201.9897 362.4863 278.1387
v  201.9897 342.3320 227.5108
v  201.9897 333.1012 278.0059
v  201.9897 305.5815 227.7266
v  201.9897 298.8552 277.2913
v  201.9897 268.9277 227.4973
v  201.9897 259.8987 275.7741
v  201.9897 235.6764 226.8432
v  201.9897 216.3821 273.2339
v  201.9897 209.1466 225.7846
v  201.9897 173.6699 269.9047
v  201.9897 136.4195 266.2087
v  201.9897 103.7203 262.2071
v  201.9897 74.6606 257.9610
v  201.9897 48.3277 253.5311
v  201.9897 23.8089 248.9779
v  201.9897 1.0000 244.5200
v  201.9897 1.0000 216.3896
v  226.9897 1.0000 244.5200
v  226.9897 1.0000 216.3896
v  226.9897 209.1466 225.7846
v  226.9897 23.8089 248.9779
v  226.9897 402.9088 225.6615
v  226.9897 419.0000 224.0936
v  226.9897 419.0000 277.2711
v  226.9897 406.0755 277.5405
v  226.9897 386.8604 277.9100
v  226.9897 375.8732 226.8296
v  226.9897 362.4863 278.1387
v  226.9897 342.3320 227.5108
v  226.9897 333.1012 278.0059
v  226.9897 305.5815 227.7266
v  226.9897 298.8552 277.2913
v  226.9897 268.9277 227.4973
v  226.9897 259.8987 275.7741
v  226.9897 235.6764 226.8432
v  226.9897 216.3821 273.2339
v  226.9897 173.6699 269.9047
v  226.9897 136.4195 266.2087
v  226.9897 103.7203 262.2071
v  226.9897 74.6606 257.9610
v  226.9897 48.3277 253.5311
# 104 vertices

vt 1.2533 0.2450 -0.4285
vt 1.2533 0.2880 -0.4276
vt 1.1766 0.2880 -0.4276
vt 1.1766 0.2450 -0.4285
vt 1.2533 0.1809 -0.4297
vt 1.1766 0.1809 -0.4297
vt 1.2533 0.0996 -0.4305
vt 1.1766 0.0996 -0.4305
vt 1.2533 0.0016 -0.4300
vt 1.1766 0.0016 -0.4300
vt 1.2533 -0.1126 -0.4276
vt 1.1766 -0.1126 -0.4276
vt 1.2533 -0.2425 -0.4226
vt 1.1766 -0.2425 -0.4226
vt 1.2533 -0.3876 -0.4141
vt 1.1766 -0.3876 -0.4141
vt 1.2533 -0.5301 -0.4030
vt 1.1766 -0.5301 -0.4030
vt 1.2533 -0.6543 -0.3907
vt 1.1766 -0.6543 -0.3907
vt 1.2533 -0.7634 -0.3773
vt 1.1766 -0.7634 -0.3773
vt 1.2533 -0.8603 -0.3632
vt 1.1766 -0.8603 -0.3632
vt 1.2533 -0.9482 -0.3484
vt 1.1766 -0.9482 -0.3484
vt 1.2533 -1.0299 -0.3332
vt 1.1766 -1.0299 -0.3332
vt 1.2533 -1.1054 -0.3185
vt 1.1766 -1.1054 -0.3185
vt -0.2533 -0.2211 -1.1087
vt -0.2533 -0.3145 -1.1087
vt -0.1766 -0.3145 -1.1087
vt -0.1766 -0.2211 -1.1087
vt -0.2533 -0.4114 -0.2493
vt -0.2533 -1.1053 -0.2180
vt -0.1766 -1.1053 -0.2180
vt -0.1766 -0.4114 -0.2493
vt -0.2533 -0.3230 -0.2528
vt -0.1766 -0.3230 -0.2528
vt -0.2533 -0.2122 -0.2550
vt -0.1766 -0.2122 -0.2550
vt -0.2533 -0.0901 -0.2558
vt -0.1766 -0.0901 -0.2558
vt -0.2533 0.0324 -0.2550
vt -0.1766 0.0324 -0.2550
vt -0.2533 0.1441 -0.2528
vt -0.1766 0.1441 -0.2528
vt -0.2533 0.2341 -0.2489
vt -0.1766 0.2341 -0.2489
vt -0.2533 0.2880 -0.2436
vt -0.1766 0.2880 -0.2436
vt 1.2533 -0.4242 0.2913
vt 1.2533 -0.2466 0.2913
vt 1.1766 -0.2466 0.2913
vt 1.1766 -0.4242 0.2913
vt 1.4242 0.2880 1.1733
vt 1.2470 0.2880 1.1733
vt 1.2522 0.2344 1.1733
vt 1.4251 0.2449 1.1733
vt 1.4264 0.1809 1.1733
vt 1.2561 0.1442 1.1733
vt 1.4271 0.0996 1.1733
vt 1.2584 0.0324 1.1733
vt 1.4267 0.0017 1.1733
vt 1.2591 -0.0901 1.1733
vt 1.4243 -0.1125 1.1733
vt 1.2583 -0.2122 1.1733
vt 1.4192 -0.2423 1.1733
vt 1.2561 -0.3231 1.1733
vt 1.4108 -0.3874 1.1733
vt 1.2526 -0.4115 1.1733
vt 1.3997 -0.5298 1.1733
vt 1.3874 -0.6539 1.1733
vt 1.3740 -0.7629 1.1733
vt 1.3599 -0.8598 1.1733
vt 1.3451 -0.9476 1.1733
vt 1.3299 -1.0293 1.1733
vt 1.3151 -1.1053 1.1733
vt 1.2213 -1.1053 1.1733
vt -0.3151 -1.1053 1.2566
vt -0.2213 -1.1053 1.2566
vt -0.2526 -0.4115 1.2566
vt -0.3299 -1.0293 1.2566
vt -0.2522 0.2344 1.2566
vt -0.2470 0.2880 1.2566
vt -0.4242 0.2880 1.2566
vt -0.4251 0.2449 1.2566
vt -0.4264 0.1809 1.2566
vt -0.2561 0.1442 1.2566
vt -0.4271 0.0996 1.2566
vt -0.2584 0.0324 1.2566
vt -0.4267 0.0017 1.2566
vt -0.2591 -0.0901 1.2566
vt -0.4243 -0.1125 1.2566
vt -0.2583 -0.2122 1.2566
vt -0.4192 -0.2423 1.2566
vt -0.2561 -0.3231 1.2566
vt -0.4108 -0.3874 1.2566
vt -0.3997 -0.5298 1.2566
vt -0.3874 -0.6539 1.2566
vt -0.3740 -0.7629 1.2566
vt -0.3599 -0.8598 1.2566
vt -0.3451 -0.9476 1.2566
vt 1.1766 -0.4276 0.2880
vt 1.1733 -0.4242 0.2880
vt -0.1733 -0.3151 -1.1053
vt -0.1766 -0.3185 -1.1054
vt 1.2180 -1.1053 1.1766
vt 1.2211 -1.1087 1.1766
vt 1.2466 0.2913 1.1766
vt 1.2436 0.2880 1.1766
vt 1.2533 -0.4276 0.2880
vt 1.2566 -0.4242 0.2880
vt -0.2566 -0.3151 -1.1053
vt -0.2533 -0.3185 -1.1054
vt -0.2180 -1.1053 1.2533
vt -0.2211 -1.1087 1.2533
vt -0.2466 0.2913 1.2533
vt -0.2436 0.2880 1.2533
vt 1.4276 0.2880 1.1766
vt 1.4285 0.2450 1.1766
vt -0.4285 0.2450 1.2533
vt -0.4276 0.2880 1.2533
vt 1.4297 0.1809 1.1766
vt -0.4297 0.1809 1.2533
vt 1.4305 0.0996 1.1766
vt -0.4305 0.0996 1.2533
vt 1.4300 0.0016 1.1766
vt -0.4300 0.0016 1.2533
vt 1.4276 -0.1126 1.1766
vt -0.4276 -0.1126 1.2533
vt 1.4226 -0.2425 1.1766
vt -0.4226 -0.2425 1.2533
vt 1.4141 -0.3876 1.1766
vt -0.4141 -0.3876 1.2533
vt 1.4030 -0.5301 1.1766
vt -0.4030 -0.5301 1.2533
vt 1.3907 -0.6543 1.1766
vt -0.3907 -0.6543 1.2533
vt 1.3773 -0.7634 1.1766
vt -0.3773 -0.7634 1.2533
vt 1.3632 -0.8603 1.1766
vt -0.3632 -0.8603 1.2533
vt 1.3484 -0.9482 1.1766
vt -0.3484 -0.9482 1.2533
vt 1.3332 -1.0299 1.1766
vt -0.3332 -1.0299 1.2533
vt 1.3185 -1.1054 1.1766
vt -0.3185 -1.1054 1.2533
vt 1.3145 -1.1087 1.1766
vt -0.1766 -1.1087 -0.2211
vt -0.2533 -1.1087 -0.2211
vt -0.2566 -0.2213 -1.1053
vt 1.2493 -0.4114 1.1766
vt -0.2493 -0.4114 1.2533
vt 1.2528 -0.3230 1.1766
vt -0.2528 -0.3230 1.2533
vt 1.2550 -0.2122 1.1766
vt -0.2550 -0.2122 1.2533
vt 1.2558 -0.0901 1.1766
vt -0.2558 -0.0901 1.2533
vt 1.2550 0.0324 1.1766
vt -0.2550 0.0324 1.2533
vt 1.2528 0.1441 1.1766
vt -0.2528 0.1441 1.2533
vt 1.2489 0.2341 1.1766
vt -0.2489 0.2341 1.2533
vt -0.1766 0.2913 -0.2466
vt -0.2533 0.2913 -0.2466
vt 1.1733 -0.2470 0.2880
vt -0.4242 0.2913 1.2533
# 172 texture coords

g Line08
usemtl Standard_3
s 1
f 529/861 530/862 531/863 532/864 
s 3
f 533/865 529/861 532/864 534/866 
s 2
f 535/867 533/865 534/866 536/868 
f 537/869 535/867 536/868 538/870 
f 539/871 537/869 538/870 540/872 
f 541/873 539/871 540/872 542/874 
f 543/875 541/873 542/874 544/876 
f 545/877 543/875 544/876 546/878 
f 547/879 545/877 546/878 548/880 
f 549/881 547/879 548/880 550/882 
f 551/883 549/881 550/882 552/884 
f 553/885 551/883 552/884 554/886 
f 555/887 553/885 554/886 556/888 
f 557/889 555/887 556/888 558/890 
s 4
f 559/891 560/892 561/893 562/894 
s 2
f 563/895 564/896 565/897 566/898 
f 567/899 563/895 566/898 568/900 
f 569/901 567/899 568/900 570/902 
f 571/903 569/901 570/902 572/904 
f 573/905 571/903 572/904 574/906 
f 575/907 573/905 574/906 576/908 
f 577/909 575/907 576/908 578/910 
f 579/911 577/909 578/910 580/912 
s 4
f 581/913 582/914 583/915 584/916 
s 16
f 585/917 586/918 587/919 588/920 
f 589/921 588/920 587/919 590/922 
f 591/923 589/921 590/922 592/924 
f 593/925 591/923 592/924 594/926 
f 595/927 593/925 594/926 596/928 
f 597/929 595/927 596/928 598/930 
f 599/931 597/929 598/930 600/932 
f 601/933 599/931 600/932 602/934 
f 603/935 602/934 600/932 604/936 
f 605/937 604/936 600/932 606/938 
f 607/939 606/938 600/932 608/940 
f 609/941 610/942 611/943 612/944 
f 613/945 614/946 615/947 616/948 
f 613/945 616/948 617/949 618/950 
f 618/950 617/949 619/951 620/952 
f 620/952 619/951 621/953 622/954 
f 622/954 621/953 623/955 624/956 
f 624/956 623/955 625/957 626/958 
f 626/958 625/957 627/959 611/943 
f 611/943 627/959 628/960 629/961 
f 611/943 629/961 630/962 631/963 
f 611/943 631/963 632/964 612/944 
s off
f 531/965 584/916 585/966 
f 607/967 561/893 558/968 
f 608/940 565/969 562/970 
f 583/971 580/972 586/918 
f 530/973 615/974 581/913 
f 560/892 609/975 557/976 
f 564/977 610/942 559/978 
f 582/979 614/946 579/980 
f 531/981 585/917 588/920 532/982 
f 529/983 616/948 615/947 530/984 
f 530/973 581/913 584/916 531/965 
f 532/982 588/920 589/921 534/985 
f 533/986 617/949 616/948 529/983 
f 534/985 589/921 591/923 536/987 
f 535/988 619/951 617/949 533/986 
f 536/987 591/923 593/925 538/989 
f 537/990 621/953 619/951 535/988 
f 538/989 593/925 595/927 540/991 
f 539/992 623/955 621/953 537/990 
f 540/991 595/927 597/929 542/993 
f 541/994 625/957 623/955 539/992 
f 542/993 597/929 599/931 544/995 
f 543/996 627/959 625/957 541/994 
f 544/995 599/931 601/933 546/997 
f 545/998 628/960 627/959 543/996 
f 546/997 601/933 602/934 548/999 
f 547/1000 629/961 628/960 545/998 
f 548/999 602/934 603/935 550/1001 
f 549/1002 630/962 629/961 547/1000 
f 550/1001 603/935 604/936 552/1003 
f 551/1004 631/963 630/962 549/1002 
f 552/1003 604/936 605/937 554/1005 
f 553/1006 632/964 631/963 551/1004 
f 554/1005 605/937 606/938 556/1007 
f 555/1008 612/944 632/964 553/1006 
f 556/1007 606/938 607/939 558/1009 
f 558/968 561/893 560/892 557/976 
f 557/1010 609/941 612/944 555/1008 
f 561/1011 607/939 608/940 562/970 
f 562/1012 565/897 564/896 559/1013 
f 559/891 610/1014 609/975 560/892 
f 565/969 608/940 600/932 566/1015 
f 563/1016 611/943 610/942 564/977 
f 566/1015 600/932 598/930 568/1017 
f 567/1018 626/958 611/943 563/1016 
f 568/1017 598/930 596/928 570/1019 
f 569/1020 624/956 626/958 567/1018 
f 570/1019 596/928 594/926 572/1021 
f 571/1022 622/954 624/956 569/1020 
f 572/1021 594/926 592/924 574/1023 
f 573/1024 620/952 622/954 571/1022 
f 574/1023 592/924 590/922 576/1025 
f 575/1026 618/950 620/952 573/1024 
f 576/1025 590/922 587/919 578/1027 
f 577/1028 613/945 618/950 575/1026 
f 578/1027 587/919 586/918 580/972 
f 580/912 583/1029 582/1030 579/911 
f 579/980 614/946 613/945 577/1028 
f 583/915 586/1031 585/966 584/916 
f 581/1032 615/947 614/946 582/979 
# 98 polygons - 8 triangles

#
# object Line09
#

v  -201.0602 406.0956 278.5403
v  -201.0602 419.0002 278.2713
v  -224.0602 419.0002 278.2713
v  -224.0602 406.0956 278.5403
v  -201.0602 386.8748 278.9099
v  -224.0602 386.8748 278.9099
v  -201.0602 362.4887 279.1387
v  -224.0602 362.4887 279.1387
v  -201.0602 333.0885 279.0059
v  -224.0602 333.0885 279.0059
v  -201.0602 298.8253 278.2909
v  -224.0602 298.8253 278.2909
v  -201.0602 259.8501 276.7730
v  -224.0602 259.8501 276.7730
v  -201.0602 216.3141 274.2316
v  -224.0602 216.3141 274.2316
v  -201.0602 173.5816 270.9009
v  -224.0602 173.5816 270.9009
v  -201.0602 136.3094 267.2027
v  -224.0602 136.3094 267.2027
v  -201.0602 103.5872 263.1982
v  -224.0602 103.5872 263.1982
v  -201.0602 74.5053 258.9489
v  -224.0602 74.5053 258.9489
v  -201.0602 48.1534 254.5158
v  -224.0602 48.1534 254.5158
v  -201.0602 23.6217 249.9603
v  -224.0602 23.6217 249.9603
v  -201.0602 0.9814 245.5353
v  -224.0602 0.9814 245.5353
v  -201.0602 0.0000 216.3434
v  -201.0602 0.0000 244.3435
v  -224.0602 0.0000 244.3435
v  -224.0602 0.0000 216.3434
v  -201.0602 209.1891 224.7855
v  -201.0602 0.9990 215.3885
v  -224.0602 0.9990 215.3885
v  -224.0602 209.1891 224.7855
v  -201.0602 235.7062 225.8436
v  -224.0602 235.7062 225.8436
v  -201.0602 268.9406 226.4974
v  -224.0602 268.9406 226.4974
v  -201.0602 305.5818 226.7266
v  -224.0602 305.5818 226.7266
v  -201.0602 342.3189 226.5109
v  -224.0602 342.3189 226.5109
v  -201.0602 375.8414 225.8300
v  -224.0602 375.8414 225.8300
v  -201.0602 402.8387 224.6636
v  -224.0602 402.8387 224.6636
v  -201.0602 419.0047 223.0884
v  -224.0602 419.0047 223.0884
v  -201.0602 420.0000 277.2504
v  -201.0602 420.0000 223.9914
v  -224.0602 420.0000 223.9914
v  -224.0602 420.0000 277.2504
v  -225.0602 419.0000 277.2711
v  -225.0602 419.0000 224.0936
v  -225.0602 402.9088 225.6615
v  -225.0602 406.0755 277.5405
v  -225.0602 386.8604 277.9100
v  -225.0602 375.8732 226.8296
v  -225.0602 362.4863 278.1387
v  -225.0602 342.3320 227.5108
v  -225.0602 333.1012 278.0059
v  -225.0602 305.5815 227.7266
v  -225.0602 298.8552 277.2913
v  -225.0602 268.9277 227.4973
v  -225.0602 259.8987 275.7741
v  -225.0602 235.6764 226.8432
v  -225.0602 216.3821 273.2339
v  -225.0602 209.1466 225.7846
v  -225.0602 173.6699 269.9047
v  -225.0602 136.4195 266.2087
v  -225.0602 103.7203 262.2071
v  -225.0602 74.6606 257.9610
v  -225.0602 48.3277 253.5311
v  -225.0602 23.8089 248.9779
v  -225.0602 1.0000 244.5200
v  -225.0602 1.0000 216.3896
v  -200.0602 1.0000 244.5200
v  -200.0602 1.0000 216.3896
v  -200.0602 209.1466 225.7846
v  -200.0602 23.8089 248.9779
v  -200.0602 402.9088 225.6615
v  -200.0602 419.0000 224.0936
v  -200.0602 419.0000 277.2711
v  -200.0602 406.0755 277.5405
v  -200.0602 386.8604 277.9100
v  -200.0602 375.8732 226.8296
v  -200.0602 362.4863 278.1387
v  -200.0602 342.3320 227.5108
v  -200.0602 333.1012 278.0059
v  -200.0602 305.5815 227.7266
v  -200.0602 298.8552 277.2913
v  -200.0602 268.9277 227.4973
v  -200.0602 259.8987 275.7741
v  -200.0602 235.6764 226.8432
v  -200.0602 216.3821 273.2339
v  -200.0602 173.6699 269.9047
v  -200.0602 136.4195 266.2087
v  -200.0602 103.7203 262.2071
v  -200.0602 74.6606 257.9610
v  -200.0602 48.3277 253.5311
# 104 vertices

vt -0.1702 0.2450 -0.4285
vt -0.1702 0.2880 -0.4276
vt -0.2469 0.2880 -0.4276
vt -0.2469 0.2450 -0.4285
vt -0.1702 0.1809 -0.4297
vt -0.2469 0.1809 -0.4297
vt -0.1702 0.0996 -0.4305
vt -0.2469 0.0996 -0.4305
vt -0.1702 0.0016 -0.4300
vt -0.2469 0.0016 -0.4300
vt -0.1702 -0.1126 -0.4276
vt -0.2469 -0.1126 -0.4276
vt -0.1702 -0.2425 -0.4226
vt -0.2469 -0.2425 -0.4226
vt -0.1702 -0.3876 -0.4141
vt -0.2469 -0.3876 -0.4141
vt -0.1702 -0.5301 -0.4030
vt -0.2469 -0.5301 -0.4030
vt -0.1702 -0.6543 -0.3907
vt -0.2469 -0.6543 -0.3907
vt -0.1702 -0.7634 -0.3773
vt -0.2469 -0.7634 -0.3773
vt -0.1702 -0.8603 -0.3632
vt -0.2469 -0.8603 -0.3632
vt -0.1702 -0.9482 -0.3484
vt -0.2469 -0.9482 -0.3484
vt -0.1702 -1.0299 -0.3332
vt -0.2469 -1.0299 -0.3332
vt -0.1702 -1.1054 -0.3185
vt -0.2469 -1.1054 -0.3185
vt 1.1702 -0.2211 -1.1087
vt 1.1702 -0.3145 -1.1087
vt 1.2469 -0.3145 -1.1087
vt 1.2469 -0.2211 -1.1087
vt 1.1702 -0.4114 -0.2493
vt 1.1702 -1.1053 -0.2180
vt 1.2469 -1.1053 -0.2180
vt 1.2469 -0.4114 -0.2493
vt 1.1702 -0.3230 -0.2528
vt 1.2469 -0.3230 -0.2528
vt 1.1702 -0.2122 -0.2550
vt 1.2469 -0.2122 -0.2550
vt 1.1702 -0.0901 -0.2558
vt 1.2469 -0.0901 -0.2558
vt 1.1702 0.0324 -0.2550
vt 1.2469 0.0324 -0.2550
vt 1.1702 0.1441 -0.2528
vt 1.2469 0.1441 -0.2528
vt 1.1702 0.2341 -0.2489
vt 1.2469 0.2341 -0.2489
vt 1.1702 0.2880 -0.2436
vt 1.2469 0.2880 -0.2436
vt -0.1702 -0.4242 0.2913
vt -0.1702 -0.2466 0.2913
vt -0.2469 -0.2466 0.2913
vt -0.2469 -0.4242 0.2913
vt 1.4242 0.2880 -0.2502
vt 1.2470 0.2880 -0.2502
vt 1.2522 0.2344 -0.2502
vt 1.4251 0.2449 -0.2502
vt 1.4264 0.1809 -0.2502
vt 1.2561 0.1442 -0.2502
vt 1.4271 0.0996 -0.2502
vt 1.2584 0.0324 -0.2502
vt 1.4267 0.0017 -0.2502
vt 1.2591 -0.0901 -0.2502
vt 1.4243 -0.1125 -0.2502
vt 1.2583 -0.2122 -0.2502
vt 1.4192 -0.2423 -0.2502
vt 1.2561 -0.3231 -0.2502
vt 1.4108 -0.3874 -0.2502
vt 1.2526 -0.4115 -0.2502
vt 1.3997 -0.5298 -0.2502
vt 1.3874 -0.6539 -0.2502
vt 1.3740 -0.7629 -0.2502
vt 1.3599 -0.8598 -0.2502
vt 1.3451 -0.9476 -0.2502
vt 1.3299 -1.0293 -0.2502
vt 1.3151 -1.1053 -0.2502
vt 1.2213 -1.1053 -0.2502
vt -0.3151 -1.1053 -0.1669
vt -0.2213 -1.1053 -0.1669
vt -0.2526 -0.4115 -0.1669
vt -0.3299 -1.0293 -0.1669
vt -0.2522 0.2344 -0.1669
vt -0.2470 0.2880 -0.1669
vt -0.4242 0.2880 -0.1669
vt -0.4251 0.2449 -0.1669
vt -0.4264 0.1809 -0.1669
vt -0.2561 0.1442 -0.1669
vt -0.4271 0.0996 -0.1669
vt -0.2584 0.0324 -0.1669
vt -0.4267 0.0017 -0.1669
vt -0.2591 -0.0901 -0.1669
vt -0.4243 -0.1125 -0.1669
vt -0.2583 -0.2122 -0.1669
vt -0.4192 -0.2423 -0.1669
vt -0.2561 -0.3231 -0.1669
vt -0.4108 -0.3874 -0.1669
vt -0.3997 -0.5298 -0.1669
vt -0.3874 -0.6539 -0.1669
vt -0.3740 -0.7629 -0.1669
vt -0.3599 -0.8598 -0.1669
vt -0.3451 -0.9476 -0.1669
vt -0.2469 -0.4276 0.2880
vt -0.2502 -0.4242 0.2880
vt 1.2502 -0.3151 -1.1053
vt 1.2469 -0.3185 -1.1054
vt 1.2180 -1.1053 -0.2469
vt 1.2211 -1.1087 -0.2469
vt 1.2466 0.2913 -0.2469
vt 1.2436 0.2880 -0.2469
vt -0.1702 -0.4276 0.2880
vt -0.1669 -0.4242 0.2880
vt 1.1669 -0.3151 -1.1053
vt 1.1702 -0.3185 -1.1054
vt -0.2180 -1.1053 -0.1702
vt -0.2211 -1.1087 -0.1702
vt -0.2466 0.2913 -0.1702
vt -0.2436 0.2880 -0.1702
vt 1.4276 0.2880 -0.2469
vt 1.4285 0.2450 -0.2469
vt -0.4285 0.2450 -0.1702
vt -0.4276 0.2880 -0.1702
vt 1.4297 0.1809 -0.2469
vt -0.4297 0.1809 -0.1702
vt 1.4305 0.0996 -0.2469
vt -0.4305 0.0996 -0.1702
vt 1.4300 0.0016 -0.2469
vt -0.4300 0.0016 -0.1702
vt 1.4276 -0.1126 -0.2469
vt -0.4276 -0.1126 -0.1702
vt 1.4226 -0.2425 -0.2469
vt -0.4226 -0.2425 -0.1702
vt 1.4141 -0.3876 -0.2469
vt -0.4141 -0.3876 -0.1702
vt 1.4030 -0.5301 -0.2469
vt -0.4030 -0.5301 -0.1702
vt 1.3907 -0.6543 -0.2469
vt -0.3907 -0.6543 -0.1702
vt 1.3773 -0.7634 -0.2469
vt -0.3773 -0.7634 -0.1702
vt 1.3632 -0.8603 -0.2469
vt -0.3632 -0.8603 -0.1702
vt 1.3484 -0.9482 -0.2469
vt -0.3484 -0.9482 -0.1702
vt 1.3332 -1.0299 -0.2469
vt -0.3332 -1.0299 -0.1702
vt 1.3185 -1.1054 -0.2469
vt -0.3185 -1.1054 -0.1702
vt 1.3145 -1.1087 -0.2469
vt 1.2469 -1.1087 -0.2211
vt 1.1702 -1.1087 -0.2211
vt 1.1669 -0.2213 -1.1053
vt 1.2493 -0.4114 -0.2469
vt -0.2493 -0.4114 -0.1702
vt 1.2528 -0.3230 -0.2469
vt -0.2528 -0.3230 -0.1702
vt 1.2550 -0.2122 -0.2469
vt -0.2550 -0.2122 -0.1702
vt 1.2558 -0.0901 -0.2469
vt -0.2558 -0.0901 -0.1702
vt 1.2550 0.0324 -0.2469
vt -0.2550 0.0324 -0.1702
vt 1.2528 0.1441 -0.2469
vt -0.2528 0.1441 -0.1702
vt 1.2489 0.2341 -0.2469
vt -0.2489 0.2341 -0.1702
vt 1.2469 0.2913 -0.2466
vt 1.1702 0.2913 -0.2466
vt -0.2502 -0.2470 0.2880
vt -0.4242 0.2913 -0.1702
# 172 texture coords

g Line09
usemtl Standard_3
s 1
f 633/1033 634/1034 635/1035 636/1036 
s 3
f 637/1037 633/1033 636/1036 638/1038 
s 2
f 639/1039 637/1037 638/1038 640/1040 
f 641/1041 639/1039 640/1040 642/1042 
f 643/1043 641/1041 642/1042 644/1044 
f 645/1045 643/1043 644/1044 646/1046 
f 647/1047 645/1045 646/1046 648/1048 
f 649/1049 647/1047 648/1048 650/1050 
f 651/1051 649/1049 650/1050 652/1052 
f 653/1053 651/1051 652/1052 654/1054 
f 655/1055 653/1053 654/1054 656/1056 
f 657/1057 655/1055 656/1056 658/1058 
f 659/1059 657/1057 658/1058 660/1060 
f 661/1061 659/1059 660/1060 662/1062 
s 4
f 663/1063 664/1064 665/1065 666/1066 
s 2
f 667/1067 668/1068 669/1069 670/1070 
f 671/1071 667/1067 670/1070 672/1072 
f 673/1073 671/1071 672/1072 674/1074 
f 675/1075 673/1073 674/1074 676/1076 
f 677/1077 675/1075 676/1076 678/1078 
f 679/1079 677/1077 678/1078 680/1080 
f 681/1081 679/1079 680/1080 682/1082 
f 683/1083 681/1081 682/1082 684/1084 
s 4
f 685/1085 686/1086 687/1087 688/1088 
s 16
f 689/1089 690/1090 691/1091 692/1092 
f 693/1093 692/1092 691/1091 694/1094 
f 695/1095 693/1093 694/1094 696/1096 
f 697/1097 695/1095 696/1096 698/1098 
f 699/1099 697/1097 698/1098 700/1100 
f 701/1101 699/1099 700/1100 702/1102 
f 703/1103 701/1101 702/1102 704/1104 
f 705/1105 703/1103 704/1104 706/1106 
f 707/1107 706/1106 704/1104 708/1108 
f 709/1109 708/1108 704/1104 710/1110 
f 711/1111 710/1110 704/1104 712/1112 
f 713/1113 714/1114 715/1115 716/1116 
f 717/1117 718/1118 719/1119 720/1120 
f 717/1117 720/1120 721/1121 722/1122 
f 722/1122 721/1121 723/1123 724/1124 
f 724/1124 723/1123 725/1125 726/1126 
f 726/1126 725/1125 727/1127 728/1128 
f 728/1128 727/1127 729/1129 730/1130 
f 730/1130 729/1129 731/1131 715/1115 
f 715/1115 731/1131 732/1132 733/1133 
f 715/1115 733/1133 734/1134 735/1135 
f 715/1115 735/1135 736/1136 716/1116 
s off
f 635/1137 688/1088 689/1138 
f 711/1139 665/1065 662/1140 
f 712/1112 669/1141 666/1142 
f 687/1143 684/1144 690/1090 
f 634/1145 719/1146 685/1085 
f 664/1064 713/1147 661/1148 
f 668/1149 714/1114 663/1150 
f 686/1151 718/1118 683/1152 
f 635/1153 689/1089 692/1092 636/1154 
f 633/1155 720/1120 719/1119 634/1156 
f 634/1145 685/1085 688/1088 635/1137 
f 636/1154 692/1092 693/1093 638/1157 
f 637/1158 721/1121 720/1120 633/1155 
f 638/1157 693/1093 695/1095 640/1159 
f 639/1160 723/1123 721/1121 637/1158 
f 640/1159 695/1095 697/1097 642/1161 
f 641/1162 725/1125 723/1123 639/1160 
f 642/1161 697/1097 699/1099 644/1163 
f 643/1164 727/1127 725/1125 641/1162 
f 644/1163 699/1099 701/1101 646/1165 
f 645/1166 729/1129 727/1127 643/1164 
f 646/1165 701/1101 703/1103 648/1167 
f 647/1168 731/1131 729/1129 645/1166 
f 648/1167 703/1103 705/1105 650/1169 
f 649/1170 732/1132 731/1131 647/1168 
f 650/1169 705/1105 706/1106 652/1171 
f 651/1172 733/1133 732/1132 649/1170 
f 652/1171 706/1106 707/1107 654/1173 
f 653/1174 734/1134 733/1133 651/1172 
f 654/1173 707/1107 708/1108 656/1175 
f 655/1176 735/1135 734/1134 653/1174 
f 656/1175 708/1108 709/1109 658/1177 
f 657/1178 736/1136 735/1135 655/1176 
f 658/1177 709/1109 710/1110 660/1179 
f 659/1180 716/1116 736/1136 657/1178 
f 660/1179 710/1110 711/1111 662/1181 
f 662/1140 665/1065 664/1064 661/1148 
f 661/1182 713/1113 716/1116 659/1180 
f 665/1183 711/1111 712/1112 666/1142 
f 666/1184 669/1069 668/1068 663/1185 
f 663/1063 714/1186 713/1147 664/1064 
f 669/1141 712/1112 704/1104 670/1187 
f 667/1188 715/1115 714/1114 668/1149 
f 670/1187 704/1104 702/1102 672/1189 
f 671/1190 730/1130 715/1115 667/1188 
f 672/1189 702/1102 700/1100 674/1191 
f 673/1192 728/1128 730/1130 671/1190 
f 674/1191 700/1100 698/1098 676/1193 
f 675/1194 726/1126 728/1128 673/1192 
f 676/1193 698/1098 696/1096 678/1195 
f 677/1196 724/1124 726/1126 675/1194 
f 678/1195 696/1096 694/1094 680/1197 
f 679/1198 722/1122 724/1124 677/1196 
f 680/1197 694/1094 691/1091 682/1199 
f 681/1200 717/1117 722/1122 679/1198 
f 682/1199 691/1091 690/1090 684/1144 
f 684/1084 687/1201 686/1202 683/1083 
f 683/1152 718/1118 717/1117 681/1200 
f 687/1087 690/1203 689/1138 688/1088 
f 685/1204 719/1119 718/1118 686/1151 
# 98 polygons - 8 triangles

#
# object Rectangle03
#

v  -207.6849 419.0000 -193.9246
v  209.0633 419.0000 -193.9246
v  209.0633 381.0000 -193.9246
v  -207.6849 381.0000 -193.9246
v  -224.4325 419.0000 275.1748
v  -208.7187 419.0000 -192.9252
v  -208.7187 381.0000 -192.9252
v  -224.4325 381.0000 275.1748
v  224.1991 419.0000 276.1742
v  -223.4664 419.0000 276.1742
v  -223.4664 381.0000 276.1742
v  224.1991 381.0000 276.1742
v  210.0958 419.0000 -192.9251
v  225.1667 419.0000 275.1747
v  225.1667 381.0000 275.1747
v  210.0958 381.0000 -192.9251
v  -205.4664 419.0000 258.1743
v  206.1992 419.0000 258.1743
v  206.1992 381.0000 258.1743
v  -205.4664 381.0000 258.1743
v  -190.7216 419.0000 -174.9253
v  -206.4298 419.0000 257.1750
v  -206.4298 381.0000 257.1750
v  -190.7216 381.0000 -174.9253
v  191.0634 419.0000 -175.9247
v  -189.6849 419.0000 -175.9247
v  -189.6849 381.0000 -175.9247
v  191.0634 381.0000 -175.9247
v  207.1640 419.0000 257.1749
v  192.0986 419.0000 -174.9253
v  192.0986 381.0000 -174.9253
v  207.1640 381.0000 257.1749
v  -207.7182 380.0000 -192.9246
v  165.5132 380.0000 -192.9246
v  -146.1348 380.0000 -176.9247
v  -191.6505 380.0000 -176.8823
v  -207.5038 380.0000 259.1743
v  -223.4319 380.0000 275.1742
v  208.2350 380.0000 259.1743
v  224.1661 380.0000 275.1742
v  193.0288 380.0000 -176.9247
v  209.0967 380.0000 -192.8802
v  209.0967 420.0000 -192.8802
v  -146.1348 420.0000 -176.9247
v  193.0288 420.0000 -176.9247
v  208.2350 420.0000 259.1743
v  224.1661 420.0000 275.1742
v  -223.4319 420.0000 275.1742
v  -191.6505 420.0000 -176.8823
v  165.5132 420.0000 -192.9246
v  -207.7182 420.0000 -192.9246
v  -207.5038 420.0000 259.1743
# 52 vertices

vt 1.1923 0.2880 1.1464
vt -0.1969 0.2880 1.1464
vt -0.1969 0.1613 1.1464
vt 1.1923 0.1613 1.1464
vt 1.4172 0.2880 -0.2481
vt -0.1431 0.2880 -0.1957
vt -0.1431 0.1613 -0.1957
vt 1.4172 0.1613 -0.2481
vt 1.2473 0.2880 -0.4206
vt -0.2449 0.2880 -0.4206
vt -0.2449 0.1613 -0.4206
vt 1.2473 0.1613 -0.4206
vt 1.1431 0.2880 1.2003
vt -0.4172 0.2880 1.2506
vt -0.4172 0.1613 1.2506
vt 1.1431 0.1613 1.2003
vt 1.1849 0.2880 -0.3606
vt -0.1873 0.2880 -0.3606
vt -0.1873 0.1613 -0.3606
vt 1.1849 0.1613 -0.3606
vt 1.0831 0.2880 -0.1357
vt -0.3572 0.2880 -0.1881
vt -0.3572 0.1613 -0.1881
vt 1.0831 0.1613 -0.1357
vt 1.1369 0.2880 1.0864
vt -0.1323 0.2880 1.0864
vt -0.1323 0.1613 1.0864
vt 1.1369 0.1613 1.0864
vt 1.3572 0.2880 1.1905
vt -0.0831 0.2880 1.1403
vt -0.0831 0.1613 1.1403
vt 1.3572 0.1613 1.1905
vt 1.1924 1.1431 0.1580
vt -0.0517 1.1431 0.1580
vt 0.9871 1.0897 0.1580
vt 1.1388 1.0896 0.1580
vt 1.1917 -0.3639 0.1580
vt 1.2448 -0.4172 0.1580
vt -0.1941 -0.3639 0.1580
vt -0.2472 -0.4172 0.1580
vt -0.1434 1.0897 0.1580
vt -0.1970 1.1429 0.1580
vt 1.1970 1.1429 0.2913
vt 0.0129 1.0897 0.2913
vt 1.1434 1.0897 0.2913
vt 1.1941 -0.3639 0.2913
vt 1.2472 -0.4172 0.2913
vt -0.2448 -0.4172 0.2913
vt -0.1388 1.0896 0.2913
vt 1.0517 1.1431 0.2913
vt -0.1924 1.1431 0.2913
vt -0.1917 -0.3639 0.2913
vt -0.1969 1.1464 0.1613
vt -0.2003 1.1431 0.1613
vt 1.1924 0.1580 1.1431
vt 1.1957 0.1613 1.1431
vt 1.2449 -0.4206 0.1613
vt 1.2481 -0.4172 0.1613
vt -0.2506 -0.4172 0.1613
vt -0.2473 -0.4206 0.1613
vt 1.1969 1.1464 0.2880
vt 1.2003 1.1431 0.2880
vt 1.1957 0.2880 1.1431
vt 1.1924 0.2913 1.1431
vt -0.2449 -0.4206 0.2880
vt -0.2481 -0.4172 0.2880
vt 1.2506 -0.4172 0.2880
vt 1.2473 -0.4206 0.2880
vt -0.1873 -0.3606 0.1613
vt -0.1905 -0.3572 0.1613
vt 1.1881 -0.3572 0.1613
vt 1.1849 -0.3606 0.1613
vt 1.1323 1.0864 0.1613
vt 1.1357 1.0831 0.1613
vt -0.1403 1.0831 0.1613
vt -0.1369 1.0864 0.1613
vt 1.1873 -0.3606 0.2880
vt 1.1905 -0.3572 0.2880
vt -0.1881 -0.3572 0.2880
vt -0.1849 -0.3606 0.2880
vt -0.1357 1.0831 0.2880
vt -0.1323 1.0864 0.2880
vt 1.1403 1.0831 0.2880
vt 1.1369 1.0864 0.2880
vt -0.0517 0.1580 1.1431
vt -0.0517 0.2913 1.1431
vt -0.2003 0.2880 1.1431
vt -0.2003 0.1613 1.1431
vt 1.1957 1.1431 0.1613
vt 1.4206 0.1613 -0.2449
vt 1.4206 0.2880 -0.2449
vt -0.1957 1.1431 0.2880
vt -0.2448 0.1580 -0.4172
vt 1.2472 0.1580 -0.4172
vt -0.4206 0.1613 1.2473
vt -0.4206 0.2880 1.2473
vt 1.2472 0.2913 -0.4172
vt -0.2448 0.2913 -0.4172
vt -0.1941 0.1580 -0.3639
vt 1.1917 0.1580 -0.3639
vt -0.3606 0.1613 -0.1849
vt -0.3606 0.2880 -0.1849
vt 1.1917 0.2913 -0.3639
vt -0.1941 0.2913 -0.3639
vt 1.3606 0.2880 1.1873
vt 1.3606 0.1613 1.1873
vt -0.1357 0.1613 1.0831
vt -0.1357 0.2880 1.0831
vt 0.0129 0.1580 1.0897
vt 1.1434 0.1580 1.0897
vt 1.1403 0.1613 1.0831
vt 1.1403 0.2880 1.0831
vt 1.1434 0.2913 1.0897
vt 0.0129 0.2913 1.0897
# 114 texture coords

g Rectangle03
usemtl wood
s 1
f 737/1205 738/1206 739/1207 740/1208 
s 4
f 741/1209 742/1210 743/1211 744/1212 
s 2
f 745/1213 746/1214 747/1215 748/1216 
s 4
f 749/1217 750/1218 751/1219 752/1220 
s 1
f 753/1221 754/1222 755/1223 756/1224 
s 4
f 757/1225 758/1226 759/1227 760/1228 
s 2
f 761/1229 762/1230 763/1231 764/1232 
s 4
f 765/1233 766/1234 767/1235 768/1236 
s 16
f 769/1237 770/1238 771/1239 772/1240 
f 769/1237 772/1240 773/1241 774/1242 
f 774/1242 773/1241 775/1243 776/1244 
f 777/1245 771/1239 778/1246 775/1243 
f 776/1244 775/1243 778/1246 
f 779/1247 780/1248 781/1249 782/1250 
f 783/1251 779/1247 782/1250 784/1252 
f 785/1253 779/1247 786/1254 787/1255 
f 788/1256 785/1253 787/1255 784/1252 
f 782/1250 788/1256 784/1252 
s off
f 739/1257 752/1258 778/1246 770/1238 
f 769/1259 743/1260 740/1208 
f 774/1242 747/1261 744/1262 
f 751/1263 748/1264 776/1244 
f 738/1265 786/1254 779/1247 749/1266 
f 742/1267 787/1268 737/1205 
f 746/1269 784/1252 741/1270 
f 750/1271 783/1251 745/1272 
f 755/1273 768/1274 775/1243 
f 773/1241 759/1275 756/1276 
f 771/1239 763/1277 760/1278 772/1240 
f 767/1279 764/1280 777/1245 
f 754/1281 782/1250 765/1282 
f 758/1283 788/1256 753/1284 
f 785/1253 757/1285 762/1286 780/1248 
f 766/1287 781/1249 761/1288 
f 739/1207 770/1289 769/1259 740/1208 
f 740/1208 743/1260 742/1267 737/1205 
f 737/1205 787/1268 786/1290 738/1206 
f 738/1206 749/1291 752/1292 739/1207 
f 743/1293 769/1237 774/1242 744/1262 
f 744/1212 747/1294 746/1295 741/1209 
f 741/1270 784/1252 787/1255 742/1296 
f 747/1215 774/1297 776/1298 748/1216 
f 748/1299 751/1219 750/1218 745/1300 
f 745/1213 783/1301 784/1302 746/1214 
f 751/1263 776/1244 778/1246 752/1258 
f 749/1266 779/1247 783/1251 750/1271 
f 755/1223 775/1303 773/1304 756/1224 
f 756/1305 759/1227 758/1226 753/1306 
f 753/1221 788/1307 782/1308 754/1222 
f 754/1309 765/1233 768/1236 755/1310 
f 759/1275 773/1241 772/1240 760/1278 
f 760/1311 763/1231 762/1230 757/1312 
f 757/1285 785/1253 788/1256 758/1283 
f 763/1231 771/1313 777/1314 764/1232 
f 764/1232 767/1315 766/1316 761/1229 
f 761/1229 781/1317 780/1318 762/1230 
f 767/1279 777/1245 775/1243 768/1274 
f 765/1282 782/1250 781/1249 766/1287 
s 16
f 770/1238 778/1246 771/1239 
f 785/1253 780/1248 779/1247 
# 44 polygons - 16 triangles

#
# object Box14
#

v  -205.9416 420.7312 277.7052
v  -209.8341 420.5824 276.1110
v  -197.4865 420.3087 275.5333
v  -196.5964 420.5824 278.0462
v  -212.5853 420.4722 272.4871
v  -198.8887 420.1704 271.4094
v  -180.7946 420.1704 274.9589
v  -180.7156 420.4722 278.0878
v  -180.9761 420.0192 270.1966
v  -213.2637 420.4354 266.3298
v  -212.8611 420.4354 257.0840
v  -198.7556 420.1243 255.5541
v  -199.1327 420.1243 264.9175
v  -180.4879 419.9688 253.7696
v  -180.8324 419.9688 263.2846
v  -136.8499 419.9169 250.5531
v  -137.1173 419.9169 260.3569
v  -159.7112 419.9169 261.6810
v  -159.4040 419.9169 252.0096
v  -137.3316 419.9688 267.9453
v  -159.9604 419.9688 268.9715
v  -137.4987 420.1243 273.5758
v  -137.6249 420.4354 277.5058
v  -160.3252 420.4354 277.8369
v  -160.1617 420.1243 274.2378
v  -114.7168 420.1243 273.1786
v  -114.8144 420.4354 277.3072
v  -114.5795 419.9688 267.3296
v  -91.8456 420.1243 272.9799
v  -91.9212 420.4354 277.2079
v  -91.7350 419.9688 267.0218
v  -114.1715 419.9169 249.6792
v  -114.3989 419.9169 259.5624
v  -91.3999 419.9169 249.2422
v  -91.5872 419.9169 259.1652
v  -45.7014 419.9169 249.0966
v  -45.8080 419.9169 259.0328
v  -68.7132 419.9169 259.0328
v  -68.5662 419.9169 249.0966
v  -45.8921 419.9688 266.9191
v  -68.8290 419.9688 266.9191
v  -45.9547 420.1243 272.9138
v  -45.9970 420.4354 277.1748
v  -68.9729 420.4354 277.1748
v  -68.9150 420.1243 272.9138
v  -22.9944 420.1243 272.9138
v  -23.0211 420.4354 277.1748
v  -22.9552 419.9688 266.9191
v  -0.0341 420.1243 272.9138
v  -0.0452 420.4354 277.1748
v  -0.0184 419.9688 266.9191
v  -22.8366 419.9169 249.0966
v  -22.9029 419.9169 259.0328
v  0.0282 419.9169 249.0966
v  0.0022 419.9169 259.0328
v  45.7578 419.9169 249.0966
v  45.8125 419.9169 259.0328
v  22.9073 419.9169 259.0328
v  22.8930 419.9169 249.0966
v  45.8553 419.9688 266.9191
v  22.9184 419.9688 266.9191
v  45.8866 420.1243 272.9138
v  45.9065 420.4354 277.1748
v  22.9307 420.4354 277.1748
v  22.9262 420.1243 272.9138
v  68.8469 420.1243 272.9138
v  68.8824 420.4354 277.1748
v  68.7921 419.9688 266.9191
v  91.7775 420.1243 272.9799
v  91.8307 420.4354 277.2079
v  91.6982 419.9688 267.0218
v  68.6226 419.9169 249.0966
v  68.7176 419.9169 259.0328
v  91.4563 419.9169 249.2422
v  91.5916 419.9169 259.1652
v  136.9063 419.9169 250.5531
v  137.1218 419.9169 260.3569
v  114.4034 419.9169 259.5624
v  114.2279 419.9169 249.6792
v  137.2948 419.9688 267.9453
v  114.5427 419.9688 267.3296
v  137.4305 420.1243 273.5758
v  137.5345 420.4354 277.5058
v  114.7240 420.4354 277.3072
v  114.6486 420.1243 273.1786
v  160.0935 420.1243 274.2378
v  160.2348 420.4354 277.8369
v  159.9236 419.9688 268.9715
v  180.7272 420.1704 274.9589
v  180.6266 420.4722 278.0878
v  180.9395 420.0192 270.1966
v  159.4604 419.9169 252.0096
v  159.7157 419.9169 261.6810
v  180.5443 419.9688 253.7696
v  180.8368 419.9688 263.2846
v  212.9169 420.4354 257.0840
v  213.2674 420.4354 266.3298
v  199.1368 420.1243 264.9175
v  198.8118 420.1243 255.5541
v  212.5489 420.4722 272.4871
v  198.8524 420.1704 271.4094
v  209.7702 420.5824 276.1110
v  205.8630 420.7312 277.7052
v  196.5118 420.5824 278.0462
v  197.4214 420.3087 275.5333
v  -210.4012 420.4354 190.1408
v  -209.5963 420.4354 169.1527
v  -195.6960 420.1243 169.0226
v  -196.4507 420.1243 189.8046
v  -208.7379 420.4354 147.3745
v  -194.8909 420.1243 147.3466
v  -177.6915 419.9688 168.8649
v  -178.3815 419.9688 189.4048
v  -176.9553 419.9688 147.3096
v  -207.8438 420.4354 125.0695
v  -206.9318 420.4354 102.5012
v  -193.1966 420.1243 102.5046
v  -194.0522 420.1243 125.0746
v  -175.4059 419.9688 102.5063
v  -176.1883 419.9688 125.0772
v  -132.9042 419.9169 102.5069
v  -133.5117 419.9169 125.0780
v  -155.5692 419.9169 125.0780
v  -154.8713 419.9169 102.5069
v  -134.1073 419.9169 147.2376
v  -156.2534 419.9169 147.2707
v  -134.6789 419.9169 168.5740
v  -135.2146 419.9169 188.6757
v  -157.5255 419.9169 189.0067
v  -156.9101 419.9169 168.7064
v  -112.3253 419.9169 168.4946
v  -112.7808 419.9169 188.4771
v  -111.8391 419.9169 147.2177
v  -89.8797 419.9169 168.4548
v  -90.2549 419.9169 188.3778
v  -89.4795 419.9169 147.2078
v  -110.8160 419.9169 102.5069
v  -111.3326 419.9169 125.0780
v  -88.6370 419.9169 102.5069
v  -89.0624 419.9169 125.0780
v  -44.1278 419.9169 102.5069
v  -44.3701 419.9169 125.0780
v  -66.7315 419.9169 125.0780
v  -66.3976 419.9169 102.5069
v  -44.6076 419.9169 147.2045
v  -67.0588 419.9169 147.2045
v  -44.8356 419.9169 168.4416
v  -45.0492 419.9169 188.3447
v  -67.6674 419.9169 188.3447
v  -67.3730 419.9169 168.4416
v  -22.2982 419.9169 168.4416
v  -22.4311 419.9169 188.3447
v  -22.1565 419.9169 147.2045
v  0.2392 419.9169 168.4416
v  0.1871 419.9169 188.3447
v  0.2947 419.9169 147.2045
v  -21.8581 419.9169 102.5069
v  -22.0088 419.9169 125.0780
v  0.4116 419.9169 102.5069
v  0.3526 419.9169 125.0780
v  44.9511 419.9169 102.5069
v  45.0753 419.9169 125.0780
v  22.7139 419.9169 125.0780
v  22.6813 419.9169 102.5069
v  45.1971 419.9169 147.2045
v  22.7459 419.9169 147.2045
v  45.3139 419.9169 168.4416
v  45.4235 419.9169 188.3447
v  22.8053 419.9169 188.3447
v  22.7765 419.9169 168.4416
v  67.8513 419.9169 168.4416
v  68.0416 419.9169 188.3447
v  67.6482 419.9169 147.2045
v  90.3581 419.9169 168.4548
v  90.6291 419.9169 188.3778
v  90.0689 419.9169 147.2078
v  67.2208 419.9169 102.5069
v  67.4366 419.9169 125.0780
v  89.4603 419.9169 102.5069
v  89.7676 419.9169 125.0780
v  133.7274 419.9169 102.5069
v  134.2169 419.9169 125.0780
v  112.0378 419.9169 125.0780
v  111.6392 419.9169 102.5069
v  134.6967 419.9169 147.2376
v  112.4285 419.9169 147.2177
v  135.1572 419.9169 168.5740
v  135.5888 419.9169 188.6757
v  113.1551 419.9169 188.4771
v  112.8036 419.9169 168.4946
v  157.3884 419.9169 168.7064
v  157.8997 419.9169 189.0067
v  156.8428 419.9169 147.2707
v  178.1698 419.9688 168.8649
v  178.7557 419.9688 189.4048
v  177.5448 419.9688 147.3095
v  155.6945 419.9169 102.5069
v  156.2744 419.9169 125.0780
v  176.2292 419.9688 102.5063
v  176.8935 419.9688 125.0772
v  207.7551 420.4354 102.5012
v  208.5490 420.4354 125.0695
v  194.7574 420.1243 125.0746
v  194.0199 420.1243 102.5046
v  209.3274 420.4354 147.3745
v  195.4803 420.1243 147.3466
v  210.0747 420.4354 169.1527
v  210.7754 420.4354 190.1409
v  196.8249 420.1243 189.8046
v  196.1743 420.1243 169.0226
v  -206.0198 420.4354 79.9329
v  -192.3410 420.1243 79.9346
v  -205.0951 420.4354 57.0504
v  -191.4736 420.1243 57.0504
v  -174.6235 419.9688 79.9355
v  -173.8302 419.9688 57.0505
v  -204.1450 420.4354 33.5396
v  -203.1568 420.4354 9.0861
v  -189.6552 420.1243 9.0827
v  -190.5823 420.1243 33.5379
v  -172.1674 419.9688 9.0810
v  -173.0152 419.9688 33.5370
v  -130.3894 419.9169 9.0804
v  -131.0477 419.9169 33.5367
v  -152.7386 419.9169 33.5367
v  -151.9824 419.9169 9.0804
v  -131.6806 419.9169 57.0505
v  -153.4657 419.9169 57.0505
v  -132.2966 419.9169 79.9358
v  -154.1734 419.9169 79.9358
v  -110.2993 419.9169 79.9358
v  -109.7755 419.9169 57.0505
v  -88.2116 419.9169 79.9358
v  -87.7803 419.9169 57.0505
v  -108.6774 419.9169 9.0804
v  -109.2372 419.9169 33.5367
v  -86.8762 419.9169 9.0804
v  -87.3371 419.9169 33.5367
v  -43.1249 419.9169 9.0804
v  -43.3875 419.9169 33.5367
v  -65.3772 419.9169 33.5367
v  -65.0154 419.9169 9.0804
v  -43.6399 419.9169 57.0505
v  -65.7251 419.9169 57.0505
v  -43.8855 419.9169 79.9358
v  -66.0636 419.9169 79.9358
v  -21.7074 419.9169 79.9358
v  -21.5547 419.9169 57.0505
v  0.4707 419.9169 79.9358
v  0.5305 419.9169 57.0505
v  -21.2345 419.9169 9.0804
v  -21.3977 419.9169 33.5367
v  0.6560 419.9169 9.0804
v  0.5920 419.9169 33.5367
v  44.4369 419.9169 9.0804
v  44.5715 419.9169 33.5367
v  22.5818 419.9169 33.5367
v  22.5465 419.9169 9.0804
v  44.7009 419.9169 57.0505
v  22.6157 419.9169 57.0505
v  44.8269 419.9169 79.9358
v  22.6488 419.9169 79.9358
v  67.0050 419.9169 79.9358
v  66.7861 419.9169 57.0505
v  89.1529 419.9169 79.9358
v  88.8413 419.9169 57.0505
v  66.3274 419.9169 9.0804
v  66.5613 419.9169 33.5367
v  88.1881 419.9169 9.0804
v  88.5211 419.9169 33.5367
v  131.7014 419.9169 9.0804
v  132.2317 419.9169 33.5367
v  110.4212 419.9169 33.5367
v  109.9893 419.9169 9.0804
v  132.7416 419.9169 57.0505
v  110.8365 419.9169 57.0505
v  133.2379 419.9169 79.9358
v  111.2406 419.9169 79.9358
v  155.1147 419.9169 79.9358
v  154.5268 419.9169 57.0505
v  175.5648 419.9688 79.9355
v  174.8913 419.9688 57.0505
v  153.2944 419.9169 9.0804
v  153.9227 419.9169 33.5367
v  173.4794 419.9688 9.0810
v  174.1992 419.9688 33.5370
v  204.4688 420.4354 9.0861
v  205.3290 420.4354 33.5396
v  191.7663 420.1243 33.5379
v  190.9672 420.1243 9.0827
v  206.1561 420.4354 57.0505
v  192.5346 420.1243 57.0505
v  206.9611 420.4354 79.9329
v  193.2823 420.1243 79.9346
v  -202.1178 420.4354 -16.6242
v  -188.6806 420.1243 -16.6293
v  -201.0713 420.4354 -42.5207
v  -187.6989 420.1243 -42.5260
v  -171.2761 419.9688 -16.6318
v  -170.3784 419.9688 -42.5286
v  -200.0606 420.4354 -67.5330
v  -199.1287 420.4354 -90.5906
v  -185.8771 420.1243 -90.5854
v  -186.7509 420.1243 -67.5354
v  -168.7126 419.9688 -90.5829
v  -169.5115 419.9688 -67.5366
v  -127.7068 419.9169 -90.5820
v  -128.3271 419.9169 -67.5369
v  -149.6133 419.9169 -67.5369
v  -148.9008 419.9169 -90.5820
v  -129.0002 419.9169 -42.5295
v  -150.3866 419.9169 -42.5295
v  -129.6973 419.9169 -16.6327
v  -151.1873 419.9169 -16.6327
v  -108.0888 419.9169 -16.6327
v  -107.4960 419.9169 -42.5295
v  -86.3915 419.9169 -16.6327
v  -85.9034 419.9169 -42.5295
v  -106.3961 419.9169 -90.5820
v  -106.9236 419.9169 -67.5369
v  -84.9977 419.9169 -90.5820
v  -85.4321 419.9169 -67.5369
v  -42.0551 419.9169 -90.5820
v  -42.3025 419.9169 -67.5369
v  -63.8820 419.9169 -67.5369
v  -63.5410 419.9169 -90.5820
v  -42.5709 419.9169 -42.5295
v  -64.2519 419.9169 -42.5295
v  -42.8489 419.9169 -16.6327
v  -64.6350 419.9169 -16.6327
v  -21.0628 419.9169 -16.6327
v  -20.8900 419.9169 -42.5295
v  0.7232 419.9169 -16.6327
v  0.7910 419.9169 -42.5295
v  -20.5692 419.9169 -90.5820
v  -20.7231 419.9169 -67.5369
v  0.9167 419.9169 -90.5820
v  0.8564 419.9169 -67.5369
v  43.8885 419.9169 -90.5820
v  44.0153 419.9169 -67.5369
v  22.4358 419.9169 -67.5369
v  22.4026 419.9169 -90.5820
v  44.1529 419.9169 -42.5295
v  22.4719 419.9169 -42.5295
v  44.2954 419.9169 -16.6327
v  22.5093 419.9169 -16.6327
v  66.0815 419.9169 -16.6327
v  65.8339 419.9169 -42.5295
v  87.8380 419.9169 -16.6327
v  87.4854 419.9169 -42.5295
v  65.3743 419.9169 -90.5820
v  65.5947 419.9169 -67.5369
v  86.8311 419.9169 -90.5820
v  87.1448 419.9169 -67.5369
v  129.5401 419.9169 -90.5820
v  130.0399 419.9169 -67.5369
v  108.6363 419.9169 -67.5369
v  108.2294 419.9169 -90.5820
v  130.5822 419.9169 -42.5295
v  109.0779 419.9169 -42.5295
v  131.1437 419.9169 -16.6327
v  109.5353 419.9169 -16.6327
v  152.6338 419.9169 -16.6327
v  151.9686 419.9169 -42.5295
v  172.7226 419.9688 -16.6318
v  171.9604 419.9688 -42.5286
v  150.7341 419.9169 -90.5820
v  151.3261 419.9169 -67.5369
v  170.5460 419.9688 -90.5829
v  171.2243 419.9688 -67.5366
v  200.9621 420.4354 -90.5906
v  201.7733 420.4354 -67.5330
v  188.4636 420.1243 -67.5354
v  187.7104 420.1243 -90.5854
v  202.6532 420.4354 -42.5207
v  189.2809 420.1243 -42.5260
v  203.5643 420.4354 -16.6241
v  190.1270 420.1243 -16.6293
v  -198.3192 420.4354 -110.6230
v  -185.1182 420.1243 -110.6041
v  -197.6236 420.4354 -127.8331
v  -184.4664 420.1243 -127.7967
v  -168.0189 419.9688 -110.5947
v  -167.4232 419.9688 -127.7785
v  -197.0339 420.4354 -142.4239
v  -196.5418 420.4354 -154.5982
v  -183.4531 420.1243 -154.5248
v  -183.9139 420.1243 -142.3685
v  -166.4973 419.9688 -154.4881
v  -166.9184 419.9688 -142.3408
v  -125.9870 419.9169 -154.4758
v  -126.3138 419.9169 -142.3316
v  -147.3006 419.9169 -142.3316
v  -146.9251 419.9169 -154.4758
v  -126.7057 419.9169 -127.7724
v  -147.7508 419.9169 -127.7724
v  -127.1682 419.9169 -110.5915
v  -148.2820 419.9169 -110.5915
v  -105.9380 419.9169 -110.5915
v  -105.5447 419.9169 -127.7724
v  -84.6206 419.9169 -110.5915
v  -84.2968 419.9169 -127.7724
v  -104.9335 419.9169 -154.4758
v  -105.2115 419.9169 -142.3316
v  -83.7935 419.9169 -154.4758
v  -84.0224 419.9169 -142.3316
v  -41.3693 419.9169 -154.4758
v  -41.4996 419.9169 -142.3316
v  -62.7755 419.9169 -142.3316
v  -62.5958 419.9169 -154.4758
v  -41.6559 419.9169 -127.7724
v  -62.9908 419.9169 -127.7724
v  -41.8403 419.9169 -110.5915
v  -63.2450 419.9169 -110.5915
v  -20.4357 419.9169 -110.5915
v  -20.3210 419.9169 -127.7724
v  0.9690 419.9169 -110.5915
v  1.0139 419.9169 -127.7724
v  -20.1427 419.9169 -154.4758
v  -20.2238 419.9169 -142.3316
v  1.0838 419.9169 -154.4758
v  1.0520 419.9169 -142.3316
v  43.5368 419.9169 -154.4758
v  43.6037 419.9169 -142.3316
v  22.3278 419.9169 -142.3316
v  22.3103 419.9169 -154.4758
v  43.6838 419.9169 -127.7724
v  22.3489 419.9169 -127.7724
v  43.7783 419.9169 -110.5915
v  22.3737 419.9169 -110.5915
v  65.1830 419.9169 -110.5915
v  65.0187 419.9169 -127.7724
v  86.5586 419.9169 -110.5915
v  86.3246 419.9169 -127.7724
v  64.7634 419.9169 -154.4758
v  64.8795 419.9169 -142.3316
v  85.9610 419.9169 -154.4758
v  86.1264 419.9169 -142.3316
v  128.1545 419.9169 -154.4758
v  128.4179 419.9169 -142.3316
v  107.3155 419.9169 -142.3316
v  107.1010 419.9169 -154.4758
v  128.7336 419.9169 -127.7724
v  107.5726 419.9169 -127.7724
v  129.1062 419.9169 -110.5915
v  107.8760 419.9169 -110.5915
v  150.2200 419.9169 -110.5915
v  149.7787 419.9169 -127.7724
v  169.9569 419.9688 -110.5947
v  169.4511 419.9688 -127.7785
v  149.0926 419.9169 -154.4758
v  149.4046 419.9169 -142.3316
v  168.6649 419.9688 -154.4881
v  169.0225 419.9688 -142.3408
v  198.7100 420.4354 -154.5982
v  199.1384 420.4354 -142.4239
v  186.0181 420.1243 -142.3685
v  185.6209 420.1243 -154.5248
v  199.6518 420.4354 -127.8331
v  186.4944 420.1243 -127.7967
v  200.2573 420.4354 -110.6230
v  187.0562 420.1243 -110.6041
v  -195.9460 454.0036 265.3682
v  -186.3567 455.1429 265.5810
v  -186.1640 457.2971 260.9662
v  -199.0981 455.1429 262.2529
v  -170.6888 456.0327 265.7617
v  -169.6946 458.4822 260.6049
v  -186.9835 458.5063 255.2524
v  -201.3022 456.0448 257.0626
v  -169.3394 459.9128 254.4178
v  -151.0791 456.3929 265.8219
v  -129.4986 456.4820 265.8219
v  -128.5085 459.1825 260.4844
v  -149.9263 459.0042 260.4844
v  -127.9205 460.9057 254.1396
v  -149.2431 460.5998 254.1396
v  -127.3438 463.0079 236.9700
v  -148.5778 462.3188 236.9700
v  -148.8525 461.5734 246.4229
v  -127.5828 462.0486 246.4229
v  -168.7289 461.2265 237.3150
v  -169.0379 460.7011 246.7651
v  -186.7142 459.4236 238.3499
v  -201.4508 456.6026 240.4197
v  -201.8188 456.4411 249.8451
v  -187.0548 459.1007 247.7918
v  -107.9181 456.5587 265.8219
v  -107.0907 459.3360 260.4844
v  -86.3376 456.6226 265.8219
v  -85.6729 459.4637 260.4844
v  -106.5979 461.1693 254.1396
v  -85.2753 461.3885 254.1396
v  -64.7571 456.6730 265.8219
v  -43.1766 456.7094 265.8219
v  -42.8372 459.6372 260.4844
v  -64.2550 459.5645 260.4844
v  -42.6301 461.6864 254.1396
v  -63.9527 461.5615 254.1396
v  -42.4080 464.7664 236.9700
v  -63.6420 464.4850 236.9700
v  -63.7738 463.0673 246.4229
v  -42.5042 463.2614 246.4229
v  -84.8759 464.0952 236.9700
v  -85.0435 462.7985 246.4229
v  -106.1099 463.6015 236.9700
v  -106.3132 462.4580 246.4229
v  -21.5960 456.7312 265.8219
v  -21.4194 459.6809 260.4844
v  -0.0155 456.7385 265.8219
v  -0.0016 459.6954 260.4844
v  -21.3076 461.7614 254.1396
v  0.0150 461.7864 254.1396
v  21.5650 456.7312 265.8219
v  43.1455 456.7094 265.8219
v  42.8341 459.6372 260.4844
v  21.4162 459.6809 260.4844
v  42.6602 461.6864 254.1396
v  21.3376 461.7614 254.1396
v  42.5279 464.7664 236.9700
v  21.2939 464.9352 236.9700
v  21.3049 463.3778 246.4229
v  42.5746 463.2614 246.4229
v  0.0599 464.9915 236.9700
v  0.0352 463.4166 246.4229
v  -21.1740 464.9352 236.9700
v  -21.2345 463.3778 246.4229
v  64.7260 456.6730 265.8219
v  64.2519 459.5645 260.4844
v  86.3065 456.6226 265.8219
v  85.6697 459.4637 260.4844
v  63.9828 461.5615 254.1396
v  85.3054 461.3885 254.1396
v  107.8871 456.5587 265.8219
v  129.4676 456.4820 265.8219
v  128.5054 459.1825 260.4844
v  107.0875 459.3360 260.4844
v  127.9505 460.9057 254.1396
v  106.6280 461.1693 254.1396
v  127.4637 463.0079 236.9700
v  106.2298 463.6015 236.9700
v  106.3836 462.4580 246.4229
v  127.6533 462.0486 246.4229
v  84.9958 464.0952 236.9700
v  85.1139 462.7985 246.4229
v  63.7618 464.4850 236.9700
v  63.8442 463.0673 246.4229
v  151.0481 456.3929 265.8219
v  149.9232 459.0042 260.4844
v  170.6584 456.0327 265.7617
v  169.6913 458.4822 260.6049
v  149.2731 460.5998 254.1396
v  169.3686 459.9128 254.4178
v  186.3282 455.1429 265.5810
v  195.9201 454.0036 265.3682
v  199.0896 455.1429 262.2529
v  186.1599 457.2971 260.9662
v  201.3224 456.0448 257.0626
v  187.0099 458.5063 255.2524
v  201.5603 456.6026 240.4197
v  186.8299 459.4236 238.3499
v  187.1208 459.1007 247.7918
v  201.8783 456.4411 249.8451
v  168.8477 461.2265 237.3150
v  169.1073 460.7011 246.7651
v  148.6977 462.3188 236.9700
v  148.9229 461.5734 246.4229
v  -199.2120 457.4365 181.1508
v  -184.6422 461.0914 180.1392
v  -183.9704 461.4315 161.3337
v  -198.4862 457.6065 162.1021
v  -166.8488 463.9359 179.6334
v  -166.2393 464.4852 160.9496
v  -183.2561 461.7078 141.3812
v  -197.7144 457.7447 141.9579
v  -165.5912 464.9297 141.0928
v  -146.9066 466.1518 179.4648
v  -125.8899 467.9208 179.4648
v  -125.4185 468.8900 160.8215
v  -146.3648 466.9204 160.8215
v  -124.9173 469.6614 140.9967
v  -145.7887 467.5384 140.9967
v  -123.8650 470.6559 99.3776
v  -144.5792 468.3452 99.3776
v  -145.1896 468.0114 120.3841
v  -124.3961 470.2462 120.3841
v  -164.2305 465.5149 99.4242
v  -164.9173 465.2722 120.4540
v  -181.7564 462.0729 99.5641
v  -196.0941 457.9272 99.8438
v  -196.9119 457.8514 121.0834
v  -182.5134 461.9212 120.6638
v  -104.8732 469.4247 179.4648
v  -104.4723 470.5469 160.8215
v  -83.8565 470.6606 179.4648
v  -83.5260 471.8949 160.8215
v  -104.0459 471.4266 140.9967
v  -83.1745 472.8466 140.9967
v  -62.8398 471.6256 179.4648
v  -41.8231 472.3170 179.4648
v  -41.6334 473.6804 160.8215
v  -62.5797 472.9381 160.8215
v  -41.4318 474.7020 140.9967
v  -62.3032 473.9342 140.9967
v  -41.0085 475.9164 99.3776
v  -61.7226 475.1402 99.3776
v  -62.0156 474.6547 120.3841
v  -41.2221 475.4309 120.3841
v  -82.4367 474.0241 99.3776
v  -82.8091 473.5462 120.3841
v  -103.1509 472.5391 99.3776
v  -103.6026 472.0840 120.3841
v  -20.8064 472.7318 179.4648
v  -20.6872 474.1258 160.8215
v  0.2103 472.8701 179.4648
v  0.2591 474.2743 160.8215
v  -20.5604 475.1627 140.9967
v  0.3110 475.3162 140.9967
v  21.2271 472.7318 179.4648
v  42.2438 472.3170 179.4648
v  42.1517 473.6804 160.8215
v  21.2054 474.1258 160.8215
v  42.0537 474.7020 140.9967
v  21.1823 475.1627 140.9967
v  41.8481 475.9164 99.3776
v  21.1340 476.3822 99.3776
v  21.1584 475.8967 120.3841
v  41.9519 475.4309 120.3841
v  0.4198 476.5374 99.3776
v  0.3649 476.0519 120.3841
v  -20.2943 476.3822 99.3776
v  -20.4286 475.8967 120.3841
v  63.2605 471.6256 179.4648
v  63.0979 472.9381 160.8215
v  84.2772 470.6606 179.4648
v  84.0442 471.8949 160.8215
v  62.9251 473.9342 140.9967
v  83.7964 472.8466 140.9967
v  105.2939 469.4247 179.4648
v  126.3106 467.9208 179.4648
v  125.9367 468.8900 160.8215
v  104.9905 470.5469 160.8215
v  125.5392 469.6614 140.9967
v  104.6678 471.4266 140.9967
v  124.7046 470.6559 99.3776
v  103.9905 472.5391 99.3776
v  104.3324 472.0840 120.3841
v  125.1259 470.2462 120.3841
v  83.2764 474.0241 99.3776
v  83.5389 473.5462 120.3841
v  62.5622 475.1402 99.3776
v  62.7454 474.6547 120.3841
v  147.3273 466.1518 179.4648
v  146.8830 466.9204 160.8215
v  167.2688 463.9359 179.6334
v  166.7569 464.4852 160.9496
v  146.4106 467.5384 140.9967
v  166.2126 464.9297 141.0928
v  185.0600 461.0914 180.1392
v  199.6256 457.4365 181.1508
v  198.9984 457.6065 162.1021
v  184.4862 461.4315 161.3337
v  198.3315 457.7447 141.9579
v  183.8760 461.7078 141.3812
v  196.9313 457.9272 99.8438
v  182.5951 462.0729 99.5641
v  183.2416 461.9212 120.6638
v  197.6380 457.8514 121.0834
v  165.0699 465.5149 99.4242
v  165.6467 465.2722 120.4540
v  145.4188 468.3452 99.3776
v  145.9194 468.0114 120.3841
v  -180.9995 462.1640 78.4644
v  -195.2763 457.9727 78.6043
v  -163.5438 465.6606 78.3944
v  -180.2314 462.1943 57.0505
v  -194.4464 457.9879 57.0505
v  -162.8468 465.7091 57.0505
v  -123.3339 470.9017 78.3711
v  -143.9687 468.5454 78.3711
v  -122.7948 470.9836 57.0505
v  -143.3491 468.6122 57.0505
v  -121.6611 470.6559 12.2098
v  -142.0459 468.3452 12.2098
v  -142.7112 468.5455 35.1014
v  -122.2399 470.9017 35.1014
v  -161.3809 465.5149 12.1631
v  -162.1292 465.6606 35.0781
v  -178.6162 462.0730 12.0233
v  -192.7020 457.9272 11.7435
v  -193.5923 457.9727 34.8683
v  -179.4407 462.1640 35.0082
v  -102.6991 472.8122 78.3711
v  -82.0643 474.3109 78.3711
v  -102.2406 472.9033 57.0505
v  -81.6864 474.4065 57.0505
v  -40.7948 476.2077 78.3711
v  -61.4296 475.4315 78.3711
v  -40.5779 476.3048 57.0505
v  -61.1322 475.5286 57.0505
v  -40.1218 475.9164 12.2098
v  -60.5066 475.1402 12.2098
v  -60.8260 475.4315 35.1014
v  -40.3547 476.2077 35.1014
v  -80.8915 474.0241 12.2098
v  -81.2973 474.3109 35.1014
v  -101.2763 472.5391 12.2098
v  -101.7686 472.8122 35.1014
v  -20.1600 476.6735 78.3711
v  0.4748 476.8287 78.3711
v  -20.0237 476.7706 57.0505
v  0.5305 476.9258 57.0505
v  41.7443 476.2077 78.3711
v  21.1095 476.6735 78.3711
v  41.6390 476.3048 57.0505
v  21.0847 476.7706 57.0505
v  41.4174 475.9164 12.2098
v  21.0326 476.3822 12.2098
v  21.0592 476.6735 35.1014
v  41.5305 476.2077 35.1014
v  0.6478 476.5374 12.2098
v  0.5879 476.8287 35.1014
v  -19.7370 476.3822 12.2098
v  -19.8834 476.6735 35.1014
v  62.3791 475.4315 78.3711
v  83.0138 474.3109 78.3711
v  62.1932 475.5286 57.0505
v  82.7474 474.4065 57.0505
v  124.2834 470.9017 78.3711
v  103.6486 472.8122 78.3711
v  123.8559 470.9836 57.0505
v  103.3016 472.9033 57.0505
v  122.9567 470.6559 12.2098
v  102.5719 472.5391 12.2098
v  102.9444 472.8122 35.1014
v  123.4157 470.9017 35.1014
v  82.1870 474.0241 12.2098
v  82.4731 474.3109 35.1014
v  61.8022 475.1402 12.2098
v  62.0018 475.4315 35.1014
v  144.9182 468.5454 78.3711
v  164.4931 465.6606 78.3944
v  144.4101 468.6122 57.0505
v  163.9078 465.7091 57.0505
v  196.2246 457.9727 78.6042
v  181.9485 462.1640 78.4644
v  195.5074 457.9879 57.0505
v  181.2924 462.1943 57.0505
v  194.0000 457.9272 11.7435
v  179.9128 462.0730 12.0233
v  180.6170 462.1640 35.0082
v  194.7694 457.9727 34.8683
v  162.6767 465.5149 12.1631
v  163.3052 465.6606 35.0781
v  143.3415 468.3452 12.2098
v  143.8870 468.5455 35.1014
v  -177.7467 461.9212 -12.2184
v  -191.7634 457.8514 -12.6380
v  -160.5916 465.2722 -12.0086
v  -176.8688 461.7078 -36.6929
v  -190.8159 457.7447 -37.2498
v  -159.7946 464.9297 -36.4144
v  -121.0505 470.2462 -11.9387
v  -141.3441 468.0114 -11.9387
v  -120.4340 469.6614 -36.3216
v  -140.6355 467.5384 -36.3216
v  -119.2867 467.9208 -81.7021
v  -139.3167 466.1518 -81.7021
v  -139.9498 466.9204 -59.9169
v  -119.8375 468.8900 -59.9169
v  -158.3113 463.9359 -81.8376
v  -159.0233 464.4852 -60.0317
v  -175.2350 461.0914 -82.2441
v  -189.0525 457.4365 -83.0571
v  -189.8991 457.6065 -61.0650
v  -176.0194 461.4315 -60.3761
v  -100.7570 472.0840 -11.9387
v  -80.4634 473.5462 -11.9387
v  -100.2326 471.4266 -36.3216
v  -80.0311 472.8466 -36.3216
v  -39.8762 475.4309 -11.9387
v  -60.1698 474.6547 -11.9387
v  -39.6282 474.7020 -36.3216
v  -59.8297 473.9342 -36.3216
v  -39.1666 472.3170 -81.7021
v  -59.1966 471.6256 -81.7021
v  -59.5005 472.9381 -59.9169
v  -39.3882 473.6804 -59.9169
v  -79.2266 470.6606 -81.7021
v  -79.6128 471.8949 -59.9169
v  -99.2566 469.4247 -81.7021
v  -99.7252 470.5469 -59.9169
v  -19.5826 475.8967 -11.9387
v  0.7110 476.0519 -11.9387
v  -19.4267 475.1627 -36.3216
v  0.7747 475.3162 -36.3216
v  41.2981 475.4309 -11.9387
v  21.0045 475.8967 -11.9387
v  41.1777 474.7020 -36.3216
v  20.9762 475.1627 -36.3216
v  40.9535 472.3170 -81.7021
v  20.9234 472.7318 -81.7021
v  20.9488 474.1258 -59.9169
v  41.0611 473.6804 -59.9169
v  0.8934 472.8701 -81.7021
v  0.8364 474.2743 -59.9169
v  -19.1366 472.7318 -81.7021
v  -19.2759 474.1258 -59.9169
v  61.5917 474.6547 -11.9387
v  81.8853 473.5462 -11.9387
v  61.3791 473.9342 -36.3216
v  81.5806 472.8466 -36.3216
v  122.4724 470.2462 -11.9387
v  102.1789 472.0840 -11.9387
v  121.9835 469.6614 -36.3216
v  101.7820 471.4266 -36.3216
v  121.0735 467.9208 -81.7021
v  101.0435 469.4247 -81.7021
v  101.3980 470.5469 -59.9169
v  121.5103 468.8900 -59.9169
v  81.0135 470.6606 -81.7021
v  81.2857 471.8949 -59.9169
v  60.9835 471.6256 -81.7021
v  61.1734 472.9381 -59.9169
v  142.7660 468.0114 -11.9387
v  162.0138 465.2722 -12.0086
v  142.1850 467.5384 -36.3216
v  161.3445 464.9297 -36.4145
v  193.1889 457.8514 -12.6380
v  179.1701 461.9212 -12.2184
v  192.3702 457.7447 -37.2498
v  178.4202 461.7078 -36.6929
v  190.8464 457.4365 -83.0571
v  177.0247 461.0914 -82.2441
v  177.6946 461.4315 -60.3761
v  191.5780 457.6065 -61.0650
v  160.0988 463.9359 -81.8376
v  160.6968 464.4852 -60.0317
v  141.1035 466.1518 -81.7021
v  141.6227 466.9204 -59.9169
v  -174.5524 460.6864 -101.2728
v  -188.3155 457.2340 -102.1994
v  -157.6917 463.2794 -100.8094
v  -173.9652 460.2507 -117.6446
v  -187.6812 457.0161 -118.6735
v  -157.1587 462.5717 -117.1301
v  -118.8075 466.7424 -100.6550
v  -138.7659 465.2268 -100.6550
v  -118.3952 465.4604 -116.9586
v  -138.2921 464.2260 -116.9586
v  -117.7533 463.0079 -142.3492
v  -137.5542 462.3188 -142.3492
v  -137.8899 463.2298 -130.7957
v  -118.0454 464.1804 -130.7957
v  -156.3286 461.2265 -142.5486
v  -156.7064 461.8687 -130.9822
v  -173.0503 459.4236 -143.1465
v  -186.6929 456.6026 -144.3424
v  -187.1426 456.7999 -132.6607
v  -173.4666 459.8184 -131.5417
v  -98.8490 468.0399 -100.6550
v  -78.8906 469.1131 -100.6550
v  -98.4984 466.5216 -116.9586
v  -78.6016 467.4029 -116.9586
v  -38.9738 470.5625 -100.6550
v  -58.9322 469.9560 -100.6550
v  -38.8080 468.5983 -116.9586
v  -58.7048 468.0974 -116.9586
v  -38.5497 464.7664 -142.3492
v  -58.3506 464.4850 -142.3492
v  -58.5118 466.2177 -130.7957
v  -38.6672 466.6058 -130.7957
v  -78.1515 464.0952 -142.3492
v  -78.3563 465.6801 -130.7957
v  -97.9524 463.6015 -142.3492
v  -98.2009 464.9991 -130.7957
v  -19.0154 470.9264 -100.6550
v  0.9430 471.0477 -100.6550
v  -18.9112 468.8989 -116.9586
v  0.9856 468.9991 -116.9586
v  40.8598 470.5625 -100.6550
v  20.9014 470.9264 -100.6550
v  40.7793 468.5983 -116.9586
v  20.8825 468.8989 -116.9586
v  40.6538 464.7664 -142.3492
v  20.8529 464.9352 -142.3492
v  20.8664 466.8387 -130.7957
v  40.7109 466.6058 -130.7957
v  1.0521 464.9915 -142.3492
v  1.0218 466.9163 -130.7957
v  -18.7488 464.9352 -142.3492
v  -18.8227 466.8387 -130.7957
v  60.8182 469.9560 -100.6550
v  80.7766 469.1131 -100.6550
v  60.6761 468.0974 -116.9586
v  80.5729 467.4029 -116.9586
v  120.6935 466.7424 -100.6550
v  100.7350 468.0399 -100.6550
v  120.3665 465.4604 -116.9586
v  100.4697 466.5216 -116.9586
v  119.8574 463.0079 -142.3492
v  100.0565 463.6015 -142.3492
v  100.2445 464.9991 -130.7957
v  120.0891 464.1804 -130.7957
v  80.2556 464.0952 -142.3492
v  80.4000 465.6801 -130.7957
v  60.4547 464.4850 -142.3492
v  60.5554 466.2177 -130.7957
v  140.6519 465.2268 -100.6550
v  159.5785 463.2794 -100.8094
v  140.2633 464.2260 -116.9586
v  159.1309 462.5717 -117.1301
v  190.2095 457.2340 -102.1994
v  176.4417 460.6864 -101.2728
v  189.6615 457.0161 -118.6735
v  175.9400 460.2507 -117.6445
v  188.8074 456.6026 -144.3424
v  175.1586 459.4236 -143.1465
v  175.5142 459.8184 -131.5417
v  189.1961 456.7999 -132.6607
v  158.4338 461.2265 -142.5486
v  158.7510 461.8687 -130.9822
v  139.6583 462.3188 -142.3492
v  139.9336 463.2298 -130.7957
v  -212.5094 437.3132 277.6413
v  -198.4484 437.3132 279.0724
v  -196.2746 442.2859 276.6207
v  -210.1877 442.2859 275.0164
v  -180.0824 437.3132 279.7880
v  -178.1032 442.2859 277.4228
v  -193.2357 447.3229 273.4320
v  -206.5904 447.2453 271.7415
v  -175.6214 447.4416 274.2302
v  -158.8448 437.3132 280.0265
v  -136.1690 437.3132 280.0265
v  -134.6607 442.2859 277.6902
v  -157.0923 442.2859 277.6902
v  -132.8576 447.4964 274.4963
v  -154.9931 447.4875 274.4963
v  -152.8784 452.3719 270.5164
v  -131.0426 452.4076 270.5164
v  -172.9072 452.1882 270.3233
v  -201.3604 451.4032 268.2094
v  -189.3218 451.7134 269.7442
v  -113.4882 437.3132 280.0265
v  -112.2271 442.2859 277.6902
v  -90.8038 437.3132 280.0265
v  -89.7921 442.2859 277.6902
v  -110.7216 447.5041 274.4963
v  -88.5852 447.5105 274.4963
v  -68.1169 437.3132 280.0265
v  -45.4289 437.3132 280.0265
v  -44.9196 442.2859 277.6902
v  -67.3561 442.2859 277.6902
v  -44.3118 447.5192 274.4963
v  -66.4485 447.5155 274.4963
v  -65.5352 452.4839 270.5164
v  -43.6994 452.4985 270.5164
v  -87.3710 452.4638 270.5164
v  -109.2068 452.4383 270.5164
v  -22.7408 437.3132 280.0265
v  -22.4831 442.2859 277.6902
v  -0.0527 437.3132 280.0265
v  -0.0466 442.2859 277.6902
v  -22.1750 447.5214 274.4963
v  -0.0382 447.5221 274.4963
v  22.6354 437.3132 280.0265
v  45.3235 437.3132 280.0265
v  44.8264 442.2859 277.6902
v  22.3899 442.2859 277.6902
v  44.2353 447.5192 274.4963
v  22.0985 447.5214 274.4963
v  21.8080 452.5073 270.5164
v  43.6438 452.4985 270.5164
v  -0.0278 452.5102 270.5164
v  -21.8636 452.5073 270.5164
v  68.0116 437.3132 280.0265
v  67.2629 442.2859 277.6902
v  90.6984 437.3132 280.0265
v  89.6989 442.2859 277.6902
v  66.3721 447.5155 274.4963
v  88.5087 447.5105 274.4963
v  113.3828 437.3132 280.0265
v  136.0636 437.3132 280.0265
v  134.5675 442.2859 277.6902
v  112.1340 442.2859 277.6902
v  132.7812 447.4964 274.4963
v  110.6451 447.5041 274.4963
v  109.1512 452.4383 270.5164
v  130.9870 452.4076 270.5164
v  87.3154 452.4638 270.5164
v  65.4796 452.4839 270.5164
v  158.7395 437.3132 280.0265
v  156.9991 442.2859 277.6902
v  179.9793 437.3132 279.7880
v  178.0122 442.2859 277.4228
v  154.9167 447.4875 274.4963
v  175.5470 447.4416 274.2302
v  198.3518 437.3132 279.0724
v  212.4259 437.3132 277.6413
v  210.1162 442.2859 275.0164
v  196.1901 442.2859 276.6207
v  206.5340 447.2453 271.7415
v  193.1671 447.3229 273.4320
v  189.2719 451.7134 269.7442
v  201.3206 451.4032 268.2094
v  172.8530 452.1882 270.3233
v  152.8228 452.3719 270.5164
v  220.7703 437.3132 275.2560
v  218.3739 442.2859 272.3427
v  224.7967 437.3132 271.2413
v  222.3600 442.2859 268.0248
v  214.4046 447.3229 268.7983
v  218.1675 447.4428 264.1580
v  225.9165 437.3132 264.9219
v  225.5414 437.3132 255.6222
v  223.1038 442.2859 252.1582
v  223.4710 442.2859 261.4882
v  218.8555 447.5085 248.0114
v  219.2111 447.4923 257.3758
v  212.2943 452.3912 253.2673
v  211.9549 452.4558 243.8694
v  211.4316 452.1931 260.2675
v  208.2405 451.7134 265.1494
v  223.2592 437.3132 188.6106
v  222.5190 437.3132 167.7750
v  220.1450 442.2859 166.4713
v  220.8695 442.2859 186.8998
v  221.7318 437.3132 146.2203
v  219.3746 442.2859 145.2393
v  215.9913 447.6089 164.9231
v  216.6926 447.5919 184.8642
v  215.2456 447.6227 144.0759
v  220.9132 437.3132 124.1862
v  220.0789 437.3132 101.9124
v  217.7571 442.2859 101.4359
v  218.5735 442.2859 123.4715
v  213.6801 447.6410 100.8713
v  214.4702 447.6334 122.6246
v  207.7696 452.9553 121.7828
v  207.0155 452.9857 100.3101
v  208.5096 452.9126 142.9191
v  209.8905 452.7894 182.8369
v  209.2213 452.8574 163.3826
v  219.2447 437.3132 79.6385
v  216.9407 442.2859 79.4003
v  218.3987 437.3132 57.0505
v  216.1127 442.2859 57.0505
v  212.8899 447.6455 79.1180
v  212.0883 447.6470 57.0505
v  217.5292 437.3132 33.8340
v  216.6244 437.3132 9.6750
v  214.3752 442.2859 10.1515
v  215.2614 442.2859 34.0723
v  210.4054 447.6410 10.7161
v  211.2639 447.6455 34.3546
v  204.7091 453.0039 34.6352
v  203.8889 452.9857 11.2773
v  205.4963 453.0099 57.0505
v  206.2614 453.0039 78.8374
v  215.6725 437.3132 -15.7408
v  213.4425 442.2859 -15.0261
v  214.7128 437.3132 -41.3666
v  212.5019 442.2859 -40.4186
v  209.5012 447.6334 -14.1792
v  208.5891 447.6227 -39.2949
v  213.7845 437.3132 -66.1553
v  212.9267 437.3132 -89.0603
v  210.7511 442.2859 -87.6806
v  211.5919 442.2859 -64.9841
v  206.8914 447.5919 -86.0423
v  207.7066 447.6089 -63.5947
v  201.3087 452.8574 -62.2131
v  200.5292 452.7894 -84.4121
v  202.1525 452.9126 -38.1779
v  203.0247 452.9553 -13.3374
v  212.1786 437.3132 -109.0346
v  210.0182 442.2859 -107.4664
v  211.5336 437.3132 -126.2545
v  209.3864 442.2859 -124.5184
v  206.1810 447.5716 -105.6012
v  205.5691 447.5498 -122.4498
v  210.9853 437.3132 -140.8964
v  210.5268 437.3132 -153.1365
v  208.4006 442.2859 -151.1289
v  208.8494 442.2859 -139.0135
v  204.6145 447.5085 -148.7299
v  205.0490 447.5282 -136.7666
v  198.7695 452.5347 -134.5257
v  198.3547 452.4558 -146.3356
v  199.2659 452.6212 -120.3884
v  199.8504 452.7083 -103.7439
v  196.4716 437.3132 -181.2330
v  183.3749 437.3132 -183.7366
v  181.5264 442.2859 -181.4173
v  194.4942 442.2859 -178.9392
v  166.4232 437.3132 -184.9884
v  164.7413 442.2859 -182.6564
v  178.9259 447.3229 -178.3772
v  191.3801 447.2453 -176.0460
v  162.6445 447.4416 -179.5009
v  146.8999 437.3132 -185.4057
v  126.0886 437.3132 -185.4057
v  124.8065 442.2859 -183.0694
v  145.4107 442.2859 -183.0694
v  123.2911 447.4964 -179.8755
v  143.6470 447.4875 -179.8755
v  120.5859 456.4820 -171.2011
v  140.4956 456.3929 -171.2011
v  141.9086 452.3719 -175.8956
v  121.7988 452.4076 -175.8956
v  158.5956 456.0327 -171.0791
v  160.3734 452.1882 -175.6260
v  173.0763 455.1429 -170.7130
v  181.9580 454.0036 -170.2138
v  186.7746 451.4032 -172.8648
v  175.5479 451.7134 -174.8174
v  105.2728 437.3132 -185.4057
v  104.2004 442.2859 -183.0694
v  84.4536 437.3132 -185.4057
v  83.5930 442.2859 -183.0694
v  102.9348 447.5041 -179.8755
v  82.5781 447.5105 -179.8755
v  63.6322 437.3132 -185.4057
v  42.8097 437.3132 -185.4057
v  42.3760 442.2859 -183.0694
v  62.9847 442.2859 -183.0694
v  41.8642 447.5192 -179.8755
v  62.2212 447.5155 -179.8755
v  40.9470 456.7094 -171.2011
v  60.8567 456.6730 -171.2011
v  61.4693 452.4839 -175.8956
v  41.3595 452.4985 -175.8956
v  80.7664 456.6226 -171.2011
v  81.5791 452.4638 -175.8956
v  100.6762 456.5587 -171.2011
v  101.6890 452.4383 -175.8956
v  21.9872 437.3132 -185.4057
v  21.7673 442.2859 -183.0694
v  1.1647 437.3132 -185.4057
v  1.1586 442.2859 -183.0694
v  21.5072 447.5214 -179.8755
v  1.1502 447.5221 -179.8755
v  -19.6579 437.3132 -185.4057
v  -40.4804 437.3132 -185.4057
v  -40.0589 442.2859 -183.0694
v  -19.4502 442.2859 -183.0694
v  -39.5638 447.5192 -179.8755
v  -19.2068 447.5214 -179.8755
v  -38.6919 456.7094 -171.2011
v  -18.7822 456.7312 -171.2011
v  -18.9700 452.5073 -175.8956
v  -39.0799 452.4985 -175.8956
v  1.1275 456.7385 -171.2011
v  1.1398 452.5102 -175.8956
v  21.0372 456.7312 -171.2011
v  21.2496 452.5073 -175.8956
v  -61.3029 437.3132 -185.4057
v  -60.6676 442.2859 -183.0694
v  -82.1243 437.3132 -185.4057
v  -81.2759 442.2859 -183.0694
v  -59.9208 447.5155 -179.8755
v  -80.2777 447.5105 -179.8755
v  -102.9434 437.3132 -185.4057
v  -123.7592 437.3132 -185.4057
v  -122.4893 442.2859 -183.0694
v  -101.8833 442.2859 -183.0694
v  -120.9907 447.4964 -179.8755
v  -100.6344 447.5041 -179.8755
v  -118.3309 456.4820 -171.2011
v  -98.4211 456.5587 -171.2011
v  -99.4094 452.4383 -175.8956
v  -119.5192 452.4076 -175.8956
v  -78.5114 456.6226 -171.2011
v  -79.2995 452.4638 -175.8956
v  -58.6017 456.6730 -171.2011
v  -59.1897 452.4839 -175.8956
v  -144.5706 437.3132 -185.4057
v  -143.0936 442.2859 -183.0694
v  -164.0961 437.3132 -184.9885
v  -162.4264 442.2859 -182.6564
v  -141.3466 447.4875 -179.8755
v  -160.3461 447.4416 -179.5009
v  -181.0544 437.3132 -183.7366
v  -194.1641 437.3132 -181.2330
v  -192.1987 442.2859 -178.9392
v  -179.2180 442.2859 -181.4173
v  -189.0997 447.2453 -176.0460
v  -176.6334 447.3229 -178.3772
v  -179.7082 454.0036 -170.2138
v  -170.8239 455.1429 -170.7131
v  -173.2740 451.7134 -174.8174
v  -184.5108 451.4032 -172.8648
v  -156.3413 456.0327 -171.0791
v  -158.0952 452.1882 -175.6261
v  -138.2406 456.3929 -171.2011
v  -139.6290 452.3719 -175.8956
v  -202.1440 437.3132 -177.0602
v  -200.0989 442.2859 -174.8089
v  -206.3001 437.3132 -171.0793
v  -204.2120 442.2859 -168.8889
v  -196.6366 447.3229 -172.0488
v  -200.5311 447.4428 -166.2510
v  -207.9388 437.3132 -163.1511
v  -208.3663 437.3132 -153.1365
v  -206.2505 442.2859 -151.1289
v  -205.8314 442.2859 -161.0415
v  -202.4770 447.5085 -148.7299
v  -202.0702 447.4923 -158.5180
v  -186.3248 456.4411 -153.9002
v  -195.8398 452.3912 -155.9984
v  -196.2297 452.4558 -146.3356
v  -185.2942 456.0448 -161.4002
v  -194.4944 452.1931 -163.5841
v  -182.8567 455.1429 -166.9083
v  -191.1512 451.7134 -169.1633
v  -211.1013 437.3132 -89.0603
v  -212.0789 437.3132 -66.1553
v  -209.8925 442.2859 -64.9841
v  -208.9330 442.2859 -87.6806
v  -213.1369 437.3132 -41.3665
v  -210.9310 442.2859 -40.4186
v  -206.0145 447.6089 -63.5947
v  -205.0818 447.5919 -86.0423
v  -207.0241 447.6227 -39.2949
v  -214.2307 437.3132 -15.7408
v  -215.3155 437.3132 9.6750
v  -213.0688 442.2859 10.1515
v  -212.0044 442.2859 -15.0261
v  -209.1019 447.6410 10.7161
v  -208.0676 447.6334 -14.1792
v  -201.5954 452.9553 -13.3374
v  -202.5884 452.9857 11.2773
v  -200.5933 452.9126 -38.1779
v  -198.7282 452.7894 -84.4121
v  -199.6237 452.8574 -62.2131
v  -216.3467 437.3132 33.8340
v  -214.0801 442.2859 34.0723
v  -217.3376 437.3132 57.0505
v  -215.0516 442.2859 57.0505
v  -210.0841 447.6455 34.3546
v  -211.0272 447.6470 57.0505
v  -218.3018 437.3132 79.6385
v  -219.2526 437.3132 101.9123
v  -216.9282 442.2859 101.4359
v  -215.9966 442.2859 79.4003
v  -212.8482 447.6410 100.8713
v  -211.9442 447.6455 79.1180
v  -205.3143 453.0039 78.8374
v  -206.1808 452.9857 100.3101
v  -204.4352 453.0099 57.0505
v  -203.5308 453.0039 34.6352
v  -220.2033 437.3132 124.1862
v  -217.8599 442.2859 123.4715
v  -221.1363 437.3132 146.2203
v  -218.7741 442.2859 145.2393
v  -213.7522 447.6334 122.6246
v  -214.6392 447.6227 144.0759
v  -222.0334 437.3132 167.7750
v  -222.8770 437.3132 188.6105
v  -220.4801 442.2859 186.8998
v  -219.6533 442.2859 166.4713
v  -216.2946 447.5919 184.8642
v  -215.4923 447.6089 164.9231
v  -208.7151 452.8574 163.3826
v  -209.4840 452.7894 182.8369
v  -207.8974 452.9126 142.9191
v  -207.0472 452.9553 121.7828
v  -223.6491 437.3132 208.4872
v  -221.2369 442.2859 206.2569
v  -224.3439 437.3132 226.7308
v  -221.9180 442.2859 223.9684
v  -217.0290 447.5716 203.5972
v  -217.6900 447.5498 220.6685
v  -224.9555 437.3132 242.6672
v  -225.4780 437.3132 255.6222
v  -223.0298 442.2859 252.1582
v  -222.5176 442.2859 239.4602
v  -218.7690 447.5085 248.0114
v  -218.2719 447.5282 235.6244
v  -201.0010 456.7999 228.6055
v  -211.3794 452.5347 231.7946
v  -211.8559 452.4558 243.8694
v  -200.4746 457.0161 214.6346
v  -210.8216 452.6212 217.3757
v  -199.8765 457.2339 198.7390
v  -210.1880 452.7083 200.9455
v  -210.1404 421.0750 278.6996
v  -217.4345 421.0346 276.8420
v  -213.3398 421.7962 279.5093
v  -221.4129 421.7861 277.5009
v  -220.9528 420.9742 273.3074
v  -225.2916 421.7710 273.8745
v  -214.5445 422.9572 279.9295
v  -214.7132 424.6139 280.1146
v  -223.0865 424.6139 278.0357
v  -222.8949 422.9572 277.8621
v  -227.1046 424.6139 274.3498
v  -226.9020 422.9572 274.1926
v  -227.7532 424.6139 259.0549
v  -227.5495 422.9572 258.9469
v  -227.9816 422.9572 268.1459
v  -228.1869 424.6139 268.2813
v  -225.9030 421.7659 258.6617
v  -226.3309 421.7659 267.8429
v  -221.4586 420.9540 258.0803
v  -221.8774 420.9540 267.2712
v  -137.7165 420.9540 279.9929
v  -160.4613 420.9540 280.1253
v  -137.7755 421.7659 281.3767
v  -160.5671 421.7659 281.4098
v  -181.1666 420.9742 280.0997
v  -181.7310 421.7710 281.2490
v  -137.8043 422.9572 281.9970
v  -137.8049 424.6139 282.1935
v  -160.6772 424.6139 282.1935
v  -160.6400 422.9572 281.9970
v  -182.0751 424.6139 281.9856
v  -181.9920 422.9572 281.7902
v  -200.4352 422.9572 281.1700
v  -200.5649 424.6139 281.3619
v  -199.7172 421.7861 280.6871
v  -197.8887 421.0346 279.7050
v  -46.0200 420.9540 279.8605
v  -69.0039 420.9540 279.8605
v  -46.0273 421.7659 281.3436
v  -69.0128 421.7659 281.3436
v  -91.9639 420.9540 279.8737
v  -91.9790 421.7659 281.3469
v  -46.0221 422.9572 281.9970
v  -46.0080 424.6139 282.1935
v  -68.9829 424.6139 282.1935
v  -69.0043 422.9572 281.9970
v  -91.9475 424.6139 282.1935
v  -91.9718 422.9572 281.9970
v  -114.9100 422.9572 281.9970
v  -114.8916 424.6139 282.1935
v  -114.9064 421.7659 281.3568
v  -114.8761 420.9540 279.9135
v  45.9155 420.9540 279.8605
v  22.9316 420.9540 279.8605
v  45.9150 421.7659 281.3436
v  22.9294 421.7659 281.3436
v  -0.0523 420.9540 279.8605
v  -0.0561 421.7659 281.3436
v  45.9065 422.9572 281.9970
v  45.8913 424.6139 282.1935
v  22.9165 424.6139 282.1935
v  22.9243 422.9572 281.9970
v  -0.0584 424.6139 282.1935
v  -0.0578 422.9572 281.9970
v  -23.0400 422.9572 281.9970
v  -23.0332 424.6139 282.1935
v  -23.0417 421.7659 281.3436
v  -23.0361 420.9540 279.8605
v  137.6120 420.9540 279.9929
v  114.7716 420.9540 279.9134
v  137.6633 421.7659 281.3767
v  114.7941 421.7659 281.3568
v  91.8594 420.9540 279.8737
v  91.8668 421.7659 281.3469
v  137.6886 422.9572 281.9970
v  137.6882 424.6139 282.1935
v  114.7749 424.6139 282.1935
v  114.7943 422.9572 281.9970
v  91.8308 424.6139 282.1935
v  91.8561 422.9572 281.9970
v  68.8886 422.9572 281.9970
v  68.8662 424.6139 282.1935
v  68.9006 421.7659 281.3436
v  68.8994 420.9540 279.8605
v  219.2752 420.9540 190.3481
v  219.9422 420.9540 210.5043
v  211.4138 420.4354 210.0756
v  223.6657 421.7659 190.4537
v  224.3480 421.7659 210.7368
v  220.5404 420.9540 228.9858
v  211.9862 420.4354 228.3094
v  224.9604 421.7659 229.3629
v  225.2885 422.9572 190.4849
v  225.4848 424.6139 190.4688
v  226.1750 424.6139 210.8366
v  225.9771 422.9572 210.8289
v  226.7952 424.6139 229.5671
v  226.5956 422.9572 229.5277
v  227.8063 424.6139 259.0549
v  227.6031 422.9572 258.9469
v  227.1392 422.9572 245.8206
v  227.3406 424.6139 245.8951
v  225.9574 421.7659 258.6617
v  225.4984 421.7659 245.5864
v  221.5137 420.9540 258.0803
v  212.4886 420.4354 244.1947
v  221.0657 420.9540 245.0814
v  210.0549 421.0750 278.6996
v  197.7918 421.0346 279.7050
v  213.2487 421.7962 279.5093
v  199.6134 421.7861 280.6871
v  181.0640 420.9742 280.0997
v  181.6208 421.7710 281.2490
v  214.4508 422.9572 279.9295
v  214.6185 424.6139 280.1146
v  200.4570 424.6139 281.3619
v  200.3283 422.9572 281.1700
v  181.9605 424.6139 281.9857
v  181.8785 422.9572 281.7902
v  160.5243 422.9572 281.9970
v  160.5605 424.6139 282.1935
v  160.4548 421.7659 281.4098
v  160.3568 420.9540 280.1253
v  -218.9010 420.9540 190.3481
v  -218.0653 420.9540 169.2282
v  -223.2916 421.7659 190.4537
v  -222.4395 421.7659 169.2594
v  -217.1743 420.9540 147.3855
v  -221.5316 421.7659 147.3816
v  -224.9143 422.9572 190.4849
v  -225.1105 424.6139 190.4688
v  -224.2509 424.6139 169.2293
v  -224.0558 422.9572 169.2563
v  -223.3357 424.6139 147.3358
v  -223.1415 422.9572 147.3645
v  -221.4129 424.6139 102.4592
v  -221.2197 422.9572 102.4751
v  -222.1899 422.9572 125.0303
v  -222.3835 424.6139 125.0065
v  -219.6224 421.7659 102.4870
v  -220.5863 421.7659 125.0482
v  -215.3001 420.9540 102.4956
v  -216.2464 420.9540 125.0610
v  216.1234 420.9540 102.4956
v  216.9516 420.9540 125.0610
v  220.4457 421.7659 102.4870
v  221.2916 421.7659 125.0482
v  217.7638 420.9540 147.3855
v  222.1212 421.7659 147.3816
v  222.0431 422.9572 102.4751
v  222.2364 424.6139 102.4592
v  223.0891 424.6139 125.0065
v  222.8953 422.9572 125.0303
v  223.9256 424.6139 147.3358
v  223.7312 422.9572 147.3645
v  224.5344 422.9572 169.2563
v  224.7296 424.6139 169.2293
v  222.9180 421.7659 169.2594
v  218.5437 420.9540 169.2282
v  -214.3538 420.9540 79.9301
v  -218.6585 421.7659 79.9258
v  -213.3943 420.9540 57.0505
v  -217.6811 421.7659 57.0505
v  -220.4422 424.6139 79.9119
v  -220.2494 422.9572 79.9199
v  -219.4580 424.6139 57.0505
v  -219.2657 422.9572 57.0505
v  -217.3949 424.6139 9.1281
v  -217.2036 422.9572 9.1122
v  -218.2549 422.9572 33.5526
v  -218.4467 424.6139 33.5606
v  -215.6325 421.7659 9.1003
v  -216.6769 421.7659 33.5467
v  -211.3831 420.9540 9.0918
v  -212.4084 420.9540 33.5424
v  212.6950 420.9540 9.0918
v  213.5925 420.9540 33.5424
v  216.9444 421.7659 9.1003
v  217.8610 421.7659 33.5467
v  214.4553 420.9540 57.0505
v  218.7422 421.7659 57.0505
v  218.5154 422.9572 9.1122
v  218.7066 424.6139 9.1281
v  219.6306 424.6139 33.5606
v  219.4389 422.9572 33.5526
v  220.5190 424.6139 57.0505
v  220.3268 422.9572 57.0505
v  221.1909 422.9572 79.9199
v  221.3837 424.6139 79.9119
v  219.5999 421.7659 79.9258
v  215.2951 420.9540 79.9301
v  -210.3050 420.9540 -16.6156
v  -214.5343 421.7659 -16.6029
v  -209.2190 420.9540 -42.5119
v  -213.4280 421.7659 -42.4981
v  -216.2889 424.6139 -16.5611
v  -216.0982 422.9572 -16.5850
v  -215.1744 424.6139 -42.4490
v  -214.9844 422.9572 -42.4776
v  -213.1020 424.6139 -90.5876
v  -212.9142 422.9572 -90.6036
v  -213.9079 422.9572 -67.5042
v  -214.0969 424.6139 -67.4772
v  -211.3726 421.7659 -90.6056
v  -212.3589 421.7659 -67.5205
v  -207.2024 420.9540 -90.5993
v  -208.1699 420.9540 -67.5291
v  209.0358 420.9540 -90.5993
v  209.8826 420.9540 -67.5291
v  213.2060 421.7659 -90.6056
v  214.0716 421.7659 -67.5205
v  210.8009 420.9540 -42.5119
v  215.0098 421.7659 -42.4980
v  214.7477 422.9572 -90.6036
v  214.9353 424.6139 -90.5876
v  215.8094 424.6139 -67.4772
v  215.6205 422.9572 -67.5042
v  216.7559 424.6139 -42.4489
v  216.5661 422.9572 -42.4776
v  217.5444 422.9572 -16.5850
v  217.7350 424.6139 -16.5611
v  215.9807 421.7659 -16.6029
v  211.7514 420.9540 -16.6156
v  -206.3613 420.9540 -110.6545
v  -210.5146 421.7659 -110.6884
v  -205.6382 420.9540 -127.8938
v  -209.7764 421.7659 -127.9631
v  -212.2352 424.6139 -110.7220
v  -212.0492 422.9572 -110.7143
v  -211.4886 424.6139 -128.0648
v  -211.3045 422.9572 -128.0253
v  -210.3241 424.6139 -155.1126
v  -210.1440 422.9572 -155.0046
v  -210.6721 422.9572 -142.7258
v  -210.8542 424.6139 -142.8002
v  -208.6270 421.7659 -154.8650
v  -209.1501 421.7659 -142.6240
v  -204.5131 420.9540 -154.7206
v  -205.0249 420.9540 -142.5162
v  -188.2025 420.7312 -180.2911
v  -191.9643 421.0750 -181.6072
v  -180.5426 421.0346 -183.7896
v  -179.5241 420.5824 -181.4305
v  -194.8235 421.7962 -182.6817
v  -182.1278 421.7861 -185.1071
v  -165.1054 420.9742 -184.8772
v  -164.8631 420.4722 -182.2731
v  -165.5284 421.7710 -186.3189
v  -195.8920 422.9572 -183.1902
v  -196.0327 424.6139 -183.3753
v  -182.8497 424.6139 -185.8938
v  -182.7445 422.9572 -185.7018
v  -165.7890 424.6139 -187.1530
v  -165.7258 422.9572 -186.9576
v  -125.1549 424.6139 -187.5727
v  -125.1645 422.9572 -187.3762
v  -146.1082 422.9572 -187.3762
v  -146.1308 424.6139 -187.5727
v  -125.1718 421.7659 -186.7228
v  -146.0801 421.7659 -186.7228
v  -125.1942 420.9540 -185.2397
v  -125.2488 420.4354 -182.5540
v  -146.1055 420.4354 -182.5540
v  -146.0710 420.9540 -185.2397
v  -104.2296 420.9540 -185.2397
v  -104.2909 420.4354 -182.5540
v  -104.1923 421.7659 -186.7228
v  -83.1991 420.9540 -185.2397
v  -83.2570 420.4354 -182.5540
v  -83.1594 421.7659 -186.7228
v  -104.1415 424.6139 -187.5727
v  -104.1670 422.9572 -187.3762
v  -83.0998 424.6139 -187.5727
v  -83.1292 422.9572 -187.3762
v  -40.9694 424.6139 -187.5727
v  -40.9864 422.9572 -187.3762
v  -62.0645 422.9572 -187.3762
v  -62.0393 424.6139 -187.5727
v  -41.0045 421.7659 -186.7228
v  -62.0909 421.7659 -186.7228
v  -41.0284 420.9540 -185.2397
v  -41.0625 420.4354 -182.5540
v  -62.1724 420.4354 -182.5540
v  -62.1248 420.9540 -185.2397
v  -19.9321 420.9540 -185.2397
v  -19.9527 420.4354 -182.5540
v  -19.9182 421.7659 -186.7228
v  1.1642 420.9540 -185.2397
v  1.1572 420.4354 -182.5540
v  1.1681 421.7659 -186.7228
v  -19.8995 424.6139 -187.5727
v  -19.9083 422.9572 -187.3762
v  1.1703 424.6139 -187.5727
v  1.1698 422.9572 -187.3762
v  43.3101 424.6139 -187.5727
v  43.3260 422.9572 -187.3762
v  22.2479 422.9572 -187.3762
v  22.2402 424.6139 -187.5727
v  43.3408 421.7659 -186.7228
v  22.2545 421.7659 -186.7228
v  43.3569 420.9540 -185.2397
v  43.3770 420.4354 -182.5540
v  22.2671 420.4354 -182.5540
v  22.2606 420.9540 -185.2397
v  64.4532 420.9540 -185.2397
v  64.4869 420.4354 -182.5540
v  64.4271 421.7659 -186.7228
v  85.5276 420.9540 -185.2397
v  85.5714 420.4354 -182.5540
v  85.4957 421.7659 -186.7228
v  64.3800 424.6139 -187.5727
v  64.4042 422.9572 -187.3762
v  85.4405 424.6139 -187.5727
v  85.4688 422.9572 -187.3762
v  127.4956 424.6139 -187.5727
v  127.5041 422.9572 -187.3762
v  106.5066 422.9572 -187.3762
v  106.4821 424.6139 -187.5727
v  127.5081 421.7659 -186.7228
v  106.5286 421.7659 -186.7228
v  127.5227 420.9540 -185.2397
v  127.5633 420.4354 -182.5540
v  106.6054 420.4354 -182.5540
v  106.5581 420.9540 -185.2397
v  148.3995 420.9540 -185.2397
v  148.4199 420.4354 -182.5540
v  148.4164 421.7659 -186.7228
v  167.4319 420.9742 -184.8772
v  167.1761 420.4722 -182.2732
v  167.8625 421.7710 -186.3189
v  148.4714 424.6139 -187.5727
v  148.4479 422.9572 -187.3762
v  168.1275 424.6139 -187.1530
v  168.0632 422.9572 -186.9576
v  198.3514 424.6139 -183.3753
v  198.2098 422.9572 -183.1902
v  185.0754 422.9572 -185.7018
v  185.1815 424.6139 -185.8937
v  197.1386 421.7962 -182.6818
v  184.4555 421.7861 -185.1071
v  194.2737 421.0750 -181.6073
v  190.5050 420.7312 -180.2911
v  181.8326 420.5824 -181.4305
v  182.8635 421.0346 -183.7896
v  201.2421 421.0346 -177.9606
v  194.2804 420.5824 -177.4826
v  204.8546 421.7861 -178.6372
v  204.8841 420.9742 -172.4576
v  197.1840 420.4722 -172.2169
v  208.8625 421.7710 -172.7709
v  206.3549 424.6139 -179.1779
v  206.1916 422.9572 -179.0043
v  210.5049 424.6139 -173.1616
v  210.3302 422.9572 -173.0044
v  212.4950 424.6139 -155.1127
v  212.3143 422.9572 -155.0046
v  211.9347 422.9572 -165.0510
v  212.1140 424.6139 -165.1865
v  210.7966 421.7659 -154.8650
v  210.4211 421.7659 -164.8804
v  206.6819 420.9540 -154.7206
v  198.3595 420.4354 -164.5590
v  206.3153 420.9540 -164.7060
v  -214.8043 426.8218 280.2189
v  -223.1939 426.8218 278.1319
v  -214.6074 429.6371 280.0019
v  -222.9992 429.6371 277.8806
v  -227.2197 426.8218 274.4343
v  -227.0261 429.6371 274.1451
v  -213.9126 433.1155 279.2229
v  -220.8320 437.3132 275.2560
v  -222.2845 433.1155 277.0120
v  -224.8271 437.3132 271.2413
v  -226.3023 433.1155 273.1811
v  -226.9530 433.1155 257.7160
v  -227.3854 433.1155 266.9943
v  -225.9054 437.3132 264.9218
v  -227.6763 429.6371 258.7674
v  -228.1109 429.6371 268.0292
v  -227.8693 426.8218 259.1044
v  -228.3040 426.8218 268.3504
v  -137.7796 426.8218 282.3060
v  -160.6762 426.8218 282.3060
v  -137.5905 429.6371 282.1231
v  -160.4770 429.6371 282.1231
v  -182.1056 426.8218 282.0973
v  -181.9037 429.6371 281.9110
v  -137.0996 433.1155 281.4337
v  -159.9198 433.1155 281.4337
v  -181.2893 433.1155 281.2126
v  -199.7672 433.1155 280.5494
v  -200.4281 429.6371 281.2747
v  -200.6282 426.8218 281.4712
v  -45.9884 426.8218 282.3060
v  -68.9533 426.8218 282.3060
v  -45.9165 429.6371 282.1231
v  -68.8457 429.6371 282.1231
v  -91.9114 426.8218 282.3060
v  -91.7706 429.6371 282.1231
v  -45.7456 433.1155 281.4337
v  -68.5902 433.1155 281.4337
v  -91.4324 433.1155 281.4337
v  -114.2696 433.1155 281.4337
v  -114.6870 429.6371 282.1231
v  -114.8558 426.8218 282.3060
v  45.8711 426.8218 282.3060
v  22.9062 426.8218 282.3060
v  45.8002 429.6371 282.1231
v  22.8710 429.6371 282.1231
v  -0.0587 426.8218 282.3060
v  -0.0582 429.6371 282.1231
v  45.6328 433.1155 281.4337
v  22.7882 433.1155 281.4337
v  -0.0564 433.1155 281.4337
v  -22.9010 433.1155 281.4337
v  -22.9874 429.6371 282.1231
v  -23.0235 426.8218 282.3060
v  137.6623 426.8218 282.3060
v  114.7385 426.8218 282.3060
v  137.4742 429.6371 282.1231
v  114.5706 429.6371 282.1231
v  91.7941 426.8218 282.3060
v  91.6543 429.6371 282.1231
v  136.9869 433.1155 281.4337
v  114.1569 433.1155 281.4337
v  91.3196 433.1155 281.4337
v  68.4774 433.1155 281.4337
v  68.7294 429.6371 282.1231
v  68.8360 426.8218 282.3060
v  225.5961 426.8218 190.4329
v  226.2872 426.8218 210.8159
v  225.4064 429.6371 190.2176
v  226.0966 429.6371 210.5571
v  226.9087 426.8218 229.5681
v  226.7174 429.6371 229.2697
v  224.6994 433.1155 189.6633
v  223.9367 437.3132 208.4872
v  225.3855 433.1155 209.8507
v  224.5463 437.3132 226.7308
v  226.0028 433.1155 228.4109
v  227.0101 433.1155 257.7160
v  226.5460 433.1155 244.6104
v  225.0830 437.3132 242.6672
v  227.7302 429.6371 258.7674
v  227.2636 429.6371 245.5937
v  227.9221 426.8218 259.1044
v  227.4553 426.8218 245.9206
v  214.7090 426.8218 280.2189
v  200.5197 426.8218 281.4712
v  214.5131 429.6371 280.0019
v  200.3205 429.6371 281.2747
v  181.9905 426.8218 282.0973
v  181.7896 429.6371 281.9110
v  213.8218 433.1155 279.2229
v  199.6633 433.1155 280.5494
v  181.1788 433.1155 281.2126
v  159.8071 433.1155 281.4337
v  160.3606 429.6371 282.1231
v  160.5589 426.8218 282.3060
v  -225.2217 426.8218 190.4329
v  -224.3614 426.8218 169.1883
v  -225.0310 429.6371 190.2176
v  -224.1722 429.6371 169.0128
v  -223.4460 426.8218 147.2975
v  -223.2585 429.6371 147.1591
v  -224.3217 433.1155 189.6633
v  -223.4680 433.1155 168.5819
v  -222.5598 433.1155 146.8301
v  -220.6530 433.1155 102.2091
v  -221.6155 433.1155 124.6314
v  -221.3397 429.6371 102.3700
v  -222.3083 429.6371 124.8727
v  -221.5229 426.8218 102.4388
v  -222.4937 426.8218 124.9758
v  222.3466 426.8218 102.4388
v  223.1994 426.8218 124.9759
v  222.1637 429.6371 102.3700
v  223.0146 429.6371 124.8727
v  224.0360 426.8218 147.2975
v  223.8493 429.6371 147.1591
v  221.4778 433.1155 102.2091
v  222.3230 433.1155 124.6314
v  223.1523 433.1155 146.8301
v  223.9497 433.1155 168.5819
v  224.6519 429.6371 169.0128
v  224.8403 426.8218 169.1883
v  -220.5523 426.8218 79.9017
v  -220.3712 429.6371 79.8673
v  -219.5680 426.8218 57.0505
v  -219.3891 429.6371 57.0505
v  -219.6905 433.1155 79.7869
v  -218.7146 433.1155 57.0505
v  -216.6683 433.1155 9.3782
v  -217.7117 433.1155 33.6856
v  -217.3303 429.6371 9.2173
v  -218.3800 429.6371 33.6052
v  -217.5048 426.8218 9.1486
v  -218.5567 426.8218 33.5708
v  218.8164 426.8218 9.1486
v  219.7406 426.8218 33.5708
v  218.6416 429.6371 9.2173
v  219.5637 429.6371 33.6052
v  220.6291 426.8218 57.0505
v  220.4502 429.6371 57.0505
v  217.9787 433.1155 9.3782
v  218.8949 433.1155 33.6856
v  219.7756 433.1155 57.0505
v  220.6327 433.1155 79.7869
v  221.3129 429.6371 79.8673
v  221.4938 426.8218 79.9017
v  -216.3988 426.8218 -16.5305
v  -216.2266 429.6371 -16.4273
v  -215.2841 426.8218 -42.4106
v  -215.1141 429.6371 -42.2755
v  -215.5710 433.1155 -16.1860
v  -214.4648 433.1155 -41.9565
v  -212.4063 433.1155 -89.9144
v  -213.3949 433.1155 -66.8828
v  -213.0441 429.6371 -90.3694
v  -214.0381 429.6371 -67.2739
v  -213.2106 426.8218 -90.5517
v  -214.2062 426.8218 -67.4362
v  215.0438 426.8218 -90.5517
v  215.9185 426.8218 -67.4362
v  214.8762 429.6371 -90.3694
v  215.7495 429.6371 -67.2739
v  216.8654 426.8218 -42.4106
v  216.6947 429.6371 -42.2755
v  214.2361 433.1155 -89.9144
v  215.1042 433.1155 -66.8828
v  216.0437 433.1155 -41.9565
v  217.0151 433.1155 -16.1860
v  217.6720 429.6371 -16.4273
v  217.8447 426.8218 -16.5305
v  -212.3427 426.8218 -110.7013
v  -212.1772 429.6371 -110.5087
v  -211.5948 426.8218 -128.0657
v  -211.4300 429.6371 -127.8699
v  -210.2487 437.3132 -109.0346
v  -211.5441 433.1155 -110.0009
v  -209.5137 437.3132 -126.2545
v  -210.8007 433.1155 -127.3190
v  -209.6402 433.1155 -154.3563
v  -210.1686 433.1155 -142.0452
v  -208.8887 437.3132 -140.8964
v  -210.2635 429.6371 -154.9708
v  -210.7946 429.6371 -142.6312
v  -210.4278 426.8218 -155.1621
v  -210.9591 426.8218 -142.8258
v  -196.1084 426.8218 -183.4796
v  -182.8999 426.8218 -186.0030
v  -195.9408 429.6371 -183.2957
v  -182.7286 429.6371 -185.8197
v  -165.8097 426.8218 -187.2646
v  -165.6357 429.6371 -187.0817
v  -195.3521 433.1155 -182.6160
v  -182.1690 433.1155 -185.1342
v  -165.1152 433.1155 -186.3933
v  -124.5444 433.1155 -186.8130
v  -145.4779 433.1155 -186.8130
v  -124.9612 429.6371 -187.5024
v  -145.9505 429.6371 -187.5024
v  -125.1259 426.8218 -187.6852
v  -146.1231 426.8218 -187.6852
v  -104.1037 426.8218 -187.6852
v  -103.9563 429.6371 -187.5024
v  -83.0626 426.8218 -187.6852
v  -82.9396 429.6371 -187.5023
v  -103.6020 433.1155 -186.8130
v  -82.6529 433.1155 -186.8130
v  -40.7434 433.1155 -186.8130
v  -61.6992 433.1155 -186.8130
v  -40.8867 429.6371 -187.5024
v  -61.9151 429.6371 -187.5024
v  -40.9491 426.8218 -187.6852
v  -62.0090 426.8218 -187.6852
v  -19.8893 426.8218 -187.6852
v  -19.8583 429.6371 -187.5023
v  1.1706 426.8218 -187.6852
v  1.1701 429.6371 -187.5023
v  -19.7875 433.1155 -186.8129
v  1.1683 433.1155 -186.8130
v  43.0801 433.1155 -186.8130
v  22.1242 433.1155 -186.8129
v  43.2270 429.6371 -187.5023
v  22.1986 429.6371 -187.5023
v  43.2904 426.8218 -187.6852
v  22.2305 426.8218 -187.6852
v  64.3503 426.8218 -187.6852
v  64.2554 429.6371 -187.5023
v  85.4039 426.8218 -187.6852
v  85.2799 429.6371 -187.5023
v  64.0359 433.1155 -186.8129
v  84.9896 433.1155 -186.8130
v  126.8811 433.1155 -186.8130
v  105.9387 433.1155 -186.8129
v  127.3015 429.6371 -187.5023
v  106.2966 429.6371 -187.5023
v  127.4672 426.8218 -187.6852
v  106.4449 426.8218 -187.6852
v  148.4644 426.8218 -187.6852
v  148.2908 429.6371 -187.5023
v  168.1487 426.8218 -187.2646
v  167.9738 429.6371 -187.0817
v  147.8146 433.1155 -186.8129
v  167.4497 433.1155 -186.3932
v  197.6668 433.1155 -182.6160
v  184.4969 433.1155 -185.1342
v  198.2591 429.6371 -183.2957
v  185.0601 429.6371 -185.8197
v  198.4276 426.8218 -183.4796
v  185.2324 426.8218 -186.0029
v  206.4466 426.8218 -179.2740
v  206.2803 429.6371 -179.0890
v  210.6046 426.8218 -173.2461
v  210.4394 429.6371 -173.0595
v  204.4296 437.3132 -177.0602
v  205.6701 433.1155 -178.4190
v  208.5545 437.3132 -171.0793
v  209.8193 433.1155 -172.4033
v  211.8071 433.1155 -154.3563
v  211.4274 433.1155 -164.4291
v  210.1517 437.3132 -163.1511
v  212.4337 429.6371 -154.9708
v  212.0520 429.6371 -165.0668
v  212.5989 426.8218 -155.1621
v  212.2169 426.8218 -165.2555
v  -212.3691 420.4354 244.1947
v  -198.2947 420.1243 242.8152
v  -211.7921 420.4354 228.3094
v  -197.7542 420.1243 227.2468
v  -180.0668 419.9688 241.1987
v  -179.5729 419.9688 225.9972
v  -211.1346 420.4354 210.0756
v  -197.1382 420.1243 209.3946
v  -179.0099 419.9688 208.5907
v  -135.7025 419.9169 207.1311
v  -158.0859 419.9169 207.7932
v  -136.1396 419.9169 223.7336
v  -158.5880 419.9169 224.7597
v  -136.5230 419.9169 238.2764
v  -159.0285 419.9169 239.6005
v  -113.8935 419.9169 237.4820
v  -113.5674 419.9169 223.1179
v  -91.1710 419.9169 237.0848
v  -90.9025 419.9169 222.8100
v  -113.1957 419.9169 206.7339
v  -90.5965 419.9169 206.5353
v  -45.2438 419.9169 206.4691
v  -67.9355 419.9169 206.4691
v  -45.4181 419.9169 222.7074
v  -68.1758 419.9169 222.7074
v  -45.5710 419.9169 236.9524
v  -68.3865 419.9169 236.9524
v  -22.7555 419.9169 236.9524
v  -22.6604 419.9169 222.7074
v  0.0600 419.9169 236.9524
v  0.0972 419.9169 222.7074
v  -22.5520 419.9169 206.4691
v  0.1397 419.9169 206.4691
v  45.5232 419.9169 206.4691
v  22.8314 419.9169 206.4691
v  45.6126 419.9169 222.7074
v  22.8549 419.9169 222.7074
v  45.6910 419.9169 236.9524
v  22.8755 419.9169 236.9524
v  68.5064 419.9169 236.9524
v  68.3702 419.9169 222.7074
v  91.2909 419.9169 237.0848
v  91.0970 419.9169 222.8100
v  68.2149 419.9169 206.4691
v  90.8759 419.9169 206.5353
v  135.9819 419.9169 207.1311
v  113.4751 419.9169 206.7339
v  136.3340 419.9169 223.7336
v  113.7619 419.9169 223.1179
v  136.6429 419.9169 238.2764
v  114.0135 419.9169 237.4820
v  159.1484 419.9169 239.6005
v  158.7825 419.9169 224.7597
v  180.1867 419.9688 241.1987
v  179.7673 419.9688 225.9972
v  158.3653 419.9169 207.7931
v  179.2892 419.9688 208.5907
v  197.4175 420.1243 209.3946
v  197.9485 420.1243 227.2468
v  198.4145 420.1243 242.8152
v  -127.0517 464.1804 225.4164
v  -148.2421 463.2298 225.4164
v  -126.7098 465.4604 211.8935
v  -147.8490 464.2260 211.8935
v  -168.3512 461.8687 225.7354
v  -167.9091 462.5717 212.1676
v  -126.3214 466.7424 196.5325
v  -147.4026 465.2268 196.5325
v  -167.4069 463.2794 196.7532
v  -185.2571 460.6864 197.4151
v  -185.8106 460.2507 212.9899
v  -186.2979 459.8184 226.6921
v  -42.2905 466.6058 225.4164
v  -63.4808 466.2177 225.4164
v  -42.1529 468.5983 211.8935
v  -63.2922 468.0974 211.8935
v  -84.6711 465.6801 225.4164
v  -84.4314 467.4029 211.8935
v  -41.9967 470.5625 196.5325
v  -63.0779 469.9560 196.5325
v  -84.1591 469.1131 196.5325
v  -105.2402 468.0399 196.5325
v  -105.5706 466.5216 211.8935
v  -105.8614 464.9991 225.4164
v  42.4708 466.6058 225.4164
v  21.2805 466.8387 225.4164
v  42.4040 468.5983 211.8935
v  21.2648 468.8989 211.8935
v  0.0902 466.9163 225.4164
v  0.1255 468.9991 211.8935
v  42.3281 470.5625 196.5325
v  21.2469 470.9264 196.5325
v  0.1657 471.0477 196.5325
v  -20.9155 470.9264 196.5325
v  -21.0137 468.8989 211.8935
v  -21.1002 466.8387 225.4164
v  127.2320 464.1804 225.4164
v  106.0417 464.9991 225.4164
v  126.9609 465.4604 211.8935
v  105.8216 466.5216 211.8935
v  84.8514 465.6801 225.4164
v  84.6824 467.4029 211.8935
v  126.6528 466.7424 196.5325
v  105.5717 468.0399 196.5325
v  84.4905 469.1131 196.5325
v  63.4093 469.9560 196.5325
v  63.5432 468.0974 211.8935
v  63.6611 466.2177 225.4164
v  201.1715 456.7999 228.6055
v  186.4743 459.8184 226.6921
v  200.7166 457.0161 214.6346
v  186.0581 460.2507 212.9899
v  168.5305 461.8687 225.7354
v  168.1592 462.5717 212.1676
v  200.1998 457.2339 198.7390
v  185.5853 460.6864 197.4151
v  167.7374 463.2794 196.7532
v  147.7340 465.2268 196.5325
v  148.1001 464.2260 211.8935
v  148.4223 463.2298 225.4164
v  222.6549 442.2859 239.4602
v  222.1295 442.2859 223.9684
v  218.4210 447.5282 235.6244
v  217.9123 447.5498 220.6685
v  221.5327 442.2859 206.2569
v  217.3345 447.5716 203.5972
v  210.5033 452.7083 200.9455
v  211.0547 452.6212 217.3757
v  211.5401 452.5347 231.7946
v  -223.4489 442.2859 261.4882
v  -222.3789 442.2859 268.0248
v  -219.1758 447.4923 257.3758
v  -218.1726 447.4428 264.1580
v  -218.4239 442.2859 272.3427
v  -214.4401 447.3229 268.7983
v  -208.2609 451.7134 265.1494
v  -211.4228 452.1931 260.2675
v  -212.2458 452.3912 253.2673
v  -227.2231 424.6139 245.8951
v  -227.0213 422.9572 245.8206
v  -226.6023 424.6139 229.5671
v  -226.4024 422.9572 229.5277
v  -225.3799 421.7659 245.5864
v  -224.7669 421.7659 229.3629
v  -225.8962 424.6139 210.8366
v  -225.6983 422.9572 210.8289
v  -224.0691 421.7659 210.7368
v  -219.6631 420.9540 210.5043
v  -220.3466 420.9540 228.9858
v  -220.9467 420.9540 245.0814
v  228.1873 424.6139 268.2813
v  227.9828 422.9572 268.1459
v  227.0633 424.6139 274.3498
v  226.8615 422.9572 274.1926
v  226.3329 421.7659 267.8429
v  225.2523 421.7710 273.8745
v  223.0138 424.6139 278.0357
v  222.8230 422.9572 277.8621
v  221.3430 421.7861 277.5009
v  217.3681 421.0346 276.8420
v  220.9152 420.9742 273.3074
v  221.8803 420.9540 267.2712
v  -226.4245 433.1155 244.6104
v  -225.8059 433.1155 228.4109
v  -227.1452 429.6371 245.5937
v  -226.5234 429.6371 229.2697
v  -225.1030 433.1155 209.8507
v  -225.8167 429.6371 210.5571
v  -226.0084 426.8218 210.8159
v  -226.7157 426.8218 229.5681
v  -227.3379 426.8218 245.9206
v  227.3897 433.1155 266.9943
v  226.2650 433.1155 273.1811
v  228.1119 429.6371 268.0292
v  226.9853 429.6371 274.1451
v  222.2157 433.1155 277.0120
v  222.9269 429.6371 277.8806
v  223.1206 426.8218 278.1319
v  227.1779 426.8218 274.4343
v  228.3041 426.8218 268.3503
v  -196.1392 420.4354 -164.5590
v  -183.0760 420.1243 -164.4708
v  -194.9236 420.4722 -172.2169
v  -182.2912 420.1704 -172.2014
v  -166.1527 419.9688 -164.4267
v  -165.7634 420.0192 -172.2741
v  -191.9925 420.5824 -177.4826
v  -180.6071 420.3087 -177.7112
v  -165.2080 420.1704 -178.1475
v  -125.3529 420.1243 -178.2930
v  -146.2081 420.1243 -178.2930
v  -125.5090 419.9688 -172.2984
v  -146.3788 419.9688 -172.2984
v  -125.7195 419.9169 -164.4120
v  -146.6178 419.9169 -164.4120
v  -104.7060 419.9169 -164.4120
v  -104.5255 419.9688 -172.2984
v  -83.6062 419.9169 -164.4120
v  -83.4568 419.9688 -172.2984
v  -104.3884 420.1243 -178.2930
v  -83.3417 420.1243 -178.2930
v  -41.1115 420.1243 -178.2930
v  -62.2403 420.1243 -178.2930
v  -41.1774 419.9688 -172.2984
v  -62.3313 419.9688 -172.2984
v  -41.2626 419.9169 -164.4120
v  -62.4488 419.9169 -164.4120
v  -20.0764 419.9169 -164.4120
v  -20.0235 419.9688 -172.2984
v  1.1098 419.9169 -164.4120
v  1.1304 419.9688 -172.2984
v  -19.9827 420.1243 -178.2930
v  1.1461 420.1243 -178.2930
v  43.4036 420.1243 -178.2930
v  22.2749 420.1243 -178.2930
v  43.4382 419.9688 -172.2984
v  22.2843 419.9688 -172.2984
v  43.4822 419.9169 -164.4120
v  22.2960 419.9169 -164.4120
v  64.6683 419.9169 -164.4120
v  64.5921 419.9688 -172.2984
v  85.8257 419.9169 -164.4120
v  85.7176 419.9688 -172.2984
v  64.5324 420.1243 -178.2930
v  85.6338 420.1243 -178.2930
v  127.6451 420.1243 -178.2930
v  106.6805 420.1243 -178.2930
v  127.7698 419.9688 -172.2984
v  106.7863 419.9688 -172.2984
v  127.9390 419.9169 -164.4120
v  106.9256 419.9169 -164.4120
v  148.8374 419.9169 -164.4120
v  148.6396 419.9688 -172.2984
v  168.3724 419.9688 -164.4267
v  168.0241 420.0192 -172.2741
v  148.5002 420.1243 -178.2930
v  167.4994 420.1704 -178.1475
v  182.8961 420.3087 -177.7112
v  184.5514 420.1704 -172.2014
v  185.2958 420.1243 -164.4708
v  -117.5143 462.0486 -151.8022
v  -137.2794 461.5734 -151.8022
v  -117.4499 460.9057 -159.5188
v  -137.2077 460.5998 -159.5189
v  -156.0196 460.7011 -152.0120
v  -155.8153 459.9128 -159.6918
v  -117.6816 459.1825 -165.8637
v  -137.4808 459.0042 -165.8637
v  -155.7519 458.4822 -165.9077
v  -170.9671 457.2971 -166.0395
v  -172.1227 458.5063 -160.2109
v  -172.7097 459.1007 -152.6414
v  -38.4536 463.2614 -151.8022
v  -58.2187 463.0673 -151.8022
v  -38.4186 461.6864 -159.5188
v  -58.1765 461.5615 -159.5188
v  -77.9839 462.7985 -151.8022
v  -77.9343 461.3885 -159.5188
v  -38.4848 459.6372 -165.8637
v  -58.2840 459.5645 -165.8637
v  -78.0832 459.4637 -165.8637
v  -97.8824 459.3360 -165.8637
v  -97.6921 461.1693 -159.5188
v  -97.7491 462.4580 -151.8022
v  40.6071 463.2614 -151.8022
v  20.8420 463.3778 -151.8022
v  40.6126 461.6864 -159.5188
v  20.8548 461.7614 -159.5188
v  1.0768 463.4166 -151.8022
v  1.0970 461.7864 -159.5188
v  40.7119 459.6372 -165.8637
v  20.9127 459.6809 -165.8637
v  1.1136 459.6954 -165.8637
v  -18.6856 459.6809 -165.8637
v  -18.6608 461.7614 -159.5188
v  -18.6884 463.3778 -151.8022
v  119.6678 462.0486 -151.8022
v  99.9026 462.4580 -151.8022
v  119.6438 460.9058 -159.5188
v  99.8860 461.1693 -159.5188
v  80.1375 462.7985 -151.8022
v  80.1282 461.3885 -159.5188
v  119.9087 459.1825 -165.8637
v  100.1095 459.3360 -165.8637
v  80.3103 459.4637 -165.8637
v  60.5111 459.5645 -165.8637
v  60.3704 461.5615 -159.5188
v  60.3723 463.0673 -151.8022
v  188.4894 456.4411 -153.9002
v  174.8677 459.1007 -152.6414
v  187.4980 456.0448 -161.4002
v  174.3202 458.5063 -160.2108
v  158.1743 460.7011 -152.0120
v  158.0102 459.9128 -159.6918
v  185.0892 455.1429 -166.9083
v  173.1951 457.2971 -166.0395
v  157.9793 458.4822 -165.9076
v  139.7079 459.0042 -165.8637
v  139.4016 460.5998 -159.5188
v  139.4330 461.5734 -151.8022
v  208.0333 442.2859 -161.0415
v  206.4550 442.2859 -168.8889
v  204.2589 447.4923 -158.5180
v  202.7602 447.4428 -166.2510
v  202.3728 442.2859 -174.8089
v  198.8960 447.3229 -172.0488
v  193.3955 451.7134 -169.1633
v  196.7096 452.1931 -163.5841
v  198.0154 452.3912 -155.9984
v  -206.7628 442.2859 -139.0135
v  -207.3756 442.2859 -124.5184
v  -202.9741 447.5282 -136.7666
v  -203.5691 447.5498 -122.4498
v  -208.0965 442.2859 -107.4664
v  -204.2692 447.5716 -105.6012
v  -197.9483 452.7083 -103.7439
v  -197.2767 452.6212 -120.3884
v  -196.7063 452.5347 -134.5257
v  -209.8904 424.6139 -165.1864
v  -209.7118 422.9572 -165.0510
v  -208.2396 424.6139 -173.1616
v  -208.0657 422.9572 -173.0043
v  -208.1991 421.7659 -164.8804
v  -206.5993 421.7710 -172.7709
v  -204.0582 424.6139 -179.1779
v  -203.8958 422.9572 -179.0042
v  -202.5607 421.7861 -178.6372
v  -198.9517 421.0346 -177.9606
v  -202.6225 420.9742 -172.4576
v  -204.0943 420.9540 -164.7059
v  212.9606 424.6139 -142.8002
v  212.7782 422.9572 -142.7258
v  213.5179 424.6139 -128.0648
v  213.3337 422.9572 -128.0253
v  211.2556 421.7659 -142.6240
v  211.8053 421.7659 -127.9631
v  214.1739 424.6139 -110.7220
v  213.9878 422.9572 -110.7143
v  212.4530 421.7659 -110.6884
v  208.2996 420.9540 -110.6545
v  207.6667 420.9540 -127.8938
v  207.1299 420.9540 -142.5162
v  -209.2078 433.1155 -164.4291
v  -207.5580 433.1155 -172.4033
v  -209.8290 429.6371 -165.0668
v  -208.1746 429.6371 -173.0595
v  -203.3773 433.1155 -178.4190
v  -203.9840 429.6371 -179.0890
v  -204.1493 426.8218 -179.2740
v  -208.3389 426.8218 -173.2461
v  -209.9930 426.8218 -165.2555
v  212.2711 433.1155 -142.0452
v  212.8262 433.1155 -127.3189
v  212.9003 429.6371 -142.6312
v  213.4584 429.6371 -127.8699
v  213.4790 433.1155 -110.0009
v  214.1148 429.6371 -110.5087
v  214.2813 426.8218 -110.7012
v  213.6242 426.8218 -128.0657
v  213.0657 426.8218 -142.8257
# 2274 vertices

vt 1.1865 -0.4257 0.2938
vt 1.1994 -0.4204 0.2933
vt 1.1583 -0.4184 0.2924
vt 1.1553 -0.4268 0.2933
vt 1.2086 -0.4083 0.2929
vt 1.1630 -0.4047 0.2919
vt 1.1026 -0.4165 0.2919
vt 1.1024 -0.4270 0.2929
vt 1.1033 -0.4007 0.2914
vt 1.2109 -0.3878 0.2928
vt 1.2095 -0.3569 0.2928
vt 1.1625 -0.3518 0.2917
vt 1.1638 -0.3831 0.2917
vt 1.1016 -0.3459 0.2912
vt 1.1028 -0.3776 0.2912
vt 0.9562 -0.3352 0.2911
vt 0.9571 -0.3679 0.2911
vt 1.0324 -0.3723 0.2911
vt 1.0313 -0.3400 0.2911
vt 0.9578 -0.3932 0.2912
vt 1.0332 -0.3966 0.2912
vt 0.9583 -0.4119 0.2917
vt 0.9588 -0.4250 0.2928
vt 1.0344 -0.4261 0.2928
vt 1.0339 -0.4141 0.2917
vt 0.8824 -0.4106 0.2917
vt 0.8827 -0.4244 0.2928
vt 0.8819 -0.3911 0.2912
vt 0.8062 -0.4099 0.2917
vt 0.8064 -0.4240 0.2928
vt 0.8058 -0.3901 0.2912
vt 0.8806 -0.3323 0.2911
vt 0.8813 -0.3652 0.2911
vt 0.8047 -0.3308 0.2911
vt 0.8053 -0.3639 0.2911
vt 0.6523 -0.3303 0.2911
vt 0.6527 -0.3634 0.2911
vt 0.7290 -0.3634 0.2911
vt 0.7286 -0.3303 0.2911
vt 0.6530 -0.3897 0.2912
vt 0.7294 -0.3897 0.2912
vt 0.6532 -0.4097 0.2917
vt 0.6533 -0.4239 0.2928
vt 0.7299 -0.4239 0.2928
vt 0.7297 -0.4097 0.2917
vt 0.5766 -0.4097 0.2917
vt 0.5767 -0.4239 0.2928
vt 0.5765 -0.3897 0.2912
vt 0.5001 -0.4097 0.2917
vt 0.5002 -0.4239 0.2928
vt 0.5001 -0.3897 0.2912
vt 0.5761 -0.3303 0.2911
vt 0.5763 -0.3634 0.2911
vt 0.4999 -0.3303 0.2911
vt 0.5000 -0.3634 0.2911
vt 0.3475 -0.3303 0.2911
vt 0.3473 -0.3634 0.2911
vt 0.4236 -0.3634 0.2911
vt 0.4237 -0.3303 0.2911
vt 0.3471 -0.3897 0.2912
vt 0.4236 -0.3897 0.2912
vt 0.3470 -0.4097 0.2917
vt 0.3470 -0.4239 0.2928
vt 0.4236 -0.4239 0.2928
vt 0.4236 -0.4097 0.2917
vt 0.2705 -0.4097 0.2917
vt 0.2704 -0.4239 0.2928
vt 0.2707 -0.3897 0.2912
vt 0.1941 -0.4099 0.2917
vt 0.1939 -0.4240 0.2928
vt 0.1943 -0.3901 0.2912
vt 0.2713 -0.3303 0.2911
vt 0.2709 -0.3634 0.2911
vt 0.1951 -0.3308 0.2911
vt 0.1947 -0.3639 0.2911
vt 0.0436 -0.3352 0.2911
vt 0.0429 -0.3679 0.2911
vt 0.1187 -0.3652 0.2911
vt 0.1192 -0.3323 0.2911
vt 0.0424 -0.3932 0.2912
vt 0.1182 -0.3911 0.2912
vt 0.0419 -0.4119 0.2917
vt 0.0416 -0.4250 0.2928
vt 0.1176 -0.4244 0.2928
vt 0.1178 -0.4106 0.2917
vt -0.0336 -0.4141 0.2917
vt -0.0341 -0.4261 0.2928
vt -0.0331 -0.3966 0.2912
vt -0.1024 -0.4165 0.2919
vt -0.1021 -0.4270 0.2929
vt -0.1031 -0.4007 0.2914
vt -0.0315 -0.3400 0.2911
vt -0.0324 -0.3723 0.2911
vt -0.1018 -0.3459 0.2912
vt -0.1028 -0.3776 0.2912
vt -0.2097 -0.3569 0.2928
vt -0.2109 -0.3878 0.2928
vt -0.1638 -0.3831 0.2917
vt -0.1627 -0.3518 0.2917
vt -0.2085 -0.4083 0.2929
vt -0.1628 -0.4047 0.2919
vt -0.1992 -0.4204 0.2933
vt -0.1862 -0.4257 0.2938
vt -0.1550 -0.4268 0.2933
vt -0.1581 -0.4184 0.2924
vt 1.2013 -0.1338 0.2928
vt 1.1987 -0.0638 0.2928
vt 1.1523 -0.0634 0.2917
vt 1.1548 -0.1327 0.2917
vt 1.1958 0.0088 0.2928
vt 1.1496 0.0088 0.2917
vt 1.0923 -0.0629 0.2912
vt 1.0946 -0.1313 0.2912
vt 1.0899 0.0090 0.2912
vt 1.1928 0.0831 0.2928
vt 1.1898 0.1583 0.2928
vt 1.1440 0.1583 0.2917
vt 1.1468 0.0831 0.2917
vt 1.0847 0.1583 0.2912
vt 1.0873 0.0831 0.2912
vt 0.9430 0.1583 0.2911
vt 0.9450 0.0831 0.2911
vt 1.0186 0.0831 0.2911
vt 1.0162 0.1583 0.2911
vt 0.9470 0.0092 0.2911
vt 1.0208 0.0091 0.2911
vt 0.9489 -0.0619 0.2911
vt 0.9507 -0.1289 0.2911
vt 1.0251 -0.1300 0.2911
vt 1.0230 -0.0624 0.2911
vt 0.8744 -0.0616 0.2911
vt 0.8759 -0.1283 0.2911
vt 0.8728 0.0093 0.2911
vt 0.7996 -0.0615 0.2911
vt 0.8008 -0.1279 0.2911
vt 0.7983 0.0093 0.2911
vt 0.8694 0.1583 0.2911
vt 0.8711 0.0831 0.2911
vt 0.7955 0.1583 0.2911
vt 0.7969 0.0831 0.2911
vt 0.6471 0.1583 0.2911
vt 0.6479 0.0831 0.2911
vt 0.7224 0.0831 0.2911
vt 0.7213 0.1583 0.2911
vt 0.6487 0.0093 0.2911
vt 0.7235 0.0093 0.2911
vt 0.6495 -0.0615 0.2911
vt 0.6502 -0.1278 0.2911
vt 0.7256 -0.1278 0.2911
vt 0.7246 -0.0615 0.2911
vt 0.5743 -0.0615 0.2911
vt 0.5748 -0.1278 0.2911
vt 0.5739 0.0093 0.2911
vt 0.4992 -0.0615 0.2911
vt 0.4994 -0.1278 0.2911
vt 0.4990 0.0093 0.2911
vt 0.5729 0.1583 0.2911
vt 0.5734 0.0831 0.2911
vt 0.4986 0.1583 0.2911
vt 0.4988 0.0831 0.2911
vt 0.3502 0.1583 0.2911
vt 0.3497 0.0831 0.2911
vt 0.4243 0.0831 0.2911
vt 0.4244 0.1583 0.2911
vt 0.3493 0.0093 0.2911
vt 0.4242 0.0093 0.2911
vt 0.3490 -0.0615 0.2911
vt 0.3486 -0.1278 0.2911
vt 0.4240 -0.1278 0.2911
vt 0.4241 -0.0615 0.2911
vt 0.2738 -0.0615 0.2911
vt 0.2732 -0.1278 0.2911
vt 0.2745 0.0093 0.2911
vt 0.1988 -0.0615 0.2911
vt 0.1979 -0.1279 0.2911
vt 0.1998 0.0093 0.2911
vt 0.2759 0.1583 0.2911
vt 0.2752 0.0831 0.2911
vt 0.2018 0.1583 0.2911
vt 0.2008 0.0831 0.2911
vt 0.0542 0.1583 0.2911
vt 0.0526 0.0831 0.2911
vt 0.1265 0.0831 0.2911
vt 0.1279 0.1583 0.2911
vt 0.0510 0.0092 0.2911
vt 0.1252 0.0093 0.2911
vt 0.0495 -0.0619 0.2911
vt 0.0480 -0.1289 0.2911
vt 0.1228 -0.1283 0.2911
vt 0.1240 -0.0616 0.2911
vt -0.0246 -0.0624 0.2911
vt -0.0263 -0.1300 0.2911
vt -0.0228 0.0091 0.2911
vt -0.0939 -0.0629 0.2912
vt -0.0959 -0.1313 0.2912
vt -0.0918 0.0090 0.2912
vt -0.0190 0.1583 0.2911
vt -0.0209 0.0831 0.2911
vt -0.0874 0.1583 0.2912
vt -0.0896 0.0831 0.2912
vt -0.1925 0.1583 0.2928
vt -0.1952 0.0831 0.2928
vt -0.1492 0.0831 0.2917
vt -0.1467 0.1583 0.2917
vt -0.1978 0.0088 0.2928
vt -0.1516 0.0088 0.2917
vt -0.2002 -0.0638 0.2928
vt -0.2026 -0.1338 0.2928
vt -0.1561 -0.1327 0.2917
vt -0.1539 -0.0634 0.2917
vt 1.1867 0.2336 0.2928
vt 1.1411 0.2336 0.2917
vt 1.1837 0.3098 0.2928
vt 1.1382 0.3098 0.2917
vt 1.0821 0.2335 0.2912
vt 1.0794 0.3098 0.2912
vt 1.1805 0.3882 0.2928
vt 1.1772 0.4697 0.2928
vt 1.1322 0.4697 0.2917
vt 1.1353 0.3882 0.2917
vt 1.0739 0.4697 0.2912
vt 1.0767 0.3882 0.2912
vt 0.9346 0.4697 0.2911
vt 0.9368 0.3882 0.2911
vt 1.0091 0.3882 0.2911
vt 1.0066 0.4697 0.2911
vt 0.9389 0.3098 0.2911
vt 1.0116 0.3098 0.2911
vt 0.9410 0.2335 0.2911
vt 1.0139 0.2335 0.2911
vt 0.8677 0.2335 0.2911
vt 0.8659 0.3098 0.2911
vt 0.7940 0.2335 0.2911
vt 0.7926 0.3098 0.2911
vt 0.8623 0.4697 0.2911
vt 0.8641 0.3882 0.2911
vt 0.7896 0.4697 0.2911
vt 0.7911 0.3882 0.2911
vt 0.6437 0.4697 0.2911
vt 0.6446 0.3882 0.2911
vt 0.7179 0.3882 0.2911
vt 0.7167 0.4697 0.2911
vt 0.6455 0.3098 0.2911
vt 0.7191 0.3098 0.2911
vt 0.6463 0.2335 0.2911
vt 0.7202 0.2335 0.2911
vt 0.5724 0.2335 0.2911
vt 0.5718 0.3098 0.2911
vt 0.4984 0.2335 0.2911
vt 0.4982 0.3098 0.2911
vt 0.5708 0.4697 0.2911
vt 0.5713 0.3882 0.2911
vt 0.4978 0.4697 0.2911
vt 0.4980 0.3882 0.2911
vt 0.3519 0.4697 0.2911
vt 0.3514 0.3882 0.2911
vt 0.4247 0.3882 0.2911
vt 0.4248 0.4697 0.2911
vt 0.3510 0.3098 0.2911
vt 0.4246 0.3098 0.2911
vt 0.3506 0.2335 0.2911
vt 0.4245 0.2335 0.2911
vt 0.2767 0.2335 0.2911
vt 0.2774 0.3098 0.2911
vt 0.2028 0.2335 0.2911
vt 0.2039 0.3098 0.2911
vt 0.2789 0.4697 0.2911
vt 0.2781 0.3882 0.2911
vt 0.2060 0.4697 0.2911
vt 0.2049 0.3882 0.2911
vt 0.0610 0.4697 0.2911
vt 0.0592 0.3882 0.2911
vt 0.1319 0.3882 0.2911
vt 0.1334 0.4697 0.2911
vt 0.0575 0.3098 0.2911
vt 0.1305 0.3098 0.2911
vt 0.0559 0.2335 0.2911
vt 0.1292 0.2335 0.2911
vt -0.0170 0.2335 0.2911
vt -0.0151 0.3098 0.2911
vt -0.0852 0.2335 0.2912
vt -0.0830 0.3098 0.2912
vt -0.0110 0.4697 0.2911
vt -0.0131 0.3882 0.2911
vt -0.0783 0.4697 0.2912
vt -0.0807 0.3882 0.2912
vt -0.1816 0.4697 0.2928
vt -0.1844 0.3882 0.2928
vt -0.1392 0.3882 0.2917
vt -0.1366 0.4697 0.2917
vt -0.1872 0.3098 0.2928
vt -0.1418 0.3098 0.2917
vt -0.1899 0.2336 0.2928
vt -0.1443 0.2336 0.2917
vt 1.1737 0.5554 0.2928
vt 1.1289 0.5554 0.2917
vt 1.1702 0.6417 0.2928
vt 1.1257 0.6418 0.2917
vt 1.0709 0.5554 0.2912
vt 1.0679 0.6418 0.2912
vt 1.1669 0.7251 0.2928
vt 1.1638 0.8020 0.2928
vt 1.1196 0.8020 0.2917
vt 1.1225 0.7251 0.2917
vt 1.0624 0.8019 0.2912
vt 1.0650 0.7251 0.2912
vt 0.9257 0.8019 0.2911
vt 0.9278 0.7251 0.2911
vt 0.9987 0.7251 0.2911
vt 0.9963 0.8019 0.2911
vt 0.9300 0.6418 0.2911
vt 1.0013 0.6418 0.2911
vt 0.9323 0.5554 0.2911
vt 1.0040 0.5554 0.2911
vt 0.8603 0.5554 0.2911
vt 0.8583 0.6418 0.2911
vt 0.7880 0.5554 0.2911
vt 0.7863 0.6418 0.2911
vt 0.8547 0.8019 0.2911
vt 0.8564 0.7251 0.2911
vt 0.7833 0.8019 0.2911
vt 0.7848 0.7251 0.2911
vt 0.6402 0.8019 0.2911
vt 0.6410 0.7251 0.2911
vt 0.7129 0.7251 0.2911
vt 0.7118 0.8019 0.2911
vt 0.6419 0.6418 0.2911
vt 0.7142 0.6418 0.2911
vt 0.6428 0.5554 0.2911
vt 0.7155 0.5554 0.2911
vt 0.5702 0.5554 0.2911
vt 0.5696 0.6418 0.2911
vt 0.4976 0.5554 0.2911
vt 0.4974 0.6418 0.2911
vt 0.5686 0.8019 0.2911
vt 0.5691 0.7251 0.2911
vt 0.4969 0.8019 0.2911
vt 0.4971 0.7251 0.2911
vt 0.3537 0.8019 0.2911
vt 0.3533 0.7251 0.2911
vt 0.4252 0.7251 0.2911
vt 0.4253 0.8019 0.2911
vt 0.3528 0.6418 0.2911
vt 0.4251 0.6418 0.2911
vt 0.3523 0.5554 0.2911
vt 0.4250 0.5554 0.2911
vt 0.2797 0.5554 0.2911
vt 0.2806 0.6418 0.2911
vt 0.2072 0.5554 0.2911
vt 0.2084 0.6418 0.2911
vt 0.2821 0.8019 0.2911
vt 0.2814 0.7251 0.2911
vt 0.2106 0.8019 0.2911
vt 0.2095 0.7251 0.2911
vt 0.0682 0.8019 0.2911
vt 0.0665 0.7251 0.2911
vt 0.1379 0.7251 0.2911
vt 0.1392 0.8019 0.2911
vt 0.0647 0.6418 0.2911
vt 0.1364 0.6418 0.2911
vt 0.0629 0.5554 0.2911
vt 0.1349 0.5554 0.2911
vt -0.0088 0.5554 0.2911
vt -0.0066 0.6418 0.2911
vt -0.0757 0.5554 0.2912
vt -0.0732 0.6418 0.2912
vt -0.0024 0.8019 0.2911
vt -0.0044 0.7251 0.2911
vt -0.0685 0.8019 0.2912
vt -0.0707 0.7251 0.2912
vt -0.1699 0.8020 0.2928
vt -0.1726 0.7251 0.2928
vt -0.1282 0.7251 0.2917
vt -0.1257 0.8020 0.2917
vt -0.1755 0.6417 0.2928
vt -0.1309 0.6418 0.2917
vt -0.1785 0.5554 0.2928
vt -0.1338 0.5554 0.2917
vt 1.1611 0.8687 0.2928
vt 1.1171 0.8687 0.2917
vt 1.1587 0.9261 0.2928
vt 1.1149 0.9260 0.2917
vt 1.0601 0.8686 0.2912
vt 1.0581 0.9259 0.2912
vt 1.1568 0.9747 0.2928
vt 1.1551 1.0153 0.2928
vt 1.1115 1.0151 0.2917
vt 1.1130 0.9746 0.2917
vt 1.0550 1.0150 0.2912
vt 1.0564 0.9745 0.2912
vt 0.9200 1.0149 0.2911
vt 0.9210 0.9744 0.2911
vt 0.9910 0.9744 0.2911
vt 0.9898 1.0149 0.2911
vt 0.9224 0.9259 0.2911
vt 0.9925 0.9259 0.2911
vt 0.9239 0.8686 0.2911
vt 0.9943 0.8686 0.2911
vt 0.8531 0.8686 0.2911
vt 0.8518 0.9259 0.2911
vt 0.7821 0.8686 0.2911
vt 0.7810 0.9259 0.2911
vt 0.8498 1.0149 0.2911
vt 0.8507 0.9744 0.2911
vt 0.7793 1.0149 0.2911
vt 0.7801 0.9744 0.2911
vt 0.6379 1.0149 0.2911
vt 0.6383 0.9744 0.2911
vt 0.7093 0.9744 0.2911
vt 0.7087 1.0149 0.2911
vt 0.6389 0.9259 0.2911
vt 0.7100 0.9259 0.2911
vt 0.6395 0.8686 0.2911
vt 0.7108 0.8686 0.2911
vt 0.5681 0.8686 0.2911
vt 0.5677 0.9259 0.2911
vt 0.4968 0.8686 0.2911
vt 0.4966 0.9259 0.2911
vt 0.5671 1.0149 0.2911
vt 0.5674 0.9744 0.2911
vt 0.4964 1.0149 0.2911
vt 0.4965 0.9744 0.2911
vt 0.3549 1.0149 0.2911
vt 0.3547 0.9744 0.2911
vt 0.4256 0.9744 0.2911
vt 0.4256 1.0149 0.2911
vt 0.3544 0.9259 0.2911
vt 0.4255 0.9259 0.2911
vt 0.3541 0.8686 0.2911
vt 0.4254 0.8686 0.2911
vt 0.2827 0.8686 0.2911
vt 0.2833 0.9259 0.2911
vt 0.2115 0.8686 0.2911
vt 0.2123 0.9259 0.2911
vt 0.2841 1.0149 0.2911
vt 0.2837 0.9744 0.2911
vt 0.2135 1.0149 0.2911
vt 0.2129 0.9744 0.2911
vt 0.0728 1.0149 0.2911
vt 0.0719 0.9744 0.2911
vt 0.1423 0.9744 0.2911
vt 0.1430 1.0149 0.2911
vt 0.0709 0.9259 0.2911
vt 0.1414 0.9259 0.2911
vt 0.0696 0.8686 0.2911
vt 0.1404 0.8686 0.2911
vt -0.0007 0.8686 0.2911
vt 0.0007 0.9259 0.2911
vt -0.0665 0.8686 0.2912
vt -0.0648 0.9259 0.2912
vt 0.0030 1.0149 0.2911
vt 0.0020 0.9744 0.2911
vt -0.0622 1.0150 0.2912
vt -0.0634 0.9745 0.2912
vt -0.1624 1.0153 0.2928
vt -0.1638 0.9747 0.2928
vt -0.1201 0.9746 0.2917
vt -0.1187 1.0151 0.2917
vt -0.1655 0.9261 0.2928
vt -0.1216 0.9260 0.2917
vt -0.1675 0.8687 0.2928
vt -0.1235 0.8687 0.2917
vt -0.1532 -0.3846 0.4047
vt -0.1212 -0.3853 0.4085
vt -0.1205 -0.3699 0.4157
vt -0.1637 -0.3742 0.4085
vt -0.0690 -0.3859 0.4114
vt -0.0656 -0.3687 0.4196
vt -0.1233 -0.3508 0.4197
vt -0.1710 -0.3569 0.4115
vt -0.0645 -0.3481 0.4244
vt -0.0036 -0.3861 0.4126
vt 0.0683 -0.3861 0.4129
vt 0.0716 -0.3683 0.4219
vt 0.0002 -0.3683 0.4213
vt 0.0736 -0.3471 0.4277
vt 0.0025 -0.3471 0.4267
vt 0.0755 -0.2899 0.4347
vt 0.0047 -0.2899 0.4324
vt 0.0038 -0.3214 0.4299
vt 0.0747 -0.3214 0.4315
vt -0.0624 -0.2910 0.4288
vt -0.0635 -0.3226 0.4270
vt -0.1224 -0.2945 0.4227
vt -0.1715 -0.3014 0.4133
vt -0.1727 -0.3328 0.4128
vt -0.1235 -0.3260 0.4217
vt 0.1403 -0.3861 0.4132
vt 0.1430 -0.3683 0.4225
vt 0.2122 -0.3861 0.4134
vt 0.2144 -0.3683 0.4229
vt 0.1447 -0.3471 0.4286
vt 0.2157 -0.3471 0.4293
vt 0.2841 -0.3861 0.4136
vt 0.3561 -0.3861 0.4137
vt 0.3572 -0.3683 0.4235
vt 0.2858 -0.3683 0.4232
vt 0.3579 -0.3471 0.4303
vt 0.2868 -0.3471 0.4299
vt 0.3586 -0.2899 0.4406
vt 0.2879 -0.2899 0.4396
vt 0.2874 -0.3214 0.4349
vt 0.3583 -0.3214 0.4355
vt 0.2171 -0.2899 0.4383
vt 0.2165 -0.3214 0.4340
vt 0.1463 -0.2899 0.4367
vt 0.1456 -0.3214 0.4329
vt 0.4280 -0.3861 0.4138
vt 0.4286 -0.3683 0.4236
vt 0.4999 -0.3861 0.4138
vt 0.5000 -0.3683 0.4237
vt 0.4290 -0.3471 0.4305
vt 0.5000 -0.3471 0.4306
vt 0.5719 -0.3861 0.4138
vt 0.6438 -0.3861 0.4137
vt 0.6428 -0.3683 0.4235
vt 0.5714 -0.3683 0.4236
vt 0.6422 -0.3471 0.4303
vt 0.5711 -0.3471 0.4305
vt 0.6418 -0.2899 0.4406
vt 0.5710 -0.2899 0.4411
vt 0.5710 -0.3214 0.4359
vt 0.6419 -0.3214 0.4355
vt 0.5002 -0.2899 0.4413
vt 0.5001 -0.3214 0.4361
vt 0.4294 -0.2899 0.4411
vt 0.4292 -0.3214 0.4359
vt 0.7158 -0.3861 0.4136
vt 0.7142 -0.3683 0.4232
vt 0.7877 -0.3861 0.4134
vt 0.7856 -0.3683 0.4229
vt 0.7133 -0.3471 0.4299
vt 0.7844 -0.3471 0.4293
vt 0.8596 -0.3861 0.4132
vt 0.9316 -0.3861 0.4129
vt 0.9284 -0.3683 0.4219
vt 0.8570 -0.3683 0.4225
vt 0.9265 -0.3471 0.4277
vt 0.8554 -0.3471 0.4286
vt 0.9249 -0.2899 0.4347
vt 0.8541 -0.2899 0.4367
vt 0.8546 -0.3214 0.4329
vt 0.9255 -0.3214 0.4315
vt 0.7833 -0.2899 0.4383
vt 0.7837 -0.3214 0.4340
vt 0.7125 -0.2899 0.4396
vt 0.7128 -0.3214 0.4349
vt 1.0035 -0.3861 0.4126
vt 0.9997 -0.3683 0.4213
vt 1.0689 -0.3859 0.4114
vt 1.0656 -0.3687 0.4196
vt 0.9976 -0.3471 0.4267
vt 1.0646 -0.3481 0.4244
vt 1.1211 -0.3853 0.4085
vt 1.1531 -0.3846 0.4047
vt 1.1636 -0.3742 0.4085
vt 1.1205 -0.3699 0.4157
vt 1.1711 -0.3569 0.4115
vt 1.1234 -0.3508 0.4197
vt 1.1719 -0.3014 0.4133
vt 1.1228 -0.2945 0.4227
vt 1.1237 -0.3260 0.4217
vt 1.1729 -0.3328 0.4128
vt 1.0628 -0.2910 0.4288
vt 1.0637 -0.3226 0.4270
vt 0.9957 -0.2899 0.4324
vt 0.9964 -0.3214 0.4299
vt -0.1640 -0.1038 0.4161
vt -0.1155 -0.1005 0.4283
vt -0.1132 -0.0378 0.4294
vt -0.1616 -0.0403 0.4167
vt -0.0562 -0.0988 0.4378
vt -0.0541 -0.0365 0.4396
vt -0.1109 0.0287 0.4304
vt -0.1590 0.0268 0.4171
vt -0.0520 0.0297 0.4411
vt 0.0103 -0.0982 0.4452
vt 0.0804 -0.0982 0.4511
vt 0.0819 -0.0361 0.4543
vt 0.0121 -0.0361 0.4477
vt 0.0836 0.0300 0.4569
vt 0.0140 0.0300 0.4498
vt 0.0871 0.1687 0.4602
vt 0.0181 0.1687 0.4525
vt 0.0160 0.0987 0.4514
vt 0.0853 0.0987 0.4588
vt -0.0474 0.1686 0.4430
vt -0.0497 0.0985 0.4422
vt -0.1059 0.1681 0.4316
vt -0.1536 0.1672 0.4178
vt -0.1564 0.0964 0.4175
vt -0.1084 0.0978 0.4311
vt 0.1504 -0.0982 0.4561
vt 0.1518 -0.0361 0.4598
vt 0.2205 -0.0982 0.4602
vt 0.2216 -0.0361 0.4643
vt 0.1532 0.0300 0.4628
vt 0.2228 0.0300 0.4675
vt 0.2905 -0.0982 0.4634
vt 0.3606 -0.0982 0.4657
vt 0.3612 -0.0361 0.4703
vt 0.2914 -0.0361 0.4678
vt 0.3619 0.0300 0.4737
vt 0.2923 0.0300 0.4711
vt 0.3633 0.1687 0.4777
vt 0.2943 0.1687 0.4751
vt 0.2933 0.0987 0.4735
vt 0.3626 0.0987 0.4761
vt 0.2252 0.1687 0.4714
vt 0.2240 0.0987 0.4698
vt 0.1562 0.1687 0.4665
vt 0.1547 0.0987 0.4649
vt 0.4306 -0.0982 0.4671
vt 0.4310 -0.0361 0.4718
vt 0.5007 -0.0982 0.4676
vt 0.5009 -0.0361 0.4722
vt 0.4315 0.0300 0.4752
vt 0.5010 0.0300 0.4757
vt 0.5708 -0.0982 0.4671
vt 0.6408 -0.0982 0.4657
vt 0.6405 -0.0361 0.4703
vt 0.5707 -0.0361 0.4718
vt 0.6402 0.0300 0.4737
vt 0.5706 0.0300 0.4752
vt 0.6395 0.1687 0.4777
vt 0.5704 0.1687 0.4793
vt 0.5705 0.0987 0.4777
vt 0.6398 0.0987 0.4761
vt 0.5014 0.1687 0.4798
vt 0.5012 0.0987 0.4782
vt 0.4324 0.1687 0.4793
vt 0.4319 0.0987 0.4777
vt 0.7109 -0.0982 0.4634
vt 0.7103 -0.0361 0.4678
vt 0.7809 -0.0982 0.4602
vt 0.7801 -0.0361 0.4643
vt 0.7098 0.0300 0.4711
vt 0.7793 0.0300 0.4675
vt 0.8510 -0.0982 0.4561
vt 0.9210 -0.0982 0.4511
vt 0.9198 -0.0361 0.4543
vt 0.8500 -0.0361 0.4598
vt 0.9185 0.0300 0.4569
vt 0.8489 0.0300 0.4628
vt 0.9157 0.1687 0.4602
vt 0.8466 0.1687 0.4665
vt 0.8478 0.0987 0.4649
vt 0.9171 0.0987 0.4588
vt 0.7776 0.1687 0.4714
vt 0.7785 0.0987 0.4698
vt 0.7085 0.1687 0.4751
vt 0.7092 0.0987 0.4735
vt 0.9911 -0.0982 0.4452
vt 0.9896 -0.0361 0.4477
vt 1.0576 -0.0988 0.4378
vt 1.0559 -0.0365 0.4396
vt 0.9880 0.0300 0.4498
vt 1.0540 0.0297 0.4411
vt 1.1169 -0.1005 0.4283
vt 1.1654 -0.1038 0.4161
vt 1.1633 -0.0403 0.4167
vt 1.1150 -0.0378 0.4294
vt 1.1611 0.0268 0.4171
vt 1.1129 0.0287 0.4304
vt 1.1564 0.1672 0.4178
vt 1.1087 0.1681 0.4316
vt 1.1108 0.0978 0.4311
vt 1.1588 0.0964 0.4175
vt 1.0502 0.1686 0.4430
vt 1.0522 0.0985 0.4422
vt 0.9847 0.1687 0.4525
vt 0.9864 0.0987 0.4514
vt -0.1033 0.2385 0.4319
vt -0.1509 0.2380 0.4179
vt -0.0451 0.2387 0.4435
vt -0.1008 0.3098 0.4320
vt -0.1482 0.3098 0.4180
vt -0.0428 0.3098 0.4437
vt 0.0889 0.2388 0.4610
vt 0.0201 0.2388 0.4532
vt 0.0907 0.3098 0.4613
vt 0.0222 0.3098 0.4534
vt 0.0945 0.4593 0.4602
vt 0.0265 0.4593 0.4525
vt 0.0243 0.3830 0.4532
vt 0.0925 0.3830 0.4610
vt -0.0379 0.4595 0.4430
vt -0.0404 0.3831 0.4435
vt -0.0954 0.4599 0.4316
vt -0.1423 0.4609 0.4178
vt -0.1453 0.3838 0.4179
vt -0.0981 0.3833 0.4319
vt 0.1577 0.2388 0.4674
vt 0.2265 0.2388 0.4724
vt 0.1592 0.3098 0.4677
vt 0.2277 0.3098 0.4727
vt 0.3640 0.2388 0.4787
vt 0.2952 0.2388 0.4761
vt 0.3647 0.3098 0.4790
vt 0.2962 0.3098 0.4764
vt 0.3663 0.4593 0.4777
vt 0.2983 0.4593 0.4751
vt 0.2972 0.3830 0.4761
vt 0.3655 0.3830 0.4787
vt 0.2304 0.4593 0.4714
vt 0.2290 0.3830 0.4724
vt 0.1624 0.4593 0.4665
vt 0.1608 0.3830 0.4674
vt 0.4328 0.2388 0.4802
vt 0.5016 0.2388 0.4808
vt 0.4333 0.3098 0.4806
vt 0.5018 0.3098 0.4811
vt 0.6391 0.2388 0.4787
vt 0.5704 0.2388 0.4802
vt 0.6388 0.3098 0.4790
vt 0.5703 0.3098 0.4806
vt 0.6381 0.4593 0.4777
vt 0.5701 0.4593 0.4793
vt 0.5702 0.3830 0.4802
vt 0.6384 0.3830 0.4787
vt 0.5022 0.4593 0.4798
vt 0.5020 0.3830 0.4808
vt 0.4342 0.4593 0.4793
vt 0.4337 0.3830 0.4802
vt 0.7079 0.2388 0.4761
vt 0.7767 0.2388 0.4724
vt 0.7073 0.3098 0.4764
vt 0.7758 0.3098 0.4727
vt 0.9143 0.2388 0.4610
vt 0.8455 0.2388 0.4674
vt 0.9129 0.3098 0.4613
vt 0.8443 0.3098 0.4677
vt 0.9099 0.4593 0.4602
vt 0.8419 0.4593 0.4665
vt 0.8431 0.3830 0.4674
vt 0.9114 0.3830 0.4610
vt 0.7740 0.4593 0.4714
vt 0.7749 0.3830 0.4724
vt 0.7060 0.4593 0.4751
vt 0.7067 0.3830 0.4761
vt 0.9831 0.2388 0.4532
vt 1.0483 0.2387 0.4435
vt 0.9814 0.3098 0.4534
vt 1.0464 0.3098 0.4437
vt 1.1541 0.2380 0.4179
vt 1.1065 0.2385 0.4319
vt 1.1517 0.3098 0.4180
vt 1.1043 0.3098 0.4320
vt 1.1467 0.4609 0.4178
vt 1.0997 0.4599 0.4316
vt 1.1021 0.3833 0.4319
vt 1.1492 0.3838 0.4179
vt 1.0423 0.4595 0.4430
vt 1.0444 0.3831 0.4435
vt 0.9778 0.4593 0.4525
vt 0.9796 0.3830 0.4532
vt -0.0925 0.5407 0.4311
vt -0.1392 0.5421 0.4175
vt -0.0353 0.5400 0.4422
vt -0.0896 0.6223 0.4304
vt -0.1361 0.6242 0.4171
vt -0.0326 0.6214 0.4411
vt 0.0965 0.5398 0.4588
vt 0.0289 0.5398 0.4514
vt 0.0986 0.6211 0.4569
vt 0.0312 0.6211 0.4498
vt 0.1024 0.7723 0.4511
vt 0.0356 0.7723 0.4452
vt 0.0335 0.6997 0.4477
vt 0.1005 0.6997 0.4543
vt -0.0277 0.7728 0.4378
vt -0.0301 0.7001 0.4396
vt -0.0841 0.7741 0.4283
vt -0.1302 0.7769 0.4161
vt -0.1330 0.7036 0.4167
vt -0.0867 0.7013 0.4294
vt 0.1641 0.5398 0.4649
vt 0.2318 0.5398 0.4698
vt 0.1659 0.6211 0.4628
vt 0.2332 0.6211 0.4675
vt 0.3671 0.5398 0.4761
vt 0.2994 0.5398 0.4735
vt 0.3679 0.6211 0.4737
vt 0.3006 0.6211 0.4711
vt 0.3694 0.7723 0.4657
vt 0.3027 0.7723 0.4634
vt 0.3017 0.6997 0.4678
vt 0.3687 0.6997 0.4703
vt 0.2359 0.7723 0.4602
vt 0.2346 0.6997 0.4643
vt 0.1691 0.7723 0.4561
vt 0.1676 0.6997 0.4598
vt 0.4347 0.5398 0.4777
vt 0.5024 0.5398 0.4782
vt 0.4352 0.6211 0.4752
vt 0.5026 0.6211 0.4757
vt 0.6377 0.5398 0.4761
vt 0.5700 0.5398 0.4777
vt 0.6373 0.6211 0.4737
vt 0.5699 0.6211 0.4752
vt 0.6365 0.7723 0.4657
vt 0.5697 0.7723 0.4671
vt 0.5698 0.6997 0.4718
vt 0.6369 0.6997 0.4703
vt 0.5030 0.7723 0.4676
vt 0.5028 0.6997 0.4722
vt 0.4362 0.7723 0.4671
vt 0.4357 0.6997 0.4718
vt 0.7053 0.5398 0.4735
vt 0.7730 0.5398 0.4698
vt 0.7046 0.6211 0.4711
vt 0.7719 0.6211 0.4675
vt 0.9082 0.5398 0.4588
vt 0.8406 0.5398 0.4649
vt 0.9066 0.6211 0.4569
vt 0.8393 0.6211 0.4628
vt 0.9036 0.7723 0.4511
vt 0.8368 0.7723 0.4561
vt 0.8380 0.6997 0.4598
vt 0.9050 0.6997 0.4543
vt 0.7700 0.7723 0.4602
vt 0.7710 0.6997 0.4643
vt 0.7033 0.7723 0.4634
vt 0.7039 0.6997 0.4678
vt 0.9759 0.5398 0.4514
vt 1.0400 0.5400 0.4422
vt 0.9739 0.6211 0.4498
vt 1.0378 0.6214 0.4411
vt 1.1440 0.5421 0.4175
vt 1.0972 0.5407 0.4311
vt 1.1412 0.6242 0.4171
vt 1.0947 0.6223 0.4304
vt 1.1362 0.7769 0.4161
vt 1.0901 0.7741 0.4283
vt 1.0923 0.7013 0.4294
vt 1.1386 0.7035 0.4167
vt 1.0337 0.7728 0.4378
vt 1.0357 0.7001 0.4396
vt 0.9703 0.7723 0.4452
vt 0.9721 0.6997 0.4477
vt -0.0818 0.8376 0.4270
vt -0.1277 0.8407 0.4154
vt -0.0256 0.8360 0.4356
vt -0.0799 0.8921 0.4255
vt -0.1256 0.8956 0.4147
vt -0.0239 0.8904 0.4332
vt 0.1040 0.8355 0.4471
vt 0.0374 0.8355 0.4421
vt 0.1053 0.8899 0.4429
vt 0.0390 0.8899 0.4388
vt 0.1075 0.9745 0.4347
vt 0.0415 0.9745 0.4324
vt 0.0404 0.9360 0.4354
vt 0.1065 0.9360 0.4386
vt -0.0211 0.9752 0.4288
vt -0.0224 0.9366 0.4309
vt -0.0768 0.9772 0.4227
vt -0.1223 0.9811 0.4133
vt -0.1238 0.9422 0.4140
vt -0.0782 0.9385 0.4241
vt 0.1705 0.8355 0.4515
vt 0.2370 0.8355 0.4550
vt 0.1717 0.8899 0.4464
vt 0.2380 0.8899 0.4493
vt 0.3701 0.8355 0.4599
vt 0.3036 0.8355 0.4579
vt 0.3706 0.8899 0.4533
vt 0.3043 0.8899 0.4517
vt 0.3715 0.9745 0.4406
vt 0.3055 0.9745 0.4396
vt 0.3050 0.9360 0.4454
vt 0.3711 0.9360 0.4467
vt 0.2395 0.9745 0.4383
vt 0.2388 0.9360 0.4436
vt 0.1735 0.9745 0.4367
vt 0.1727 0.9360 0.4413
vt 0.4366 0.8355 0.4611
vt 0.5031 0.8355 0.4615
vt 0.4370 0.8899 0.4543
vt 0.5033 0.8899 0.4547
vt 0.6362 0.8355 0.4599
vt 0.5697 0.8355 0.4611
vt 0.6359 0.8899 0.4533
vt 0.5696 0.8899 0.4543
vt 0.6355 0.9745 0.4406
vt 0.5695 0.9745 0.4411
vt 0.5696 0.9360 0.4475
vt 0.6357 0.9360 0.4467
vt 0.5035 0.9745 0.4413
vt 0.5034 0.9360 0.4477
vt 0.4375 0.9745 0.4411
vt 0.4373 0.9360 0.4475
vt 0.7027 0.8355 0.4579
vt 0.7693 0.8355 0.4550
vt 0.7023 0.8899 0.4517
vt 0.7686 0.8899 0.4493
vt 0.9023 0.8355 0.4471
vt 0.8358 0.8355 0.4515
vt 0.9012 0.8899 0.4429
vt 0.8349 0.8899 0.4464
vt 0.8995 0.9745 0.4347
vt 0.8335 0.9745 0.4367
vt 0.8341 0.9360 0.4413
vt 0.9003 0.9360 0.4386
vt 0.7675 0.9745 0.4383
vt 0.7680 0.9360 0.4436
vt 0.7015 0.9745 0.4396
vt 0.7019 0.9360 0.4454
vt 0.9688 0.8355 0.4421
vt 1.0319 0.8360 0.4356
vt 0.9675 0.8899 0.4388
vt 1.0304 0.8904 0.4332
vt 1.1340 0.8407 0.4154
vt 1.0881 0.8376 0.4270
vt 1.1322 0.8956 0.4147
vt 1.0865 0.8921 0.4255
vt 1.1294 0.9811 0.4133
vt 1.0839 0.9772 0.4227
vt 1.0850 0.9385 0.4241
vt 1.1307 0.9422 0.4140
vt 1.0281 0.9752 0.4288
vt 1.0292 0.9366 0.4309
vt 0.9655 0.9745 0.4324
vt 0.9664 0.9360 0.4354
vt -0.2084 0.3490 -0.4255
vt -0.1615 0.3490 -0.4302
vt -0.1542 0.3656 -0.4221
vt -0.2006 0.3656 -0.4167
vt -0.1003 0.3490 -0.4326
vt -0.0937 0.3656 -0.4247
vt -0.1441 0.3824 -0.4114
vt -0.1886 0.3822 -0.4058
vt -0.0854 0.3828 -0.4141
vt -0.0295 0.3490 -0.4334
vt 0.0461 0.3490 -0.4334
vt 0.0511 0.3656 -0.4256
vt -0.0236 0.3656 -0.4256
vt 0.0571 0.3830 -0.4150
vt -0.0166 0.3830 -0.4150
vt -0.0096 -0.4017 0.3992
vt 0.0632 -0.4017 0.3994
vt -0.0764 -0.4011 0.3986
vt 0.0632 0.3994 -0.4017
vt -0.0096 0.3992 -0.4017
vt -0.0764 0.3986 -0.4011
vt -0.1712 -0.3940 0.3960
vt -0.1311 -0.3991 0.3970
vt -0.1311 0.3970 -0.3991
vt -0.1713 0.3964 -0.3944
vt 0.1217 0.3490 -0.4334
vt 0.1259 0.3656 -0.4256
vt 0.1973 0.3490 -0.4334
vt 0.2007 0.3656 -0.4256
vt 0.1309 0.3830 -0.4150
vt 0.2047 0.3830 -0.4150
vt 0.2729 0.3490 -0.4334
vt 0.3486 0.3490 -0.4334
vt 0.3503 0.3656 -0.4256
vt 0.2755 0.3656 -0.4256
vt 0.3523 0.3831 -0.4150
vt 0.2785 0.3831 -0.4150
vt 0.2815 -0.4017 0.3996
vt 0.3543 -0.4017 0.3997
vt 0.2088 -0.4017 0.3995
vt 0.3543 0.3997 -0.4017
vt 0.2815 0.3996 -0.4017
vt 0.2088 0.3995 -0.4017
vt 0.1360 -0.4017 0.3995
vt 0.1360 0.3995 -0.4017
vt 0.4242 0.3490 -0.4334
vt 0.4251 0.3656 -0.4256
vt 0.4998 0.3490 -0.4334
vt 0.4998 0.3656 -0.4256
vt 0.4261 0.3831 -0.4150
vt 0.4999 0.3831 -0.4150
vt 0.5755 0.3490 -0.4334
vt 0.6511 0.3490 -0.4334
vt 0.6494 0.3656 -0.4256
vt 0.5746 0.3656 -0.4256
vt 0.6475 0.3831 -0.4150
vt 0.5737 0.3831 -0.4150
vt 0.5727 -0.4017 0.3997
vt 0.6455 -0.4017 0.3997
vt 0.4999 -0.4017 0.3997
vt 0.6455 0.3997 -0.4017
vt 0.5727 0.3997 -0.4017
vt 0.4999 0.3997 -0.4017
vt 0.4271 -0.4017 0.3997
vt 0.4271 0.3997 -0.4017
vt 0.7267 0.3490 -0.4334
vt 0.7242 0.3656 -0.4256
vt 0.8023 0.3490 -0.4334
vt 0.7990 0.3656 -0.4256
vt 0.7212 0.3831 -0.4150
vt 0.7950 0.3830 -0.4150
vt 0.8779 0.3490 -0.4334
vt 0.9535 0.3490 -0.4334
vt 0.9486 0.3656 -0.4256
vt 0.8738 0.3656 -0.4256
vt 0.9426 0.3830 -0.4150
vt 0.8688 0.3830 -0.4150
vt 0.8638 -0.4017 0.3995
vt 0.9366 -0.4017 0.3994
vt 0.7911 -0.4017 0.3995
vt 0.9366 0.3994 -0.4017
vt 0.8638 0.3995 -0.4017
vt 0.7911 0.3995 -0.4017
vt 0.7183 -0.4017 0.3996
vt 0.7183 0.3996 -0.4017
vt 1.0291 0.3490 -0.4334
vt 1.0233 0.3656 -0.4256
vt 1.0999 0.3490 -0.4326
vt 1.0934 0.3656 -0.4247
vt 1.0164 0.3830 -0.4150
vt 1.0852 0.3828 -0.4141
vt 1.1612 0.3490 -0.4302
vt 1.2081 0.3490 -0.4255
vt 1.2004 0.3656 -0.4167
vt 1.1540 0.3656 -0.4221
vt 1.1884 0.3822 -0.4058
vt 1.1439 0.3824 -0.4114
vt 1.1309 -0.3991 0.3970
vt 1.1711 -0.3940 0.3960
vt 1.0762 -0.4011 0.3986
vt 1.1309 -0.3987 0.3966
vt 1.1439 -0.4114 0.3824
vt 1.1884 -0.4058 0.3822
vt 1.1309 0.3970 -0.3991
vt 1.0762 0.3986 -0.4011
vt 1.0094 -0.4017 0.3992
vt 1.0094 0.3992 -0.4017
vt 1.2359 0.3490 -0.4175
vt 1.2279 0.3656 -0.4078
vt 1.2359 -0.4175 0.3490
vt 1.2493 -0.4041 0.3490
vt 1.2412 -0.3934 0.3656
vt 1.2279 -0.4078 0.3656
vt 1.2147 0.3824 -0.3960
vt 1.2272 -0.3805 0.3828
vt 1.2147 -0.3960 0.3824
vt -0.3831 0.3490 1.2531
vt -0.3521 0.3490 1.2518
vt -0.3405 0.3656 1.2437
vt -0.3716 0.3656 1.2449
vt -0.3267 0.3830 1.2295
vt -0.3579 0.3830 1.2307
vt -0.4041 0.3490 1.2493
vt -0.3934 0.3656 1.2412
vt -0.3805 0.3828 1.2272
vt 1.2076 -0.3442 0.3993
vt 1.2065 -0.3129 0.3995
vt 1.2048 -0.3676 0.3986
vt 1.2307 -0.3579 0.3830
vt 1.2295 -0.3267 0.3830
vt 1.1941 -0.3838 0.3970
vt -0.1287 0.3490 1.2442
vt -0.0593 0.3490 1.2417
vt -0.0549 0.3656 1.2338
vt -0.1230 0.3656 1.2362
vt 0.0126 0.3490 1.2391
vt 0.0159 0.3656 1.2312
vt -0.0497 0.3834 1.2200
vt -0.1162 0.3833 1.2223
vt 0.0197 0.3834 1.2175
vt 0.0860 0.3490 1.2364
vt 0.1603 0.3490 1.2336
vt 0.1619 0.3656 1.2259
vt 0.0884 0.3656 1.2286
vt 0.1638 0.3835 1.2123
vt 0.0913 0.3834 1.2149
vt 1.1926 0.0941 0.4012
vt 1.1901 0.1656 0.4013
vt 1.1950 0.0236 0.4010
vt 1.2149 0.0913 0.3834
vt 1.2123 0.1638 0.3835
vt 1.2175 0.0197 0.3834
vt 1.1996 -0.1095 0.4006
vt 1.1974 -0.0446 0.4009
vt 1.2223 -0.1162 0.3833
vt 1.2200 -0.0497 0.3834
vt 0.2345 0.3490 1.2308
vt 0.2353 0.3656 1.2231
vt 0.3098 0.3490 1.2280
vt 0.3098 0.3656 1.2204
vt 0.2363 0.3835 1.2096
vt 0.3098 0.3835 1.2070
vt 0.3872 0.3490 1.2251
vt 0.4677 0.3490 1.2221
vt 0.4662 0.3656 1.2146
vt 0.3864 0.3656 1.2175
vt 0.4643 0.3835 1.2014
vt 0.3855 0.3835 1.2042
vt 1.1824 0.3845 0.4013
vt 1.1796 0.4624 0.4013
vt 1.1850 0.3098 0.4014
vt 1.2042 0.3855 0.3835
vt 1.2014 0.4643 0.3835
vt 1.2070 0.3098 0.3835
vt 1.1875 0.2372 0.4013
vt 1.2096 0.2363 0.3835
vt 0.5525 0.3490 1.2189
vt 0.5501 0.3656 1.2115
vt 0.6379 0.3490 1.2157
vt 0.6347 0.3656 1.2083
vt 0.5473 0.3834 1.1983
vt 0.6310 0.3834 1.1953
vt 0.7205 0.3490 1.2126
vt 0.7969 0.3490 1.2098
vt 0.7923 0.3656 1.2025
vt 0.7166 0.3656 1.2053
vt 0.7868 0.3833 1.1896
vt 0.7120 0.3834 1.1924
vt 1.1710 0.7074 0.4009
vt 1.1684 0.7814 0.4006
vt 1.1738 0.6273 0.4010
vt 1.1924 0.7120 0.3834
vt 1.1896 0.7868 0.3833
vt 1.1953 0.6310 0.3834
vt 1.1767 0.5445 0.4012
vt 1.1983 0.5473 0.3834
vt 0.8634 0.3490 1.2073
vt 0.8582 0.3656 1.2001
vt 0.9208 0.3490 1.2051
vt 0.9151 0.3656 1.1980
vt 0.8520 0.3832 1.1873
vt 0.9082 0.3832 1.1852
vt 0.9697 0.3490 1.2033
vt 1.0105 0.3490 1.2018
vt 1.0038 0.3656 1.1947
vt 0.9634 0.3656 1.1962
vt 0.9958 0.3830 1.1820
vt 0.9559 0.3831 1.1835
vt 1.1626 0.9484 0.3998
vt 1.1612 0.9878 0.3995
vt 1.1642 0.9013 0.4001
vt 1.1835 0.9559 0.3831
vt 1.1820 0.9958 0.3830
vt 1.1852 0.9082 0.3832
vt 1.1662 0.8458 0.4004
vt 1.1873 0.8520 0.3832
vt -0.1549 0.3490 1.1041
vt -0.1112 0.3490 1.1125
vt -0.1051 0.3656 1.1047
vt -0.1483 0.3656 1.0965
vt -0.0547 0.3490 1.1166
vt -0.0491 0.3656 1.1089
vt -0.0964 0.3824 1.0946
vt -0.1379 0.3822 1.0868
vt -0.0421 0.3828 1.0983
vt 0.0103 0.3490 1.1180
vt 0.0797 0.3490 1.1180
vt 0.0840 0.3656 1.1102
vt 0.0153 0.3656 1.1102
vt 0.0890 0.3830 1.0996
vt 0.0212 0.3830 1.0996
vt 0.9020 1.0707 0.4129
vt 0.9683 1.0707 0.4126
vt 0.9730 1.0863 0.3992
vt 0.9060 1.0863 0.3994
vt 1.0287 1.0703 0.4114
vt 1.0346 1.0854 0.3986
vt 0.0940 0.3994 1.0863
vt 0.0270 0.3992 1.0863
vt -0.0346 0.3986 1.0854
vt 1.0769 1.0690 0.4085
vt 1.1065 1.0674 0.4047
vt 1.1226 1.0762 0.3960
vt 1.0852 1.0827 0.3970
vt -0.0852 0.3970 1.0827
vt -0.1226 0.3960 1.0762
vt 0.1491 0.3490 1.1180
vt 0.1527 0.3656 1.1102
vt 0.2185 0.3490 1.1180
vt 0.2214 0.3656 1.1102
vt 0.1569 0.3830 1.0996
vt 0.2247 0.3830 1.0996
vt 0.2879 0.3490 1.1180
vt 0.3573 0.3490 1.1180
vt 0.3587 0.3656 1.1102
vt 0.2901 0.3656 1.1102
vt 0.3605 0.3831 1.0996
vt 0.2926 0.3831 1.0996
vt 0.6365 1.0707 0.4137
vt 0.7029 1.0707 0.4136
vt 0.7049 1.0863 0.3996
vt 0.6379 1.0863 0.3997
vt 0.7692 1.0707 0.4134
vt 0.7719 1.0863 0.3995
vt 0.3621 0.3997 1.0863
vt 0.2951 0.3996 1.0863
vt 0.2281 0.3995 1.0863
vt 0.8356 1.0707 0.4132
vt 0.8390 1.0863 0.3995
vt 0.1610 0.3995 1.0863
vt 0.4267 0.3490 1.1180
vt 0.4274 0.3656 1.1102
vt 0.4961 0.3490 1.1180
vt 0.4961 0.3656 1.1102
vt 0.4283 0.3831 1.0996
vt 0.4962 0.3831 1.0996
vt 0.5655 0.3490 1.1180
vt 0.6349 0.3490 1.1180
vt 0.6335 0.3656 1.1102
vt 0.5648 0.3656 1.1102
vt 0.6319 0.3831 1.0996
vt 0.5640 0.3831 1.0996
vt 0.3710 1.0707 0.4137
vt 0.4374 1.0707 0.4138
vt 0.4368 1.0863 0.3997
vt 0.3697 1.0863 0.3997
vt 0.5038 1.0707 0.4138
vt 0.5038 1.0863 0.3997
vt 0.6303 0.3997 1.0863
vt 0.5632 0.3997 1.0863
vt 0.4962 0.3997 1.0863
vt 0.5701 1.0707 0.4138
vt 0.5708 1.0863 0.3997
vt 0.4292 0.3997 1.0863
vt 0.7043 0.3490 1.1180
vt 0.7022 0.3656 1.1102
vt 0.7737 0.3490 1.1180
vt 0.7709 0.3656 1.1102
vt 0.6997 0.3831 1.0996
vt 0.7676 0.3830 1.0996
vt 0.8431 0.3490 1.1180
vt 0.9125 0.3490 1.1180
vt 0.9083 0.3656 1.1102
vt 0.8396 0.3656 1.1102
vt 0.9033 0.3830 1.0996
vt 0.8354 0.3830 1.0996
vt 0.1056 1.0707 0.4129
vt 0.1719 1.0707 0.4132
vt 0.1686 1.0863 0.3995
vt 0.1016 1.0863 0.3994
vt 0.2383 1.0707 0.4134
vt 0.2357 1.0863 0.3995
vt 0.8984 0.3994 1.0863
vt 0.8314 0.3995 1.0863
vt 0.7643 0.3995 1.0863
vt 0.3047 1.0707 0.4136
vt 0.3027 1.0863 0.3996
vt 0.6973 0.3996 1.0863
vt 0.9819 0.3490 1.1180
vt 0.9770 0.3656 1.1102
vt 1.0470 0.3490 1.1166
vt 1.0414 0.3656 1.1089
vt 0.9712 0.3830 1.0996
vt 1.0345 0.3828 1.0983
vt 1.1035 0.3490 1.1125
vt 1.1472 0.3490 1.1041
vt 1.1407 0.3656 1.0965
vt 1.0974 0.3656 1.1047
vt 1.1303 0.3822 1.0868
vt 1.0888 0.3824 1.0946
vt -0.0990 1.0674 0.4047
vt -0.0694 1.0690 0.4085
vt -0.0776 1.0827 0.3970
vt -0.1150 1.0762 0.3960
vt -0.0211 1.0703 0.4114
vt -0.0270 1.0854 0.3986
vt 1.1150 0.3960 1.0762
vt 1.0776 0.3970 1.0827
vt 1.0270 0.3986 1.0854
vt 0.0392 1.0707 0.4126
vt 0.0346 1.0863 0.3992
vt 0.9654 0.3992 1.0863
vt 1.1738 0.3490 1.0902
vt 1.1670 0.3656 1.0827
vt -0.0902 0.3490 -0.1738
vt -0.0703 0.3490 -0.1877
vt -0.0630 0.3656 -0.1807
vt -0.0827 0.3656 -0.1670
vt 1.1555 0.3824 1.0735
vt -0.1670 1.0827 0.3656
vt -0.1807 1.0630 0.3656
vt -0.1684 1.0542 0.3828
vt -0.1555 1.0735 0.3824
vt -0.0438 0.3490 -0.1931
vt -0.0105 0.3490 -0.1946
vt -0.0038 0.3656 -0.1875
vt -0.0368 0.3656 -0.1861
vt 0.0042 0.3830 -0.1749
vt -0.0284 0.3830 -0.1736
vt -0.0542 0.3828 -0.1684
vt -0.1211 1.0130 0.4128
vt -0.1528 1.0200 0.3993
vt -0.1541 0.9878 0.3995
vt -0.1176 1.0380 0.4115
vt -0.1483 1.0453 0.3986
vt -0.1736 1.0284 0.3830
vt -0.1749 0.9958 0.3830
vt -0.1095 1.0564 0.4085
vt -0.1372 1.0639 0.3970
vt -0.1303 1.0868 0.3822
vt 0.2031 0.3490 -0.2037
vt 0.2795 0.3490 -0.2069
vt 0.2834 0.3656 -0.1996
vt 0.2077 0.3656 -0.1964
vt 0.3621 0.3490 -0.2105
vt 0.3653 0.3656 -0.2031
vt 0.2880 0.3834 -0.1867
vt 0.2132 0.3833 -0.1836
vt 0.3690 0.3834 -0.1901
vt 0.4475 0.3490 -0.2141
vt 0.5322 0.3490 -0.2177
vt 0.5338 0.3656 -0.2102
vt 0.4499 0.3656 -0.2067
vt 0.5357 0.3835 -0.1970
vt 0.4527 0.3834 -0.1936
vt -0.1720 0.5445 0.4012
vt -0.1753 0.4624 0.4013
vt -0.1686 0.6273 0.4010
vt -0.1936 0.5473 0.3834
vt -0.1970 0.4643 0.3835
vt -0.1901 0.6310 0.3834
vt -0.1624 0.7814 0.4006
vt -0.1654 0.7074 0.4009
vt -0.1836 0.7868 0.3833
vt -0.1867 0.7120 0.3834
vt 0.6128 0.3490 -0.2212
vt 0.6136 0.3656 -0.2136
vt 0.6902 0.3490 -0.2245
vt 0.6902 0.3656 -0.2168
vt 0.6145 0.3835 -0.2003
vt 0.6902 0.3835 -0.2034
vt 0.7655 0.3490 -0.2277
vt 0.8397 0.3490 -0.2308
vt 0.8381 0.3656 -0.2231
vt 0.7647 0.3656 -0.2200
vt 0.8362 0.3835 -0.2095
vt 0.7637 0.3835 -0.2065
vt -0.1844 0.2372 0.4013
vt -0.1873 0.1656 0.4013
vt -0.1815 0.3098 0.4014
vt -0.2065 0.2363 0.3835
vt -0.2095 0.1638 0.3835
vt -0.2034 0.3098 0.3835
vt -0.1784 0.3845 0.4013
vt -0.2003 0.3855 0.3835
vt 0.9140 0.3490 -0.2340
vt 0.9116 0.3656 -0.2262
vt 0.9874 0.3490 -0.2371
vt 0.9841 0.3656 -0.2292
vt 0.9087 0.3834 -0.2125
vt 0.9803 0.3834 -0.2155
vt 1.0592 0.3490 -0.2401
vt 1.1287 0.3490 -0.2429
vt 1.1230 0.3656 -0.2349
vt 1.0549 0.3656 -0.2322
vt 1.1162 0.3833 -0.2210
vt 1.0497 0.3834 -0.2183
vt -0.1957 -0.0446 0.4009
vt -0.1983 -0.1095 0.4006
vt -0.1930 0.0236 0.4010
vt -0.2183 -0.0497 0.3834
vt -0.2210 -0.1162 0.3833
vt -0.2155 0.0197 0.3834
vt -0.1902 0.0941 0.4012
vt -0.2125 0.0913 0.3834
vt 1.1950 0.3490 -0.2455
vt 1.1875 0.3656 -0.2375
vt 1.2558 0.3490 -0.2478
vt 1.2466 0.3656 -0.2397
vt 1.1787 0.3832 -0.2234
vt 1.2356 0.3832 -0.2256
vt 1.3089 0.3490 -0.2499
vt 1.3521 0.3490 -0.2516
vt 1.3405 0.3656 -0.2434
vt 1.2982 0.3656 -0.2417
vt 1.3267 0.3830 -0.2292
vt 1.2854 0.3831 -0.2276
vt -0.1700 -0.2620 0.4140
vt -0.2046 -0.2726 0.3998
vt -0.2062 -0.3129 0.3995
vt -0.1682 -0.2154 0.4147
vt -0.2027 -0.2246 0.4001
vt -0.2276 -0.2854 0.3831
vt -0.2292 -0.3267 0.3830
vt -0.2256 -0.2356 0.3832
vt -0.1663 -0.1625 0.4154
vt -0.2006 -0.1698 0.4004
vt -0.2234 -0.1787 0.3832
vt 1.2005 -0.4290 0.2949
vt 1.2248 -0.4228 0.2948
vt 1.2111 -0.4317 0.2973
vt 1.2380 -0.4250 0.2973
vt 1.2365 -0.4110 0.2946
vt 1.2510 -0.4129 0.2972
vt -0.2151 0.3012 -0.4331
vt -0.2157 0.3067 -0.4337
vt -0.2436 0.3067 -0.4268
vt -0.2430 0.3012 -0.4262
vt -0.2570 0.3067 -0.4145
vt -0.2563 0.3012 -0.4140
vt -0.2111 0.2973 -0.4317
vt -0.2380 0.2973 -0.4250
vt 1.2430 -0.4262 0.3012
vt 1.2563 -0.4140 0.3012
vt 1.3635 0.3067 -0.2592
vt 1.3632 0.3012 -0.2585
vt 1.3938 0.3012 -0.2599
vt 1.3943 0.3067 -0.2606
vt 1.2585 -0.3632 0.3012
vt 1.2530 -0.3622 0.2972
vt 1.2544 -0.3928 0.2972
vt 1.2599 -0.3938 0.3012
vt 1.4140 0.3012 -0.2563
vt 1.4145 0.3067 -0.2570
vt 1.2382 -0.3603 0.2945
vt 1.2396 -0.3909 0.2945
vt 0.9591 -0.4333 0.2945
vt 1.0349 -0.4338 0.2945
vt 0.9593 -0.4379 0.2972
vt 1.0352 -0.4380 0.2972
vt 1.1039 -0.4337 0.2946
vt 1.1058 -0.4375 0.2972
vt 0.0407 0.3012 -0.4400
vt 0.0406 0.3067 -0.4406
vt -0.0356 0.3067 -0.4406
vt -0.0355 0.3012 -0.4400
vt -0.1069 0.3067 -0.4400
vt -0.1066 0.3012 -0.4393
vt 0.0407 0.2972 -0.4379
vt -0.0352 0.2972 -0.4380
vt -0.1058 0.2972 -0.4375
vt -0.1681 0.3012 -0.4372
vt -0.1685 0.3067 -0.4379
vt -0.1657 0.2973 -0.4356
vt 1.1596 -0.4323 0.2948
vt 1.1657 -0.4356 0.2973
vt 0.6534 -0.4329 0.2945
vt 0.7300 -0.4329 0.2945
vt 0.6534 -0.4378 0.2972
vt 0.7300 -0.4378 0.2972
vt 0.8065 -0.4329 0.2945
vt 0.8066 -0.4378 0.2972
vt 0.3466 0.3012 -0.4400
vt 0.3466 0.3067 -0.4406
vt 0.2701 0.3067 -0.4406
vt 0.2700 0.3012 -0.4400
vt 0.1935 0.3067 -0.4406
vt 0.1934 0.3012 -0.4400
vt 0.3466 0.2972 -0.4378
vt 0.2700 0.2972 -0.4378
vt 0.1934 0.2972 -0.4378
vt 0.1170 0.3012 -0.4400
vt 0.1170 0.3067 -0.4406
vt 0.1170 0.2972 -0.4379
vt 0.8829 -0.4330 0.2945
vt 0.8830 -0.4379 0.2972
vt 0.3469 -0.4329 0.2945
vt 0.4236 -0.4329 0.2945
vt 0.3470 -0.4378 0.2972
vt 0.4236 -0.4378 0.2972
vt 0.5002 -0.4329 0.2945
vt 0.5002 -0.4378 0.2972
vt 0.6530 0.3012 -0.4400
vt 0.6530 0.3067 -0.4406
vt 0.5764 0.3067 -0.4406
vt 0.5764 0.3012 -0.4400
vt 0.4998 0.3067 -0.4406
vt 0.4998 0.3012 -0.4400
vt 0.6530 0.2972 -0.4378
vt 0.5764 0.2972 -0.4378
vt 0.4998 0.2972 -0.4378
vt 0.4232 0.3012 -0.4400
vt 0.4232 0.3067 -0.4406
vt 0.4232 0.2972 -0.4378
vt 0.5768 -0.4329 0.2945
vt 0.5768 -0.4378 0.2972
vt 0.0413 -0.4333 0.2945
vt 0.1174 -0.4330 0.2945
vt 0.0411 -0.4379 0.2972
vt 0.1174 -0.4379 0.2972
vt 0.1938 -0.4329 0.2945
vt 0.1938 -0.4378 0.2972
vt 0.9590 0.3012 -0.4400
vt 0.9590 0.3067 -0.4406
vt 0.8826 0.3067 -0.4406
vt 0.8826 0.3012 -0.4400
vt 0.8061 0.3067 -0.4406
vt 0.8062 0.3012 -0.4400
vt 0.9589 0.2972 -0.4379
vt 0.8826 0.2972 -0.4379
vt 0.8062 0.2972 -0.4378
vt 0.7296 0.3012 -0.4400
vt 0.7296 0.3067 -0.4406
vt 0.7297 0.2972 -0.4378
vt 0.2703 -0.4329 0.2945
vt 0.2703 -0.4378 0.2972
vt -0.2309 -0.1345 0.2945
vt -0.2331 -0.2017 0.2945
vt -0.2047 -0.2003 0.2928
vt -0.2456 -0.1348 0.2972
vt -0.2478 -0.2025 0.2972
vt -0.2351 -0.2633 0.2945
vt -0.2066 -0.2610 0.2928
vt -0.2499 -0.2645 0.2972
vt -0.1349 0.3012 1.2510
vt -0.1349 0.3067 1.2516
vt -0.2028 0.3067 1.2539
vt -0.2028 0.3012 1.2533
vt -0.2652 0.3067 1.2560
vt -0.2651 0.3012 1.2553
vt -0.2510 -0.1349 0.3012
vt -0.2533 -0.2028 0.3012
vt -0.2553 -0.2651 0.3012
vt -0.3635 0.3067 1.2594
vt -0.3632 0.3012 1.2587
vt -0.3194 0.3012 1.2571
vt -0.3197 0.3067 1.2578
vt -0.2587 -0.3632 0.3012
vt -0.2532 -0.3622 0.2972
vt -0.2517 -0.3186 0.2972
vt -0.2571 -0.3194 0.3012
vt -0.2384 -0.3603 0.2945
vt -0.2083 -0.3140 0.2928
vt -0.2369 -0.3169 0.2945
vt -0.2002 -0.4290 0.2949
vt -0.1593 -0.4324 0.2948
vt -0.2108 -0.4317 0.2973
vt -0.1654 -0.4356 0.2973
vt -0.1035 -0.4337 0.2946
vt -0.1054 -0.4375 0.2972
vt 1.2148 0.3012 -0.4331
vt 1.2154 0.3067 -0.4337
vt 1.1682 0.3067 -0.4379
vt 1.1678 0.3012 -0.4372
vt 1.1065 0.3067 -0.4400
vt 1.1063 0.3012 -0.4393
vt 1.2108 0.2973 -0.4317
vt 1.1654 0.2973 -0.4356
vt 1.1054 0.2972 -0.4375
vt 1.0351 0.3012 -0.4400
vt 1.0352 0.3067 -0.4406
vt 1.0348 0.2972 -0.4380
vt -0.0345 -0.4338 0.2945
vt -0.0348 -0.4380 0.2972
vt 1.2297 -0.1345 0.2945
vt 1.2269 -0.0641 0.2945
vt 1.2443 -0.1348 0.2972
vt 1.2415 -0.0642 0.2972
vt 1.2239 0.0087 0.2945
vt 1.2384 0.0087 0.2972
vt 1.1349 0.3012 -0.2497
vt 1.1349 0.3067 -0.2504
vt 1.0641 0.3067 -0.2475
vt 1.0642 0.3012 -0.2469
vt 0.9911 0.3067 -0.2445
vt 0.9912 0.3012 -0.2438
vt 1.2497 -0.1349 0.3012
vt 1.2469 -0.0642 0.3012
vt 1.2438 0.0088 0.3012
vt 0.8415 0.3067 -0.2380
vt 0.8416 0.3012 -0.2374
vt 0.9168 0.3012 -0.2406
vt 0.9167 0.3067 -0.2413
vt 1.2374 0.1584 0.3012
vt 1.2321 0.1584 0.2972
vt 1.2353 0.0832 0.2972
vt 1.2406 0.0832 0.3012
vt 1.2177 0.1583 0.2945
vt 1.2208 0.0831 0.2945
vt -0.2204 0.1583 0.2945
vt -0.2232 0.0831 0.2945
vt -0.2348 0.1584 0.2972
vt -0.2376 0.0832 0.2972
vt -0.2259 0.0087 0.2945
vt -0.2404 0.0087 0.2972
vt 0.1584 0.3012 1.2401
vt 0.1585 0.3067 1.2408
vt 0.0833 0.3067 1.2436
vt 0.0832 0.3012 1.2430
vt 0.0089 0.3067 1.2464
vt 0.0088 0.3012 1.2458
vt -0.2401 0.1584 0.3012
vt -0.2430 0.0832 0.3012
vt -0.2458 0.0088 0.3012
vt -0.0642 0.3012 1.2484
vt -0.0641 0.3067 1.2491
vt -0.2431 -0.0642 0.2972
vt -0.2484 -0.0642 0.3012
vt -0.2285 -0.0641 0.2945
vt 1.2145 0.2336 0.2945
vt 1.2289 0.2336 0.2972
vt 1.2113 0.3098 0.2945
vt 1.2256 0.3098 0.2972
vt 0.7664 0.3067 -0.2348
vt 0.7664 0.3012 -0.2342
vt 0.6902 0.3067 -0.2315
vt 0.6902 0.3012 -0.2309
vt 1.2342 0.2336 0.3012
vt 1.2309 0.3098 0.3012
vt 0.5304 0.3067 -0.2246
vt 0.5304 0.3012 -0.2240
vt 0.6118 0.3012 -0.2275
vt 0.6119 0.3067 -0.2282
vt 1.2240 0.4696 0.3012
vt 1.2188 0.4697 0.2972
vt 1.2223 0.3882 0.2972
vt 1.2275 0.3882 0.3012
vt 1.2046 0.4697 0.2945
vt 1.2080 0.3882 0.2945
vt -0.2090 0.4697 0.2945
vt -0.2120 0.3882 0.2945
vt -0.2231 0.4697 0.2972
vt -0.2262 0.3882 0.2972
vt -0.2149 0.3098 0.2945
vt -0.2291 0.3098 0.2972
vt 0.4696 0.3012 1.2284
vt 0.4696 0.3067 1.2290
vt 0.3881 0.3067 1.2321
vt 0.3882 0.3012 1.2315
vt 0.3098 0.3067 1.2351
vt 0.3098 0.3012 1.2344
vt -0.2284 0.4696 0.3012
vt -0.2315 0.3882 0.3012
vt -0.2344 0.3098 0.3012
vt 0.2336 0.3012 1.2373
vt 0.2336 0.3067 1.2379
vt -0.2320 0.2336 0.2972
vt -0.2373 0.2336 0.3012
vt -0.2177 0.2336 0.2945
vt 1.2010 0.5554 0.2945
vt 1.2151 0.5553 0.2972
vt 1.1974 0.6417 0.2945
vt 1.2114 0.6417 0.2972
vt 0.4448 0.3067 -0.2210
vt 0.4447 0.3012 -0.2203
vt 0.3585 0.3067 -0.2172
vt 0.3584 0.3012 -0.2166
vt 1.2203 0.5553 0.3012
vt 1.2166 0.6416 0.3012
vt 0.1980 0.3067 -0.2103
vt 0.1980 0.3012 -0.2097
vt 0.2750 0.3012 -0.2130
vt 0.2751 0.3067 -0.2137
vt 1.2097 0.8020 0.3012
vt 1.2046 0.8020 0.2972
vt 1.2079 0.7251 0.2972
vt 1.2130 0.7250 0.3012
vt 1.1907 0.8020 0.2945
vt 1.1939 0.7251 0.2945
vt -0.1968 0.8020 0.2945
vt -0.1996 0.7251 0.2945
vt -0.2107 0.8020 0.2972
vt -0.2136 0.7251 0.2972
vt -0.2027 0.6417 0.2945
vt -0.2167 0.6417 0.2972
vt 0.8020 0.3012 1.2158
vt 0.8020 0.3067 1.2165
vt 0.7249 0.3067 1.2194
vt 0.7250 0.3012 1.2187
vt 0.6415 0.3067 1.2225
vt 0.6416 0.3012 1.2219
vt -0.2158 0.8020 0.3012
vt -0.2187 0.7250 0.3012
vt -0.2219 0.6416 0.3012
vt 0.5553 0.3012 1.2251
vt 0.5552 0.3067 1.2258
vt -0.2199 0.5553 0.2972
vt -0.2251 0.5553 0.3012
vt -0.2058 0.5554 0.2945
vt 1.1879 0.8688 0.2945
vt 1.2017 0.8690 0.2972
vt 1.1855 0.9263 0.2945
vt 1.1993 0.9265 0.2972
vt 0.1309 0.3067 -0.2075
vt 0.1310 0.3012 -0.2068
vt 0.0731 0.3067 -0.2050
vt 0.0732 0.3012 -0.2043
vt 1.2068 0.8690 0.3012
vt 1.2043 0.9268 0.3012
vt -0.0170 0.3067 -0.2011
vt -0.0167 0.3012 -0.2005
vt 0.0242 0.3012 -0.2022
vt 0.0240 0.3067 -0.2028
vt 1.2005 1.0167 0.3012
vt 1.1954 1.0162 0.2972
vt 1.1972 0.9754 0.2972
vt 1.2022 0.9758 0.3012
vt 1.1817 1.0157 0.2945
vt 1.1834 0.9751 0.2945
vt 1.1273 1.1010 0.2938
vt 1.1399 1.1054 0.2949
vt 1.1018 1.1126 0.2948
vt 1.0984 1.1048 0.2933
vt 1.1494 1.1089 0.2973
vt 1.1071 1.1170 0.2973
vt 1.0504 1.1163 0.2946
vt 1.0495 1.1076 0.2929
vt 1.0518 1.1211 0.2972
vt 1.1530 0.3012 1.1106
vt 1.1534 0.3067 1.1113
vt 1.1095 0.3067 1.1196
vt 1.1091 0.3012 1.1190
vt 1.0526 0.3067 1.1238
vt 1.0524 0.3012 1.1232
vt 1.1494 0.2973 1.1089
vt 1.1071 0.2973 1.1170
vt 1.0518 0.2972 1.1211
vt 0.9172 0.3067 1.1252
vt 0.9172 0.3012 1.1246
vt 0.9870 0.3012 1.1246
vt 0.9871 0.3067 1.1252
vt 0.9172 0.2972 1.1224
vt 0.9869 0.2972 1.1224
vt 0.9173 1.1175 0.2945
vt 0.9175 1.1085 0.2928
vt 0.9870 1.1085 0.2928
vt 0.9869 1.1175 0.2945
vt 0.9172 1.1224 0.2972
vt 0.9869 1.1224 0.2972
vt 0.8474 1.1175 0.2945
vt 0.8476 1.1085 0.2928
vt 0.8473 1.1224 0.2972
vt 0.7773 1.1175 0.2945
vt 0.7775 1.1085 0.2928
vt 0.7772 1.1224 0.2972
vt 0.8471 0.3067 1.1252
vt 0.8472 0.3012 1.1246
vt 0.7770 0.3067 1.1252
vt 0.7771 0.3012 1.1246
vt 0.8473 0.2972 1.1224
vt 0.7772 0.2972 1.1224
vt 0.6366 0.3067 1.1252
vt 0.6366 0.3012 1.1246
vt 0.7069 0.3012 1.1246
vt 0.7068 0.3067 1.1252
vt 0.6367 0.2972 1.1224
vt 0.7070 0.2972 1.1224
vt 0.6368 1.1175 0.2945
vt 0.6369 1.1085 0.2928
vt 0.7072 1.1085 0.2928
vt 0.7071 1.1175 0.2945
vt 0.6367 1.1224 0.2972
vt 0.7070 1.1224 0.2972
vt 0.5664 1.1175 0.2945
vt 0.5665 1.1085 0.2928
vt 0.5664 1.1224 0.2972
vt 0.4961 1.1175 0.2945
vt 0.4961 1.1085 0.2928
vt 0.4961 1.1224 0.2972
vt 0.5663 0.3067 1.1252
vt 0.5664 0.3012 1.1246
vt 0.4961 0.3067 1.1252
vt 0.4961 0.3012 1.1246
vt 0.5664 0.2972 1.1224
vt 0.4961 0.2972 1.1224
vt 0.3556 0.3067 1.1252
vt 0.3556 0.3012 1.1246
vt 0.4258 0.3012 1.1246
vt 0.4259 0.3067 1.1252
vt 0.3555 0.2972 1.1224
vt 0.4258 0.2972 1.1224
vt 0.3555 1.1175 0.2945
vt 0.3554 1.1085 0.2928
vt 0.4258 1.1085 0.2928
vt 0.4258 1.1175 0.2945
vt 0.3555 1.1224 0.2972
vt 0.4258 1.1224 0.2972
vt 0.2852 1.1175 0.2945
vt 0.2850 1.1085 0.2928
vt 0.2852 1.1224 0.2972
vt 0.2149 1.1175 0.2945
vt 0.2148 1.1085 0.2928
vt 0.2150 1.1224 0.2972
vt 0.2854 0.3067 1.1252
vt 0.2853 0.3012 1.1246
vt 0.2152 0.3067 1.1252
vt 0.2151 0.3012 1.1246
vt 0.2852 0.2972 1.1224
vt 0.2150 0.2972 1.1224
vt 0.0750 0.3067 1.1252
vt 0.0750 0.3012 1.1246
vt 0.1450 0.3012 1.1246
vt 0.1451 0.3067 1.1252
vt 0.0750 0.2972 1.1224
vt 0.1449 0.2972 1.1224
vt 0.0749 1.1175 0.2945
vt 0.0748 1.1085 0.2928
vt 0.1446 1.1085 0.2928
vt 0.1448 1.1175 0.2945
vt 0.0750 1.1224 0.2972
vt 0.1449 1.1224 0.2972
vt 0.0053 1.1175 0.2945
vt 0.0053 1.1085 0.2928
vt 0.0053 1.1224 0.2972
vt -0.0581 1.1163 0.2946
vt -0.0573 1.1076 0.2929
vt -0.0595 1.1211 0.2972
vt 0.0051 0.3067 1.1252
vt 0.0052 0.3012 1.1246
vt -0.0604 0.3067 1.1238
vt -0.0602 0.3012 1.1232
vt 0.0053 0.2972 1.1224
vt -0.0595 0.2972 1.1211
vt -0.1612 0.3067 1.1113
vt -0.1607 0.3012 1.1106
vt -0.1169 0.3012 1.1190
vt -0.1173 0.3067 1.1196
vt -0.1571 0.2973 1.1089
vt -0.1149 0.2973 1.1170
vt -0.1476 1.1054 0.2949
vt -0.1350 1.1010 0.2938
vt -0.1061 1.1048 0.2933
vt -0.1095 1.1126 0.2948
vt -0.1571 1.1089 0.2973
vt -0.1149 1.1170 0.2973
vt -0.1708 1.0932 0.2948
vt -0.1476 1.0916 0.2933
vt -0.1828 1.0955 0.2973
vt -0.1829 1.0749 0.2946
vt -0.1573 1.0741 0.2929
vt -0.1962 1.0759 0.2972
vt -0.1878 0.3067 1.0973
vt -0.1873 0.3012 1.0967
vt 1.0967 0.3012 1.1873
vt 1.0973 0.3067 1.1878
vt 1.0772 0.3067 1.2017
vt 1.0767 0.3012 1.2011
vt -0.1828 0.2973 1.0955
vt -0.1873 1.0967 0.3012
vt -0.2011 1.0767 0.3012
vt 1.0170 0.3067 1.2083
vt 1.0167 0.3012 1.2077
vt 1.0502 0.3012 1.2064
vt 1.0506 0.3067 1.2070
vt -0.2077 1.0167 0.3012
vt -0.2027 1.0162 0.2972
vt -0.2014 1.0496 0.2972
vt -0.2064 1.0502 0.3012
vt -0.1889 1.0157 0.2945
vt -0.1612 1.0485 0.2928
vt -0.1877 1.0490 0.2945
vt -0.2160 0.3141 -0.4341
vt -0.2440 0.3141 -0.4271
vt -0.2154 0.3235 -0.4333
vt -0.2433 0.3235 -0.4263
vt -0.2574 0.3141 -0.4148
vt -0.2568 0.3235 -0.4138
vt -0.2130 0.3351 -0.4307
vt -0.2361 0.3490 -0.4175
vt -0.2409 0.3351 -0.4234
vt 1.4234 0.3351 -0.2409
vt 1.4175 0.3490 -0.2361
vt 1.4041 0.3490 -0.2494
vt 1.4103 0.3348 -0.2541
vt -0.2543 0.3351 -0.4106
vt 1.3591 0.3351 -0.2565
vt 1.3900 0.3351 -0.2580
vt 1.3831 0.3490 -0.2530
vt 1.3626 0.3235 -0.2589
vt 1.3934 0.3235 -0.2604
vt 1.4106 0.3351 -0.2543
vt 1.4138 0.3235 -0.2568
vt 1.3637 0.3141 -0.2596
vt 1.3945 0.3141 -0.2610
vt 1.4148 0.3141 -0.2574
vt 0.0407 0.3141 -0.4410
vt -0.0356 0.3141 -0.4410
vt 0.0414 0.3235 -0.4404
vt -0.0349 0.3235 -0.4404
vt -0.1070 0.3141 -0.4403
vt -0.1063 0.3235 -0.4397
vt 0.0430 0.3351 -0.4381
vt -0.0331 0.3351 -0.4381
vt -0.1043 0.3351 -0.4374
vt -0.1659 0.3351 -0.4352
vt -0.1681 0.3235 -0.4376
vt -0.1688 0.3141 -0.4382
vt 0.3467 0.3141 -0.4410
vt 0.2702 0.3141 -0.4410
vt 0.3469 0.3235 -0.4404
vt 0.2705 0.3235 -0.4404
vt 0.1936 0.3141 -0.4410
vt 0.1941 0.3235 -0.4404
vt 0.3475 0.3351 -0.4381
vt 0.2714 0.3351 -0.4381
vt 0.1952 0.3351 -0.4381
vt 0.1191 0.3351 -0.4381
vt 0.1177 0.3235 -0.4404
vt 0.1171 0.3141 -0.4410
vt 0.6529 0.3141 -0.4410
vt 0.5764 0.3141 -0.4410
vt 0.6527 0.3235 -0.4404
vt 0.5762 0.3235 -0.4404
vt 0.4998 0.3141 -0.4410
vt 0.4998 0.3235 -0.4404
vt 0.6521 0.3351 -0.4381
vt 0.5760 0.3351 -0.4381
vt 0.4998 0.3351 -0.4381
vt 0.4237 0.3351 -0.4381
vt 0.4234 0.3235 -0.4404
vt 0.4233 0.3141 -0.4410
vt 0.9589 0.3141 -0.4410
vt 0.8825 0.3141 -0.4410
vt 0.9582 0.3235 -0.4404
vt 0.8819 0.3235 -0.4404
vt 0.8060 0.3141 -0.4410
vt 0.8055 0.3235 -0.4404
vt 0.9566 0.3351 -0.4381
vt 0.8805 0.3351 -0.4381
vt 0.8044 0.3351 -0.4381
vt 0.7283 0.3351 -0.4381
vt 0.7291 0.3235 -0.4404
vt 0.7295 0.3141 -0.4410
vt -0.1348 0.3141 1.2520
vt -0.2027 0.3141 1.2543
vt -0.1341 0.3235 1.2514
vt -0.2019 0.3235 1.2537
vt -0.2652 0.3141 1.2564
vt -0.2642 0.3235 1.2557
vt -0.1322 0.3351 1.2490
vt -0.1950 0.3490 1.2465
vt -0.1995 0.3351 1.2513
vt -0.2558 0.3490 1.2485
vt -0.2614 0.3351 1.2533
vt -0.3591 0.3351 1.2567
vt -0.3154 0.3351 1.2552
vt -0.3089 0.3490 1.2503
vt -0.3626 0.3235 1.2591
vt -0.3186 0.3235 1.2575
vt -0.3637 0.3141 1.2597
vt -0.3197 0.3141 1.2582
vt 1.2157 0.3141 -0.4341
vt 1.1684 0.3141 -0.4382
vt 1.2150 0.3235 -0.4333
vt 1.1677 0.3235 -0.4376
vt 1.1066 0.3141 -0.4403
vt 1.1060 0.3235 -0.4397
vt 1.2127 0.3351 -0.4307
vt 1.1655 0.3351 -0.4352
vt 1.1039 0.3351 -0.4374
vt 1.0327 0.3351 -0.4381
vt 1.0345 0.3235 -0.4404
vt 1.0352 0.3141 -0.4410
vt 1.1348 0.3141 -0.2507
vt 1.0640 0.3141 -0.2479
vt 1.1341 0.3235 -0.2501
vt 1.0634 0.3235 -0.2472
vt 0.9910 0.3141 -0.2448
vt 0.9905 0.3235 -0.2442
vt 1.1322 0.3351 -0.2477
vt 1.0619 0.3351 -0.2449
vt 0.9894 0.3351 -0.2419
vt 0.8407 0.3351 -0.2355
vt 0.9154 0.3351 -0.2387
vt 0.8412 0.3235 -0.2378
vt 0.9162 0.3235 -0.2410
vt 0.8415 0.3141 -0.2384
vt 0.9166 0.3141 -0.2416
vt 0.1585 0.3141 1.2412
vt 0.0834 0.3141 1.2440
vt 0.1588 0.3235 1.2405
vt 0.0838 0.3235 1.2434
vt 0.0090 0.3141 1.2468
vt 0.0095 0.3235 1.2462
vt 0.1593 0.3351 1.2383
vt 0.0846 0.3351 1.2411
vt 0.0106 0.3351 1.2438
vt -0.0619 0.3351 1.2465
vt -0.0634 0.3235 1.2488
vt -0.0640 0.3141 1.2495
vt 0.7663 0.3141 -0.2352
vt 0.7662 0.3235 -0.2346
vt 0.6902 0.3141 -0.2319
vt 0.6902 0.3235 -0.2313
vt 0.7660 0.3351 -0.2323
vt 0.6902 0.3351 -0.2290
vt 0.5313 0.3351 -0.2222
vt 0.6123 0.3351 -0.2257
vt 0.5307 0.3235 -0.2244
vt 0.6120 0.3235 -0.2279
vt 0.5305 0.3141 -0.2250
vt 0.6119 0.3141 -0.2285
vt 0.4695 0.3141 1.2294
vt 0.3881 0.3141 1.2325
vt 0.4693 0.3235 1.2288
vt 0.3880 0.3235 1.2319
vt 0.3098 0.3141 1.2354
vt 0.3098 0.3235 1.2348
vt 0.4687 0.3351 1.2266
vt 0.3877 0.3351 1.2296
vt 0.3098 0.3351 1.2326
vt 0.2340 0.3351 1.2354
vt 0.2338 0.3235 1.2377
vt 0.2337 0.3141 1.2383
vt 0.4449 0.3141 -0.2213
vt 0.4452 0.3235 -0.2208
vt 0.3586 0.3141 -0.2176
vt 0.3591 0.3235 -0.2170
vt 0.4460 0.3351 -0.2186
vt 0.3601 0.3351 -0.2149
vt 0.2003 0.3351 -0.2080
vt 0.2771 0.3351 -0.2113
vt 0.1988 0.3235 -0.2101
vt 0.2758 0.3235 -0.2135
vt 0.1982 0.3141 -0.2107
vt 0.2752 0.3141 -0.2140
vt 0.8018 0.3141 1.2168
vt 0.7248 0.3141 1.2197
vt 0.8012 0.3235 1.2163
vt 0.7242 0.3235 1.2192
vt 0.6414 0.3141 1.2229
vt 0.6409 0.3235 1.2223
vt 0.7997 0.3351 1.2141
vt 0.7229 0.3351 1.2170
vt 0.6399 0.3351 1.2201
vt 0.5540 0.3351 1.2234
vt 0.5548 0.3235 1.2256
vt 0.5551 0.3141 1.2261
vt 0.1310 0.3141 -0.2078
vt 0.1316 0.3235 -0.2073
vt 0.0731 0.3141 -0.2053
vt 0.0738 0.3235 -0.2048
vt 0.1366 0.3490 -0.2008
vt 0.1333 0.3351 -0.2051
vt 0.0792 0.3490 -0.1984
vt 0.0756 0.3351 -0.2027
vt -0.0145 0.3351 -0.1988
vt 0.0265 0.3351 -0.2006
vt 0.0303 0.3490 -0.1963
vt -0.0166 0.3235 -0.2009
vt 0.0246 0.3235 -0.2026
vt -0.0172 0.3141 -0.2014
vt 0.0239 0.3141 -0.2032
vt 1.1537 0.3141 1.1116
vt 1.1097 0.3141 1.1200
vt 1.1531 0.3235 1.1110
vt 1.1091 0.3235 1.1194
vt 1.0527 0.3141 1.1242
vt 1.0521 0.3235 1.1236
vt 1.1512 0.3351 1.1087
vt 1.1072 0.3351 1.1171
vt 1.0504 0.3351 1.1213
vt 0.9151 0.3351 1.1227
vt 0.9849 0.3351 1.1227
vt 0.9165 0.3235 1.1250
vt 0.9865 0.3235 1.1250
vt 0.9171 0.3141 1.1256
vt 0.9871 0.3141 1.1256
vt 0.8470 0.3141 1.1256
vt 0.8465 0.3235 1.1250
vt 0.7769 0.3141 1.1256
vt 0.7765 0.3235 1.1250
vt 0.8453 0.3351 1.1227
vt 0.7755 0.3351 1.1227
vt 0.6358 0.3351 1.1227
vt 0.7057 0.3351 1.1227
vt 0.6363 0.3235 1.1250
vt 0.7064 0.3235 1.1250
vt 0.6365 0.3141 1.1256
vt 0.7067 0.3141 1.1256
vt 0.5663 0.3141 1.1256
vt 0.5662 0.3235 1.1250
vt 0.4961 0.3141 1.1256
vt 0.4961 0.3235 1.1250
vt 0.5660 0.3351 1.1227
vt 0.4961 0.3351 1.1227
vt 0.3564 0.3351 1.1227
vt 0.4263 0.3351 1.1227
vt 0.3559 0.3235 1.1250
vt 0.4260 0.3235 1.1250
vt 0.3557 0.3141 1.1256
vt 0.4259 0.3141 1.1256
vt 0.2855 0.3141 1.1256
vt 0.2858 0.3235 1.1250
vt 0.2153 0.3141 1.1256
vt 0.2157 0.3235 1.1250
vt 0.2865 0.3351 1.1227
vt 0.2167 0.3351 1.1227
vt 0.0771 0.3351 1.1227
vt 0.1469 0.3351 1.1227
vt 0.0757 0.3235 1.1250
vt 0.1457 0.3235 1.1250
vt 0.0751 0.3141 1.1256
vt 0.1452 0.3141 1.1256
vt 0.0051 0.3141 1.1256
vt 0.0057 0.3235 1.1250
vt -0.0605 0.3141 1.1242
vt -0.0599 0.3235 1.1236
vt 0.0073 0.3351 1.1227
vt -0.0582 0.3351 1.1213
vt -0.1589 0.3351 1.1087
vt -0.1150 0.3351 1.1171
vt -0.1609 0.3235 1.1110
vt -0.1169 0.3235 1.1194
vt -0.1614 0.3141 1.1116
vt -0.1174 0.3141 1.1200
vt -0.1882 0.3141 1.0976
vt -0.1876 0.3235 1.0970
vt 1.0976 0.3141 1.1882
vt 1.0775 0.3141 1.2020
vt 1.0970 0.3235 1.1876
vt 1.0769 0.3235 1.2015
vt -0.1814 0.3490 1.0902
vt -0.1856 0.3351 1.0947
vt 1.0947 0.3351 1.1856
vt 1.0902 0.3490 1.1814
vt 1.0703 0.3490 1.1952
vt 1.0747 0.3351 1.1994
vt 1.0145 0.3351 1.2060
vt 1.0481 0.3351 1.2048
vt 1.0438 0.3490 1.2005
vt 1.0166 0.3235 1.2081
vt 1.0502 0.3235 1.2068
vt 1.0172 0.3141 1.2087
vt 1.0509 0.3141 1.2074
vt 1.2079 -0.3140 0.2928
vt 1.1610 -0.3094 0.2917
vt 1.2060 -0.2610 0.2928
vt 1.1592 -0.2575 0.2917
vt 1.1002 -0.3040 0.2912
vt 1.0986 -0.2533 0.2912
vt 1.2038 -0.2003 0.2928
vt 1.1571 -0.1980 0.2917
vt 1.0967 -0.1953 0.2912
vt 0.9523 -0.1904 0.2911
vt 1.0270 -0.1926 0.2911
vt 0.9538 -0.2458 0.2911
vt 1.0286 -0.2492 0.2911
vt 0.9551 -0.2943 0.2911
vt 1.0301 -0.2987 0.2911
vt 0.8796 -0.2916 0.2911
vt 0.8786 -0.2437 0.2911
vt 0.8039 -0.2903 0.2911
vt 0.8030 -0.2427 0.2911
vt 0.8773 -0.1891 0.2911
vt 0.8020 -0.1885 0.2911
vt 0.6508 -0.1882 0.2911
vt 0.7265 -0.1882 0.2911
vt 0.6514 -0.2424 0.2911
vt 0.7273 -0.2424 0.2911
vt 0.6519 -0.2898 0.2911
vt 0.7280 -0.2898 0.2911
vt 0.5759 -0.2898 0.2911
vt 0.5755 -0.2424 0.2911
vt 0.4998 -0.2898 0.2911
vt 0.4997 -0.2424 0.2911
vt 0.5752 -0.1882 0.2911
vt 0.4995 -0.1882 0.2911
vt 0.3483 -0.1882 0.2911
vt 0.4239 -0.1882 0.2911
vt 0.3480 -0.2424 0.2911
vt 0.4238 -0.2424 0.2911
vt 0.3477 -0.2898 0.2911
vt 0.4237 -0.2898 0.2911
vt 0.2716 -0.2898 0.2911
vt 0.2721 -0.2424 0.2911
vt 0.1957 -0.2903 0.2911
vt 0.1963 -0.2427 0.2911
vt 0.2726 -0.1882 0.2911
vt 0.1971 -0.1885 0.2911
vt 0.0467 -0.1904 0.2911
vt 0.1217 -0.1891 0.2911
vt 0.0456 -0.2458 0.2911
vt 0.1208 -0.2437 0.2911
vt 0.0445 -0.2943 0.2911
vt 0.1200 -0.2916 0.2911
vt -0.0305 -0.2987 0.2911
vt -0.0293 -0.2492 0.2911
vt -0.1006 -0.3040 0.2912
vt -0.0992 -0.2533 0.2912
vt -0.0279 -0.1926 0.2911
vt -0.0976 -0.1953 0.2912
vt -0.1581 -0.1980 0.2917
vt -0.1598 -0.2575 0.2917
vt -0.1614 -0.3094 0.2917
vt 0.0765 -0.2514 0.4386
vt 0.0059 -0.2514 0.4354
vt 0.0776 -0.2063 0.4429
vt 0.0072 -0.2063 0.4388
vt -0.0612 -0.2525 0.4309
vt -0.0597 -0.2072 0.4332
vt 0.0789 -0.1551 0.4471
vt 0.0087 -0.1551 0.4421
vt -0.0580 -0.1558 0.4356
vt -0.1175 -0.1581 0.4270
vt -0.1194 -0.2100 0.4255
vt -0.1210 -0.2556 0.4241
vt 0.3590 -0.2514 0.4467
vt 0.2884 -0.2514 0.4454
vt 0.3595 -0.2063 0.4533
vt 0.2890 -0.2063 0.4517
vt 0.2178 -0.2514 0.4436
vt 0.2186 -0.2063 0.4493
vt 0.3600 -0.1551 0.4599
vt 0.2897 -0.1551 0.4579
vt 0.2195 -0.1551 0.4550
vt 0.1492 -0.1551 0.4515
vt 0.1481 -0.2063 0.4464
vt 0.1471 -0.2514 0.4413
vt 0.6416 -0.2514 0.4467
vt 0.5709 -0.2514 0.4475
vt 0.6413 -0.2063 0.4533
vt 0.5709 -0.2063 0.4543
vt 0.5003 -0.2514 0.4477
vt 0.5004 -0.2063 0.4547
vt 0.6411 -0.1551 0.4599
vt 0.5708 -0.1551 0.4611
vt 0.5006 -0.1551 0.4615
vt 0.4303 -0.1551 0.4611
vt 0.4300 -0.2063 0.4543
vt 0.4297 -0.2514 0.4475
vt 0.9241 -0.2514 0.4386
vt 0.8535 -0.2514 0.4413
vt 0.9232 -0.2063 0.4429
vt 0.8527 -0.2063 0.4464
vt 0.7828 -0.2514 0.4436
vt 0.7823 -0.2063 0.4493
vt 0.9222 -0.1551 0.4471
vt 0.8519 -0.1551 0.4515
vt 0.7816 -0.1551 0.4550
vt 0.7114 -0.1551 0.4579
vt 0.7118 -0.2063 0.4517
vt 0.7122 -0.2514 0.4454
vt 1.1706 -0.2620 0.4140
vt 1.1216 -0.2556 0.4241
vt 1.1691 -0.2154 0.4147
vt 1.1202 -0.2100 0.4255
vt 1.0618 -0.2525 0.4309
vt 1.0605 -0.2072 0.4332
vt 1.1673 -0.1625 0.4154
vt 1.1186 -0.1581 0.4270
vt 1.0591 -0.1558 0.4356
vt 0.9924 -0.1551 0.4421
vt 0.9937 -0.2063 0.4388
vt 0.9947 -0.2514 0.4354
vt -0.2982 0.3656 1.2422
vt -0.2466 0.3656 1.2404
vt -0.2854 0.3831 1.2281
vt -0.2356 0.3832 1.2264
vt -0.1875 0.3656 1.2384
vt -0.1787 0.3832 1.2244
vt 1.2017 -0.1698 0.4004
vt 1.2035 -0.2246 0.4001
vt 1.2244 -0.1787 0.3832
vt 1.2264 -0.2356 0.3832
vt 1.2051 -0.2726 0.3998
vt 1.2281 -0.2854 0.3831
vt 1.3716 0.3656 -0.2448
vt 1.3934 0.3656 -0.2413
vt 1.3579 0.3830 -0.2306
vt 1.3805 0.3828 -0.2272
vt -0.2281 0.3656 -0.4078
vt -0.2148 0.3824 -0.3960
vt -0.2494 -0.4041 0.3490
vt -0.2361 -0.4175 0.3490
vt -0.2281 -0.4078 0.3656
vt -0.2413 -0.3934 0.3656
vt -0.2148 -0.3960 0.3824
vt -0.2272 -0.3805 0.3828
vt -0.1942 -0.3838 0.3970
vt -0.2047 -0.3676 0.3986
vt -0.1886 -0.4058 0.3822
vt -0.2075 -0.3442 0.3993
vt -0.2306 -0.3579 0.3830
vt 1.3196 0.3067 -0.2574
vt 1.3194 0.3012 -0.2567
vt 1.2652 0.3067 -0.2553
vt 1.2651 0.3012 -0.2547
vt 1.2567 -0.3194 0.3012
vt 1.2513 -0.3186 0.2972
vt 1.2547 -0.2651 0.3012
vt 1.2492 -0.2645 0.2972
vt 1.2028 0.3067 -0.2530
vt 1.2028 0.3012 -0.2523
vt 1.2523 -0.2028 0.3012
vt 1.2469 -0.2025 0.2972
vt 1.2322 -0.2017 0.2945
vt 1.2345 -0.2633 0.2945
vt 1.2365 -0.3169 0.2945
vt -0.3943 0.3067 1.2606
vt -0.3938 0.3012 1.2599
vt -0.4145 0.3067 1.2569
vt -0.4140 0.3012 1.2562
vt -0.2599 -0.3938 0.3012
vt -0.2544 -0.3928 0.2972
vt -0.2562 -0.4140 0.3012
vt -0.2508 -0.4129 0.2972
vt 1.2434 0.3067 -0.4268
vt 1.2427 0.3012 -0.4262
vt 1.2378 0.2973 -0.4250
vt 1.2569 0.3067 -0.4145
vt 1.2562 0.3012 -0.4140
vt -0.2427 -0.4262 0.3012
vt -0.2378 -0.4250 0.2973
vt -0.2246 -0.4228 0.2948
vt -0.2364 -0.4110 0.2946
vt -0.2396 -0.3909 0.2945
vt 1.3154 0.3351 -0.2547
vt 1.2614 0.3351 -0.2527
vt 1.3186 0.3235 -0.2572
vt 1.2642 0.3235 -0.2551
vt 1.1995 0.3351 -0.2503
vt 1.2019 0.3235 -0.2527
vt 1.2027 0.3141 -0.2534
vt 1.2652 0.3141 -0.2557
vt 1.3197 0.3141 -0.2578
vt -0.3900 0.3351 1.2580
vt -0.4106 0.3351 1.2542
vt -0.3934 0.3235 1.2604
vt -0.4138 0.3235 1.2566
vt 1.2407 0.3351 -0.4234
vt 1.2431 0.3235 -0.4263
vt 1.2493 0.3490 -0.4041
vt 1.2542 0.3351 -0.4106
vt 1.2566 0.3235 -0.4138
vt 1.2437 0.3141 -0.4271
vt 1.2573 0.3141 -0.4148
vt -0.3945 0.3141 1.2610
vt -0.4148 0.3141 1.2573
vt 1.1538 1.0485 0.2928
vt 1.1103 1.0482 0.2917
vt 1.1497 1.0741 0.2929
vt 1.1076 1.0740 0.2919
vt 1.0538 1.0481 0.2912
vt 1.0525 1.0742 0.2914
vt 1.1400 1.0916 0.2933
vt 1.1020 1.0924 0.2924
vt 1.0507 1.0938 0.2919
vt 0.9178 1.0943 0.2917
vt 0.9874 1.0943 0.2917
vt 0.9184 1.0743 0.2912
vt 0.9879 1.0743 0.2912
vt 0.9191 1.0480 0.2911
vt 0.9887 1.0480 0.2911
vt 0.8490 1.0480 0.2911
vt 0.8484 1.0743 0.2912
vt 0.7787 1.0480 0.2911
vt 0.7782 1.0743 0.2912
vt 0.8480 1.0943 0.2917
vt 0.7778 1.0943 0.2917
vt 0.6370 1.0943 0.2917
vt 0.7075 1.0943 0.2917
vt 0.6373 1.0743 0.2912
vt 0.7078 1.0743 0.2912
vt 0.6375 1.0480 0.2911
vt 0.7082 1.0480 0.2911
vt 0.5669 1.0480 0.2911
vt 0.5667 1.0743 0.2912
vt 0.4963 1.0480 0.2911
vt 0.4962 1.0743 0.2912
vt 0.5666 1.0943 0.2917
vt 0.4962 1.0943 0.2917
vt 0.3553 1.0943 0.2917
vt 0.4258 1.0943 0.2917
vt 0.3552 1.0743 0.2912
vt 0.4257 1.0743 0.2912
vt 0.3551 1.0480 0.2911
vt 0.4257 1.0480 0.2911
vt 0.2844 1.0480 0.2911
vt 0.2847 1.0743 0.2912
vt 0.2139 1.0480 0.2911
vt 0.2143 1.0743 0.2912
vt 0.2849 1.0943 0.2917
vt 0.2146 1.0943 0.2917
vt 0.0745 1.0943 0.2917
vt 0.1444 1.0943 0.2917
vt 0.0741 1.0743 0.2912
vt 0.1440 1.0743 0.2912
vt 0.0735 1.0480 0.2911
vt 0.1436 1.0480 0.2911
vt 0.0039 1.0480 0.2911
vt 0.0045 1.0743 0.2912
vt -0.0612 1.0481 0.2912
vt -0.0601 1.0742 0.2914
vt 0.0050 1.0943 0.2917
vt -0.0583 1.0938 0.2919
vt -0.1097 1.0924 0.2924
vt -0.1152 1.0740 0.2919
vt -0.1177 1.0482 0.2917
vt 0.1083 1.0060 0.4315
vt 0.0424 1.0060 0.4299
vt 0.1085 1.0317 0.4277
vt 0.0426 1.0317 0.4267
vt -0.0201 1.0067 0.4270
vt -0.0194 1.0323 0.4244
vt 0.1077 1.0529 0.4219
vt 0.0417 1.0529 0.4213
vt -0.0192 1.0530 0.4196
vt -0.0699 1.0535 0.4157
vt -0.0737 1.0340 0.4197
vt -0.0757 1.0088 0.4217
vt 0.3718 1.0060 0.4355
vt 0.3059 1.0060 0.4349
vt 0.3719 1.0317 0.4303
vt 0.3061 1.0317 0.4299
vt 0.2401 1.0060 0.4340
vt 0.2402 1.0317 0.4293
vt 0.3717 1.0529 0.4235
vt 0.3057 1.0529 0.4232
vt 0.2397 1.0529 0.4229
vt 0.1737 1.0529 0.4225
vt 0.1744 1.0317 0.4286
vt 0.1742 1.0060 0.4329
vt 0.6354 1.0060 0.4355
vt 0.5695 1.0060 0.4359
vt 0.6354 1.0317 0.4303
vt 0.5695 1.0317 0.4305
vt 0.5036 1.0060 0.4361
vt 0.5037 1.0317 0.4306
vt 0.6357 1.0529 0.4235
vt 0.5697 1.0529 0.4236
vt 0.5037 1.0529 0.4237
vt 0.4377 1.0529 0.4236
vt 0.4378 1.0317 0.4305
vt 0.4377 1.0060 0.4359
vt 0.8989 1.0060 0.4315
vt 0.8330 1.0060 0.4329
vt 0.8988 1.0317 0.4277
vt 0.8330 1.0317 0.4286
vt 0.7671 1.0060 0.4340
vt 0.7671 1.0317 0.4293
vt 0.8997 1.0529 0.4219
vt 0.8337 1.0529 0.4225
vt 0.7677 1.0529 0.4229
vt 0.7017 1.0529 0.4232
vt 0.7012 1.0317 0.4299
vt 0.7012 1.0060 0.4349
vt 1.1283 1.0130 0.4128
vt 1.0829 1.0088 0.4217
vt 1.1250 1.0380 0.4115
vt 1.0811 1.0340 0.4197
vt 1.0272 1.0067 0.4270
vt 1.0267 1.0323 0.4244
vt 1.1170 1.0564 0.4085
vt 1.0773 1.0535 0.4157
vt 1.0266 1.0530 0.4196
vt 0.9657 1.0529 0.4213
vt 0.9647 1.0317 0.4267
vt 0.9648 1.0060 0.4299
vt 1.0368 0.3656 1.1934
vt 1.0630 0.3656 1.1882
vt 1.0284 0.3830 1.1809
vt 1.0542 0.3828 1.1759
vt -0.1746 0.3656 1.0827
vt -0.1630 0.3824 1.0735
vt 1.0827 0.3656 1.1746
vt 1.1882 1.0630 0.3656
vt 1.1746 1.0827 0.3656
vt 1.1630 1.0735 0.3824
vt 1.1759 1.0542 0.3828
vt 1.1447 1.0639 0.3970
vt 1.1557 1.0453 0.3986
vt 1.1379 1.0868 0.3822
vt 1.1601 1.0200 0.3993
vt 1.1809 1.0284 0.3830
vt 0.0366 0.3656 -0.1892
vt 0.0849 0.3656 -0.1913
vt 0.0441 0.3831 -0.1766
vt 0.0918 0.3832 -0.1786
vt 0.1418 0.3656 -0.1937
vt 0.1480 0.3832 -0.1809
vt -0.1598 0.8458 0.4004
vt -0.1576 0.9013 0.4001
vt -0.1809 0.8520 0.3832
vt -0.1786 0.9082 0.3832
vt -0.1557 0.9484 0.3998
vt -0.1766 0.9559 0.3831
vt -0.0506 0.3067 -0.1996
vt -0.0502 0.3012 -0.1990
vt -0.0772 0.3067 -0.1941
vt -0.0767 0.3012 -0.1936
vt 1.1990 1.0502 0.3012
vt 1.1940 1.0496 0.2972
vt 1.1936 1.0767 0.3012
vt 1.1887 1.0759 0.2972
vt 1.1802 0.3067 1.0973
vt 1.1797 0.3012 1.0967
vt 1.1752 0.2973 1.0955
vt -0.0973 0.3067 -0.1802
vt -0.0967 0.3012 -0.1797
vt 1.1797 1.0967 0.3012
vt 1.1752 1.0955 0.2973
vt 1.1632 1.0932 0.2948
vt 1.1754 1.0749 0.2946
vt 1.1803 1.0490 0.2945
vt 0.9760 0.3067 1.2099
vt 0.9758 0.3012 1.2093
vt 0.9269 0.3067 1.2117
vt 0.9268 0.3012 1.2111
vt -0.2093 0.9758 0.3012
vt -0.2042 0.9754 0.2972
vt -0.2111 0.9268 0.3012
vt -0.2060 0.9265 0.2972
vt 0.8691 0.3067 1.2139
vt 0.8690 0.3012 1.2133
vt -0.2133 0.8690 0.3012
vt -0.2082 0.8690 0.2972
vt -0.1943 0.8688 0.2945
vt -0.1922 0.9263 0.2945
vt -0.1904 0.9751 0.2945
vt -0.0481 0.3351 -0.1974
vt -0.0747 0.3351 -0.1919
vt -0.0502 0.3235 -0.1994
vt -0.0769 0.3235 -0.1939
vt 1.1779 0.3351 1.0947
vt 1.1799 0.3235 1.0970
vt -0.0947 0.3351 -0.1779
vt -0.0970 0.3235 -0.1799
vt 1.1805 0.3141 1.0976
vt -0.0775 0.3141 -0.1945
vt -0.0976 0.3141 -0.1805
vt -0.0509 0.3141 -0.2000
vt 0.9735 0.3351 1.2076
vt 0.9244 0.3351 1.2094
vt 0.9754 0.3235 1.2097
vt 0.9262 0.3235 1.2115
vt 0.8667 0.3351 1.2116
vt 0.8684 0.3235 1.2137
vt 0.8690 0.3141 1.2143
vt 0.9269 0.3141 1.2121
vt 0.9761 0.3141 1.2102
# 2515 texture coords

g Box14
usemtl st_leather
s 1
f 789/1319 790/1320 791/1321 792/1322 
f 790/1320 793/1323 794/1324 791/1321 
f 792/1322 791/1321 795/1325 796/1326 
f 791/1321 794/1324 797/1327 795/1325 
f 798/1328 799/1329 800/1330 801/1331 
f 801/1331 800/1330 802/1332 803/1333 
f 793/1323 798/1328 801/1331 794/1324 
f 794/1324 801/1331 803/1333 797/1327 
f 804/1334 805/1335 806/1336 807/1337 
f 805/1335 808/1338 809/1339 806/1336 
f 807/1337 806/1336 803/1333 802/1332 
f 806/1336 809/1339 797/1327 803/1333 
f 810/1340 811/1341 812/1342 813/1343 
f 813/1343 812/1342 796/1326 795/1325 
f 808/1338 810/1340 813/1343 809/1339 
f 809/1339 813/1343 795/1325 797/1327 
f 811/1341 810/1340 814/1344 815/1345 
f 810/1340 808/1338 816/1346 814/1344 
f 815/1345 814/1344 817/1347 818/1348 
f 814/1344 816/1346 819/1349 817/1347 
f 805/1335 804/1334 820/1350 821/1351 
f 821/1351 820/1350 822/1352 823/1353 
f 808/1338 805/1335 821/1351 816/1346 
f 816/1346 821/1351 823/1353 819/1349 
f 824/1354 825/1355 826/1356 827/1357 
f 825/1355 828/1358 829/1359 826/1356 
f 827/1357 826/1356 823/1353 822/1352 
f 826/1356 829/1359 819/1349 823/1353 
f 830/1360 831/1361 832/1362 833/1363 
f 833/1363 832/1362 818/1348 817/1347 
f 828/1358 830/1360 833/1363 829/1359 
f 829/1359 833/1363 817/1347 819/1349 
f 831/1361 830/1360 834/1364 835/1365 
f 830/1360 828/1358 836/1366 834/1364 
f 835/1365 834/1364 837/1367 838/1368 
f 834/1364 836/1366 839/1369 837/1367 
f 825/1355 824/1354 840/1370 841/1371 
f 841/1371 840/1370 842/1372 843/1373 
f 828/1358 825/1355 841/1371 836/1366 
f 836/1366 841/1371 843/1373 839/1369 
f 844/1374 845/1375 846/1376 847/1377 
f 845/1375 848/1378 849/1379 846/1376 
f 847/1377 846/1376 843/1373 842/1372 
f 846/1376 849/1379 839/1369 843/1373 
f 850/1380 851/1381 852/1382 853/1383 
f 853/1383 852/1382 838/1368 837/1367 
f 848/1378 850/1380 853/1383 849/1379 
f 849/1379 853/1383 837/1367 839/1369 
f 851/1381 850/1380 854/1384 855/1385 
f 850/1380 848/1378 856/1386 854/1384 
f 855/1385 854/1384 857/1387 858/1388 
f 854/1384 856/1386 859/1389 857/1387 
f 845/1375 844/1374 860/1390 861/1391 
f 861/1391 860/1390 862/1392 863/1393 
f 848/1378 845/1375 861/1391 856/1386 
f 856/1386 861/1391 863/1393 859/1389 
f 864/1394 865/1395 866/1396 867/1397 
f 865/1395 868/1398 869/1399 866/1396 
f 867/1397 866/1396 863/1393 862/1392 
f 866/1396 869/1399 859/1389 863/1393 
f 870/1400 871/1401 872/1402 873/1403 
f 873/1403 872/1402 858/1388 857/1387 
f 868/1398 870/1400 873/1403 869/1399 
f 869/1399 873/1403 857/1387 859/1389 
f 871/1401 870/1400 874/1404 875/1405 
f 870/1400 868/1398 876/1406 874/1404 
f 875/1405 874/1404 877/1407 878/1408 
f 874/1404 876/1406 879/1409 877/1407 
f 865/1395 864/1394 880/1410 881/1411 
f 881/1411 880/1410 882/1412 883/1413 
f 868/1398 865/1395 881/1411 876/1406 
f 876/1406 881/1411 883/1413 879/1409 
f 884/1414 885/1415 886/1416 887/1417 
f 885/1415 888/1418 889/1419 886/1416 
f 887/1417 886/1416 883/1413 882/1412 
f 886/1416 889/1419 879/1409 883/1413 
f 890/1420 891/1421 892/1422 893/1423 
f 893/1423 892/1422 878/1408 877/1407 
f 888/1418 890/1420 893/1423 889/1419 
f 889/1419 893/1423 877/1407 879/1409 
f 894/1424 895/1425 896/1426 897/1427 
f 895/1425 898/1428 899/1429 896/1426 
f 897/1427 896/1426 900/1430 901/1431 
f 896/1426 899/1429 902/1432 900/1430 
f 903/1433 904/1434 905/1435 906/1436 
f 906/1436 905/1435 907/1437 908/1438 
f 898/1428 903/1433 906/1436 899/1429 
f 899/1429 906/1436 908/1438 902/1432 
f 909/1439 910/1440 911/1441 912/1442 
f 910/1440 913/1443 914/1444 911/1441 
f 912/1442 911/1441 908/1438 907/1437 
f 911/1441 914/1444 902/1432 908/1438 
f 915/1445 916/1446 917/1447 918/1448 
f 918/1448 917/1447 901/1431 900/1430 
f 913/1443 915/1445 918/1448 914/1444 
f 914/1444 918/1448 900/1430 902/1432 
f 916/1446 915/1445 919/1449 920/1450 
f 915/1445 913/1443 921/1451 919/1449 
f 920/1450 919/1449 922/1452 923/1453 
f 919/1449 921/1451 924/1454 922/1452 
f 910/1440 909/1439 925/1455 926/1456 
f 926/1456 925/1455 927/1457 928/1458 
f 913/1443 910/1440 926/1456 921/1451 
f 921/1451 926/1456 928/1458 924/1454 
f 929/1459 930/1460 931/1461 932/1462 
f 930/1460 933/1463 934/1464 931/1461 
f 932/1462 931/1461 928/1458 927/1457 
f 931/1461 934/1464 924/1454 928/1458 
f 935/1465 936/1466 937/1467 938/1468 
f 938/1468 937/1467 923/1453 922/1452 
f 933/1463 935/1465 938/1468 934/1464 
f 934/1464 938/1468 922/1452 924/1454 
f 936/1466 935/1465 939/1469 940/1470 
f 935/1465 933/1463 941/1471 939/1469 
f 940/1470 939/1469 942/1472 943/1473 
f 939/1469 941/1471 944/1474 942/1472 
f 930/1460 929/1459 945/1475 946/1476 
f 946/1476 945/1475 947/1477 948/1478 
f 933/1463 930/1460 946/1476 941/1471 
f 941/1471 946/1476 948/1478 944/1474 
f 949/1479 950/1480 951/1481 952/1482 
f 950/1480 953/1483 954/1484 951/1481 
f 952/1482 951/1481 948/1478 947/1477 
f 951/1481 954/1484 944/1474 948/1478 
f 955/1485 956/1486 957/1487 958/1488 
f 958/1488 957/1487 943/1473 942/1472 
f 953/1483 955/1485 958/1488 954/1484 
f 954/1484 958/1488 942/1472 944/1474 
f 956/1486 955/1485 959/1489 960/1490 
f 955/1485 953/1483 961/1491 959/1489 
f 960/1490 959/1489 962/1492 963/1493 
f 959/1489 961/1491 964/1494 962/1492 
f 950/1480 949/1479 965/1495 966/1496 
f 966/1496 965/1495 967/1497 968/1498 
f 953/1483 950/1480 966/1496 961/1491 
f 961/1491 966/1496 968/1498 964/1494 
f 969/1499 970/1500 971/1501 972/1502 
f 970/1500 973/1503 974/1504 971/1501 
f 972/1502 971/1501 968/1498 967/1497 
f 971/1501 974/1504 964/1494 968/1498 
f 975/1505 976/1506 977/1507 978/1508 
f 978/1508 977/1507 963/1493 962/1492 
f 973/1503 975/1505 978/1508 974/1504 
f 974/1504 978/1508 962/1492 964/1494 
f 976/1506 975/1505 979/1509 980/1510 
f 975/1505 973/1503 981/1511 979/1509 
f 980/1510 979/1509 982/1512 983/1513 
f 979/1509 981/1511 984/1514 982/1512 
f 970/1500 969/1499 985/1515 986/1516 
f 986/1516 985/1515 987/1517 988/1518 
f 973/1503 970/1500 986/1516 981/1511 
f 981/1511 986/1516 988/1518 984/1514 
f 989/1519 990/1520 991/1521 992/1522 
f 990/1520 993/1523 994/1524 991/1521 
f 992/1522 991/1521 988/1518 987/1517 
f 991/1521 994/1524 984/1514 988/1518 
f 995/1525 996/1526 997/1527 998/1528 
f 998/1528 997/1527 983/1513 982/1512 
f 993/1523 995/1525 998/1528 994/1524 
f 994/1524 998/1528 982/1512 984/1514 
f 904/1434 999/1529 1000/1530 905/1435 
f 999/1529 1001/1531 1002/1532 1000/1530 
f 905/1435 1000/1530 1003/1533 907/1437 
f 1000/1530 1002/1532 1004/1534 1003/1533 
f 1005/1535 1006/1536 1007/1537 1008/1538 
f 1008/1538 1007/1537 1009/1539 1010/1540 
f 1001/1531 1005/1535 1008/1538 1002/1532 
f 1002/1532 1008/1538 1010/1540 1004/1534 
f 1011/1541 1012/1542 1013/1543 1014/1544 
f 1012/1542 1015/1545 1016/1546 1013/1543 
f 1014/1544 1013/1543 1010/1540 1009/1539 
f 1013/1543 1016/1546 1004/1534 1010/1540 
f 1017/1547 909/1439 912/1442 1018/1548 
f 1018/1548 912/1442 907/1437 1003/1533 
f 1015/1545 1017/1547 1018/1548 1016/1546 
f 1016/1546 1018/1548 1003/1533 1004/1534 
f 909/1439 1017/1547 1019/1549 925/1455 
f 1017/1547 1015/1545 1020/1550 1019/1549 
f 925/1455 1019/1549 1021/1551 927/1457 
f 1019/1549 1020/1550 1022/1552 1021/1551 
f 1012/1542 1011/1541 1023/1553 1024/1554 
f 1024/1554 1023/1553 1025/1555 1026/1556 
f 1015/1545 1012/1542 1024/1554 1020/1550 
f 1020/1550 1024/1554 1026/1556 1022/1552 
f 1027/1557 1028/1558 1029/1559 1030/1560 
f 1028/1558 1031/1561 1032/1562 1029/1559 
f 1030/1560 1029/1559 1026/1556 1025/1555 
f 1029/1559 1032/1562 1022/1552 1026/1556 
f 1033/1563 929/1459 932/1462 1034/1564 
f 1034/1564 932/1462 927/1457 1021/1551 
f 1031/1561 1033/1563 1034/1564 1032/1562 
f 1032/1562 1034/1564 1021/1551 1022/1552 
f 929/1459 1033/1563 1035/1565 945/1475 
f 1033/1563 1031/1561 1036/1566 1035/1565 
f 945/1475 1035/1565 1037/1567 947/1477 
f 1035/1565 1036/1566 1038/1568 1037/1567 
f 1028/1558 1027/1557 1039/1569 1040/1570 
f 1040/1570 1039/1569 1041/1571 1042/1572 
f 1031/1561 1028/1558 1040/1570 1036/1566 
f 1036/1566 1040/1570 1042/1572 1038/1568 
f 1043/1573 1044/1574 1045/1575 1046/1576 
f 1044/1574 1047/1577 1048/1578 1045/1575 
f 1046/1576 1045/1575 1042/1572 1041/1571 
f 1045/1575 1048/1578 1038/1568 1042/1572 
f 1049/1579 949/1479 952/1482 1050/1580 
f 1050/1580 952/1482 947/1477 1037/1567 
f 1047/1577 1049/1579 1050/1580 1048/1578 
f 1048/1578 1050/1580 1037/1567 1038/1568 
f 949/1479 1049/1579 1051/1581 965/1495 
f 1049/1579 1047/1577 1052/1582 1051/1581 
f 965/1495 1051/1581 1053/1583 967/1497 
f 1051/1581 1052/1582 1054/1584 1053/1583 
f 1044/1574 1043/1573 1055/1585 1056/1586 
f 1056/1586 1055/1585 1057/1587 1058/1588 
f 1047/1577 1044/1574 1056/1586 1052/1582 
f 1052/1582 1056/1586 1058/1588 1054/1584 
f 1059/1589 1060/1590 1061/1591 1062/1592 
f 1060/1590 1063/1593 1064/1594 1061/1591 
f 1062/1592 1061/1591 1058/1588 1057/1587 
f 1061/1591 1064/1594 1054/1584 1058/1588 
f 1065/1595 969/1499 972/1502 1066/1596 
f 1066/1596 972/1502 967/1497 1053/1583 
f 1063/1593 1065/1595 1066/1596 1064/1594 
f 1064/1594 1066/1596 1053/1583 1054/1584 
f 969/1499 1065/1595 1067/1597 985/1515 
f 1065/1595 1063/1593 1068/1598 1067/1597 
f 985/1515 1067/1597 1069/1599 987/1517 
f 1067/1597 1068/1598 1070/1600 1069/1599 
f 1060/1590 1059/1589 1071/1601 1072/1602 
f 1072/1602 1071/1601 1073/1603 1074/1604 
f 1063/1593 1060/1590 1072/1602 1068/1598 
f 1068/1598 1072/1602 1074/1604 1070/1600 
f 1075/1605 1076/1606 1077/1607 1078/1608 
f 1076/1606 1079/1609 1080/1610 1077/1607 
f 1078/1608 1077/1607 1074/1604 1073/1603 
f 1077/1607 1080/1610 1070/1600 1074/1604 
f 1081/1611 989/1519 992/1522 1082/1612 
f 1082/1612 992/1522 987/1517 1069/1599 
f 1079/1609 1081/1611 1082/1612 1080/1610 
f 1080/1610 1082/1612 1069/1599 1070/1600 
f 1006/1536 1083/1613 1084/1614 1007/1537 
f 1083/1613 1085/1615 1086/1616 1084/1614 
f 1007/1537 1084/1614 1087/1617 1009/1539 
f 1084/1614 1086/1616 1088/1618 1087/1617 
f 1089/1619 1090/1620 1091/1621 1092/1622 
f 1092/1622 1091/1621 1093/1623 1094/1624 
f 1085/1615 1089/1619 1092/1622 1086/1616 
f 1086/1616 1092/1622 1094/1624 1088/1618 
f 1095/1625 1096/1626 1097/1627 1098/1628 
f 1096/1626 1099/1629 1100/1630 1097/1627 
f 1098/1628 1097/1627 1094/1624 1093/1623 
f 1097/1627 1100/1630 1088/1618 1094/1624 
f 1101/1631 1011/1541 1014/1544 1102/1632 
f 1102/1632 1014/1544 1009/1539 1087/1617 
f 1099/1629 1101/1631 1102/1632 1100/1630 
f 1100/1630 1102/1632 1087/1617 1088/1618 
f 1011/1541 1101/1631 1103/1633 1023/1553 
f 1101/1631 1099/1629 1104/1634 1103/1633 
f 1023/1553 1103/1633 1105/1635 1025/1555 
f 1103/1633 1104/1634 1106/1636 1105/1635 
f 1096/1626 1095/1625 1107/1637 1108/1638 
f 1108/1638 1107/1637 1109/1639 1110/1640 
f 1099/1629 1096/1626 1108/1638 1104/1634 
f 1104/1634 1108/1638 1110/1640 1106/1636 
f 1111/1641 1112/1642 1113/1643 1114/1644 
f 1112/1642 1115/1645 1116/1646 1113/1643 
f 1114/1644 1113/1643 1110/1640 1109/1639 
f 1113/1643 1116/1646 1106/1636 1110/1640 
f 1117/1647 1027/1557 1030/1560 1118/1648 
f 1118/1648 1030/1560 1025/1555 1105/1635 
f 1115/1645 1117/1647 1118/1648 1116/1646 
f 1116/1646 1118/1648 1105/1635 1106/1636 
f 1027/1557 1117/1647 1119/1649 1039/1569 
f 1117/1647 1115/1645 1120/1650 1119/1649 
f 1039/1569 1119/1649 1121/1651 1041/1571 
f 1119/1649 1120/1650 1122/1652 1121/1651 
f 1112/1642 1111/1641 1123/1653 1124/1654 
f 1124/1654 1123/1653 1125/1655 1126/1656 
f 1115/1645 1112/1642 1124/1654 1120/1650 
f 1120/1650 1124/1654 1126/1656 1122/1652 
f 1127/1657 1128/1658 1129/1659 1130/1660 
f 1128/1658 1131/1661 1132/1662 1129/1659 
f 1130/1660 1129/1659 1126/1656 1125/1655 
f 1129/1659 1132/1662 1122/1652 1126/1656 
f 1133/1663 1043/1573 1046/1576 1134/1664 
f 1134/1664 1046/1576 1041/1571 1121/1651 
f 1131/1661 1133/1663 1134/1664 1132/1662 
f 1132/1662 1134/1664 1121/1651 1122/1652 
f 1043/1573 1133/1663 1135/1665 1055/1585 
f 1133/1663 1131/1661 1136/1666 1135/1665 
f 1055/1585 1135/1665 1137/1667 1057/1587 
f 1135/1665 1136/1666 1138/1668 1137/1667 
f 1128/1658 1127/1657 1139/1669 1140/1670 
f 1140/1670 1139/1669 1141/1671 1142/1672 
f 1131/1661 1128/1658 1140/1670 1136/1666 
f 1136/1666 1140/1670 1142/1672 1138/1668 
f 1143/1673 1144/1674 1145/1675 1146/1676 
f 1144/1674 1147/1677 1148/1678 1145/1675 
f 1146/1676 1145/1675 1142/1672 1141/1671 
f 1145/1675 1148/1678 1138/1668 1142/1672 
f 1149/1679 1059/1589 1062/1592 1150/1680 
f 1150/1680 1062/1592 1057/1587 1137/1667 
f 1147/1677 1149/1679 1150/1680 1148/1678 
f 1148/1678 1150/1680 1137/1667 1138/1668 
f 1059/1589 1149/1679 1151/1681 1071/1601 
f 1149/1679 1147/1677 1152/1682 1151/1681 
f 1071/1601 1151/1681 1153/1683 1073/1603 
f 1151/1681 1152/1682 1154/1684 1153/1683 
f 1144/1674 1143/1673 1155/1685 1156/1686 
f 1156/1686 1155/1685 1157/1687 1158/1688 
f 1147/1677 1144/1674 1156/1686 1152/1682 
f 1152/1682 1156/1686 1158/1688 1154/1684 
f 1159/1689 1160/1690 1161/1691 1162/1692 
f 1160/1690 1163/1693 1164/1694 1161/1691 
f 1162/1692 1161/1691 1158/1688 1157/1687 
f 1161/1691 1164/1694 1154/1684 1158/1688 
f 1165/1695 1075/1605 1078/1608 1166/1696 
f 1166/1696 1078/1608 1073/1603 1153/1683 
f 1163/1693 1165/1695 1166/1696 1164/1694 
f 1164/1694 1166/1696 1153/1683 1154/1684 
f 1090/1620 1167/1697 1168/1698 1091/1621 
f 1167/1697 1169/1699 1170/1700 1168/1698 
f 1091/1621 1168/1698 1171/1701 1093/1623 
f 1168/1698 1170/1700 1172/1702 1171/1701 
f 1173/1703 1174/1704 1175/1705 1176/1706 
f 1176/1706 1175/1705 1177/1707 1178/1708 
f 1169/1699 1173/1703 1176/1706 1170/1700 
f 1170/1700 1176/1706 1178/1708 1172/1702 
f 1179/1709 1180/1710 1181/1711 1182/1712 
f 1180/1710 1183/1713 1184/1714 1181/1711 
f 1182/1712 1181/1711 1178/1708 1177/1707 
f 1181/1711 1184/1714 1172/1702 1178/1708 
f 1185/1715 1095/1625 1098/1628 1186/1716 
f 1186/1716 1098/1628 1093/1623 1171/1701 
f 1183/1713 1185/1715 1186/1716 1184/1714 
f 1184/1714 1186/1716 1171/1701 1172/1702 
f 1095/1625 1185/1715 1187/1717 1107/1637 
f 1185/1715 1183/1713 1188/1718 1187/1717 
f 1107/1637 1187/1717 1189/1719 1109/1639 
f 1187/1717 1188/1718 1190/1720 1189/1719 
f 1180/1710 1179/1709 1191/1721 1192/1722 
f 1192/1722 1191/1721 1193/1723 1194/1724 
f 1183/1713 1180/1710 1192/1722 1188/1718 
f 1188/1718 1192/1722 1194/1724 1190/1720 
f 1195/1725 1196/1726 1197/1727 1198/1728 
f 1196/1726 1199/1729 1200/1730 1197/1727 
f 1198/1728 1197/1727 1194/1724 1193/1723 
f 1197/1727 1200/1730 1190/1720 1194/1724 
f 1201/1731 1111/1641 1114/1644 1202/1732 
f 1202/1732 1114/1644 1109/1639 1189/1719 
f 1199/1729 1201/1731 1202/1732 1200/1730 
f 1200/1730 1202/1732 1189/1719 1190/1720 
f 1111/1641 1201/1731 1203/1733 1123/1653 
f 1201/1731 1199/1729 1204/1734 1203/1733 
f 1123/1653 1203/1733 1205/1735 1125/1655 
f 1203/1733 1204/1734 1206/1736 1205/1735 
f 1196/1726 1195/1725 1207/1737 1208/1738 
f 1208/1738 1207/1737 1209/1739 1210/1740 
f 1199/1729 1196/1726 1208/1738 1204/1734 
f 1204/1734 1208/1738 1210/1740 1206/1736 
f 1211/1741 1212/1742 1213/1743 1214/1744 
f 1212/1742 1215/1745 1216/1746 1213/1743 
f 1214/1744 1213/1743 1210/1740 1209/1739 
f 1213/1743 1216/1746 1206/1736 1210/1740 
f 1217/1747 1127/1657 1130/1660 1218/1748 
f 1218/1748 1130/1660 1125/1655 1205/1735 
f 1215/1745 1217/1747 1218/1748 1216/1746 
f 1216/1746 1218/1748 1205/1735 1206/1736 
f 1127/1657 1217/1747 1219/1749 1139/1669 
f 1217/1747 1215/1745 1220/1750 1219/1749 
f 1139/1669 1219/1749 1221/1751 1141/1671 
f 1219/1749 1220/1750 1222/1752 1221/1751 
f 1212/1742 1211/1741 1223/1753 1224/1754 
f 1224/1754 1223/1753 1225/1755 1226/1756 
f 1215/1745 1212/1742 1224/1754 1220/1750 
f 1220/1750 1224/1754 1226/1756 1222/1752 
f 1227/1757 1228/1758 1229/1759 1230/1760 
f 1228/1758 1231/1761 1232/1762 1229/1759 
f 1230/1760 1229/1759 1226/1756 1225/1755 
f 1229/1759 1232/1762 1222/1752 1226/1756 
f 1233/1763 1143/1673 1146/1676 1234/1764 
f 1234/1764 1146/1676 1141/1671 1221/1751 
f 1231/1761 1233/1763 1234/1764 1232/1762 
f 1232/1762 1234/1764 1221/1751 1222/1752 
f 1143/1673 1233/1763 1235/1765 1155/1685 
f 1233/1763 1231/1761 1236/1766 1235/1765 
f 1155/1685 1235/1765 1237/1767 1157/1687 
f 1235/1765 1236/1766 1238/1768 1237/1767 
f 1228/1758 1227/1757 1239/1769 1240/1770 
f 1240/1770 1239/1769 1241/1771 1242/1772 
f 1231/1761 1228/1758 1240/1770 1236/1766 
f 1236/1766 1240/1770 1242/1772 1238/1768 
f 1243/1773 1244/1774 1245/1775 1246/1776 
f 1244/1774 1247/1777 1248/1778 1245/1775 
f 1246/1776 1245/1775 1242/1772 1241/1771 
f 1245/1775 1248/1778 1238/1768 1242/1772 
f 1249/1779 1159/1689 1162/1692 1250/1780 
f 1250/1780 1162/1692 1157/1687 1237/1767 
f 1247/1777 1249/1779 1250/1780 1248/1778 
f 1248/1778 1250/1780 1237/1767 1238/1768 
f 1251/1781 1252/1782 1253/1783 1254/1784 
f 1252/1782 1255/1785 1256/1786 1253/1783 
f 1254/1784 1253/1783 1257/1787 1258/1788 
f 1253/1783 1256/1786 1259/1789 1257/1787 
f 1260/1790 1261/1791 1262/1792 1263/1793 
f 1263/1793 1262/1792 1264/1794 1265/1795 
f 1255/1785 1260/1790 1263/1793 1256/1786 
f 1256/1786 1263/1793 1265/1795 1259/1789 
f 1266/1796 1267/1797 1268/1798 1269/1799 
f 1267/1797 1270/1800 1271/1801 1268/1798 
f 1269/1799 1268/1798 1265/1795 1264/1794 
f 1268/1798 1271/1801 1259/1789 1265/1795 
f 1272/1802 1273/1803 1274/1804 1275/1805 
f 1275/1805 1274/1804 1258/1788 1257/1787 
f 1270/1800 1272/1802 1275/1805 1271/1801 
f 1271/1801 1275/1805 1257/1787 1259/1789 
f 1261/1791 1276/1806 1277/1807 1262/1792 
f 1276/1806 1278/1808 1279/1809 1277/1807 
f 1262/1792 1277/1807 1280/1810 1264/1794 
f 1277/1807 1279/1809 1281/1811 1280/1810 
f 1282/1812 1283/1813 1284/1814 1285/1815 
f 1285/1815 1284/1814 1286/1816 1287/1817 
f 1278/1808 1282/1812 1285/1815 1279/1809 
f 1279/1809 1285/1815 1287/1817 1281/1811 
f 1288/1818 1289/1819 1290/1820 1291/1821 
f 1289/1819 1292/1822 1293/1823 1290/1820 
f 1291/1821 1290/1820 1287/1817 1286/1816 
f 1290/1820 1293/1823 1281/1811 1287/1817 
f 1294/1824 1266/1796 1269/1799 1295/1825 
f 1295/1825 1269/1799 1264/1794 1280/1810 
f 1292/1822 1294/1824 1295/1825 1293/1823 
f 1293/1823 1295/1825 1280/1810 1281/1811 
f 1283/1813 1296/1826 1297/1827 1284/1814 
f 1296/1826 1298/1828 1299/1829 1297/1827 
f 1284/1814 1297/1827 1300/1830 1286/1816 
f 1297/1827 1299/1829 1301/1831 1300/1830 
f 1302/1832 1303/1833 1304/1834 1305/1835 
f 1305/1835 1304/1834 1306/1836 1307/1837 
f 1298/1828 1302/1832 1305/1835 1299/1829 
f 1299/1829 1305/1835 1307/1837 1301/1831 
f 1308/1838 1309/1839 1310/1840 1311/1841 
f 1309/1839 1312/1842 1313/1843 1310/1840 
f 1311/1841 1310/1840 1307/1837 1306/1836 
f 1310/1840 1313/1843 1301/1831 1307/1837 
f 1314/1844 1288/1818 1291/1821 1315/1845 
f 1315/1845 1291/1821 1286/1816 1300/1830 
f 1312/1842 1314/1844 1315/1845 1313/1843 
f 1313/1843 1315/1845 1300/1830 1301/1831 
f 1303/1833 1316/1846 1317/1847 1304/1834 
f 1316/1846 1318/1848 1319/1849 1317/1847 
f 1304/1834 1317/1847 1320/1850 1306/1836 
f 1317/1847 1319/1849 1321/1851 1320/1850 
f 1322/1852 1323/1853 1324/1854 1325/1855 
f 1325/1855 1324/1854 1326/1856 1327/1857 
f 1318/1848 1322/1852 1325/1855 1319/1849 
f 1319/1849 1325/1855 1327/1857 1321/1851 
f 1328/1858 1329/1859 1330/1860 1331/1861 
f 1329/1859 1332/1862 1333/1863 1330/1860 
f 1331/1861 1330/1860 1327/1857 1326/1856 
f 1330/1860 1333/1863 1321/1851 1327/1857 
f 1334/1864 1308/1838 1311/1841 1335/1865 
f 1335/1865 1311/1841 1306/1836 1320/1850 
f 1332/1862 1334/1864 1335/1865 1333/1863 
f 1333/1863 1335/1865 1320/1850 1321/1851 
f 1323/1853 1336/1866 1337/1867 1324/1854 
f 1336/1866 1338/1868 1339/1869 1337/1867 
f 1324/1854 1337/1867 1340/1870 1326/1856 
f 1337/1867 1339/1869 1341/1871 1340/1870 
f 1342/1872 1343/1873 1344/1874 1345/1875 
f 1345/1875 1344/1874 1346/1876 1347/1877 
f 1338/1868 1342/1872 1345/1875 1339/1869 
f 1339/1869 1345/1875 1347/1877 1341/1871 
f 1348/1878 1349/1879 1350/1880 1351/1881 
f 1349/1879 1352/1882 1353/1883 1350/1880 
f 1351/1881 1350/1880 1347/1877 1346/1876 
f 1350/1880 1353/1883 1341/1871 1347/1877 
f 1354/1884 1328/1858 1331/1861 1355/1885 
f 1355/1885 1331/1861 1326/1856 1340/1870 
f 1352/1882 1354/1884 1355/1885 1353/1883 
f 1353/1883 1355/1885 1340/1870 1341/1871 
f 1356/1886 1357/1887 1358/1888 1359/1889 
f 1357/1887 1360/1890 1361/1891 1358/1888 
f 1359/1889 1358/1888 1362/1892 1363/1893 
f 1358/1888 1361/1891 1364/1894 1362/1892 
f 1365/1895 1366/1896 1367/1897 1368/1898 
f 1368/1898 1367/1897 1369/1899 1370/1900 
f 1360/1890 1365/1895 1368/1898 1361/1891 
f 1361/1891 1368/1898 1370/1900 1364/1894 
f 1371/1901 1372/1902 1373/1903 1374/1904 
f 1372/1902 1375/1905 1376/1906 1373/1903 
f 1374/1904 1373/1903 1370/1900 1369/1899 
f 1373/1903 1376/1906 1364/1894 1370/1900 
f 1377/1907 1378/1908 1379/1909 1380/1910 
f 1380/1910 1379/1909 1363/1893 1362/1892 
f 1375/1905 1377/1907 1380/1910 1376/1906 
f 1376/1906 1380/1910 1362/1892 1364/1894 
f 1366/1896 1381/1911 1382/1912 1367/1897 
f 1381/1911 1383/1913 1384/1914 1382/1912 
f 1367/1897 1382/1912 1385/1915 1369/1899 
f 1382/1912 1384/1914 1386/1916 1385/1915 
f 1387/1917 1388/1918 1389/1919 1390/1920 
f 1390/1920 1389/1919 1391/1921 1392/1922 
f 1383/1913 1387/1917 1390/1920 1384/1914 
f 1384/1914 1390/1920 1392/1922 1386/1916 
f 1393/1923 1394/1924 1395/1925 1396/1926 
f 1394/1924 1397/1927 1398/1928 1395/1925 
f 1396/1926 1395/1925 1392/1922 1391/1921 
f 1395/1925 1398/1928 1386/1916 1392/1922 
f 1399/1929 1371/1901 1374/1904 1400/1930 
f 1400/1930 1374/1904 1369/1899 1385/1915 
f 1397/1927 1399/1929 1400/1930 1398/1928 
f 1398/1928 1400/1930 1385/1915 1386/1916 
f 1388/1918 1401/1931 1402/1932 1389/1919 
f 1401/1931 1403/1933 1404/1934 1402/1932 
f 1389/1919 1402/1932 1405/1935 1391/1921 
f 1402/1932 1404/1934 1406/1936 1405/1935 
f 1407/1937 1408/1938 1409/1939 1410/1940 
f 1410/1940 1409/1939 1411/1941 1412/1942 
f 1403/1933 1407/1937 1410/1940 1404/1934 
f 1404/1934 1410/1940 1412/1942 1406/1936 
f 1413/1943 1414/1944 1415/1945 1416/1946 
f 1414/1944 1417/1947 1418/1948 1415/1945 
f 1416/1946 1415/1945 1412/1942 1411/1941 
f 1415/1945 1418/1948 1406/1936 1412/1942 
f 1419/1949 1393/1923 1396/1926 1420/1950 
f 1420/1950 1396/1926 1391/1921 1405/1935 
f 1417/1947 1419/1949 1420/1950 1418/1948 
f 1418/1948 1420/1950 1405/1935 1406/1936 
f 1408/1938 1421/1951 1422/1952 1409/1939 
f 1421/1951 1423/1953 1424/1954 1422/1952 
f 1409/1939 1422/1952 1425/1955 1411/1941 
f 1422/1952 1424/1954 1426/1956 1425/1955 
f 1427/1957 1428/1958 1429/1959 1430/1960 
f 1430/1960 1429/1959 1431/1961 1432/1962 
f 1423/1953 1427/1957 1430/1960 1424/1954 
f 1424/1954 1430/1960 1432/1962 1426/1956 
f 1433/1963 1434/1964 1435/1965 1436/1966 
f 1434/1964 1437/1967 1438/1968 1435/1965 
f 1436/1966 1435/1965 1432/1962 1431/1961 
f 1435/1965 1438/1968 1426/1956 1432/1962 
f 1439/1969 1413/1943 1416/1946 1440/1970 
f 1440/1970 1416/1946 1411/1941 1425/1955 
f 1437/1967 1439/1969 1440/1970 1438/1968 
f 1438/1968 1440/1970 1425/1955 1426/1956 
f 1428/1958 1441/1971 1442/1972 1429/1959 
f 1441/1971 1443/1973 1444/1974 1442/1972 
f 1429/1959 1442/1972 1445/1975 1431/1961 
f 1442/1972 1444/1974 1446/1976 1445/1975 
f 1447/1977 1448/1978 1449/1979 1450/1980 
f 1450/1980 1449/1979 1451/1981 1452/1982 
f 1443/1973 1447/1977 1450/1980 1444/1974 
f 1444/1974 1450/1980 1452/1982 1446/1976 
f 1453/1983 1454/1984 1455/1985 1456/1986 
f 1454/1984 1457/1987 1458/1988 1455/1985 
f 1456/1986 1455/1985 1452/1982 1451/1981 
f 1455/1985 1458/1988 1446/1976 1452/1982 
f 1459/1989 1433/1963 1436/1966 1460/1990 
f 1460/1990 1436/1966 1431/1961 1445/1975 
f 1457/1987 1459/1989 1460/1990 1458/1988 
f 1458/1988 1460/1990 1445/1975 1446/1976 
f 1378/1908 1377/1907 1461/1991 1462/1992 
f 1377/1907 1375/1905 1463/1993 1461/1991 
f 1462/1992 1461/1991 1464/1994 1465/1995 
f 1461/1991 1463/1993 1466/1996 1464/1994 
f 1372/1902 1371/1901 1467/1997 1468/1998 
f 1468/1998 1467/1997 1469/1999 1470/2000 
f 1375/1905 1372/1902 1468/1998 1463/1993 
f 1463/1993 1468/1998 1470/2000 1466/1996 
f 1471/2001 1472/2002 1473/2003 1474/2004 
f 1472/2002 1475/2005 1476/2006 1473/2003 
f 1474/2004 1473/2003 1470/2000 1469/1999 
f 1473/2003 1476/2006 1466/1996 1470/2000 
f 1477/2007 1478/2008 1479/2009 1480/2010 
f 1480/2010 1479/2009 1465/1995 1464/1994 
f 1475/2005 1477/2007 1480/2010 1476/2006 
f 1476/2006 1480/2010 1464/1994 1466/1996 
f 1371/1901 1399/1929 1481/2011 1467/1997 
f 1399/1929 1397/1927 1482/2012 1481/2011 
f 1467/1997 1481/2011 1483/2013 1469/1999 
f 1481/2011 1482/2012 1484/2014 1483/2013 
f 1394/1924 1393/1923 1485/2015 1486/2016 
f 1486/2016 1485/2015 1487/2017 1488/2018 
f 1397/1927 1394/1924 1486/2016 1482/2012 
f 1482/2012 1486/2016 1488/2018 1484/2014 
f 1489/2019 1490/2020 1491/2021 1492/2022 
f 1490/2020 1493/2023 1494/2024 1491/2021 
f 1492/2022 1491/2021 1488/2018 1487/2017 
f 1491/2021 1494/2024 1484/2014 1488/2018 
f 1495/2025 1471/2001 1474/2004 1496/2026 
f 1496/2026 1474/2004 1469/1999 1483/2013 
f 1493/2023 1495/2025 1496/2026 1494/2024 
f 1494/2024 1496/2026 1483/2013 1484/2014 
f 1393/1923 1419/1949 1497/2027 1485/2015 
f 1419/1949 1417/1947 1498/2028 1497/2027 
f 1485/2015 1497/2027 1499/2029 1487/2017 
f 1497/2027 1498/2028 1500/2030 1499/2029 
f 1414/1944 1413/1943 1501/2031 1502/2032 
f 1502/2032 1501/2031 1503/2033 1504/2034 
f 1417/1947 1414/1944 1502/2032 1498/2028 
f 1498/2028 1502/2032 1504/2034 1500/2030 
f 1505/2035 1506/2036 1507/2037 1508/2038 
f 1506/2036 1509/2039 1510/2040 1507/2037 
f 1508/2038 1507/2037 1504/2034 1503/2033 
f 1507/2037 1510/2040 1500/2030 1504/2034 
f 1511/2041 1489/2019 1492/2022 1512/2042 
f 1512/2042 1492/2022 1487/2017 1499/2029 
f 1509/2039 1511/2041 1512/2042 1510/2040 
f 1510/2040 1512/2042 1499/2029 1500/2030 
f 1413/1943 1439/1969 1513/2043 1501/2031 
f 1439/1969 1437/1967 1514/2044 1513/2043 
f 1501/2031 1513/2043 1515/2045 1503/2033 
f 1513/2043 1514/2044 1516/2046 1515/2045 
f 1434/1964 1433/1963 1517/2047 1518/2048 
f 1518/2048 1517/2047 1519/2049 1520/2050 
f 1437/1967 1434/1964 1518/2048 1514/2044 
f 1514/2044 1518/2048 1520/2050 1516/2046 
f 1521/2051 1522/2052 1523/2053 1524/2054 
f 1522/2052 1525/2055 1526/2056 1523/2053 
f 1524/2054 1523/2053 1520/2050 1519/2049 
f 1523/2053 1526/2056 1516/2046 1520/2050 
f 1527/2057 1505/2035 1508/2038 1528/2058 
f 1528/2058 1508/2038 1503/2033 1515/2045 
f 1525/2055 1527/2057 1528/2058 1526/2056 
f 1526/2056 1528/2058 1515/2045 1516/2046 
f 1433/1963 1459/1989 1529/2059 1517/2047 
f 1459/1989 1457/1987 1530/2060 1529/2059 
f 1517/2047 1529/2059 1531/2061 1519/2049 
f 1529/2059 1530/2060 1532/2062 1531/2061 
f 1454/1984 1453/1983 1533/2063 1534/2064 
f 1534/2064 1533/2063 1535/2065 1536/2066 
f 1457/1987 1454/1984 1534/2064 1530/2060 
f 1530/2060 1534/2064 1536/2066 1532/2062 
f 1537/2067 1538/2068 1539/2069 1540/2070 
f 1538/2068 1541/2071 1542/2072 1539/2069 
f 1540/2070 1539/2069 1536/2066 1535/2065 
f 1539/2069 1542/2072 1532/2062 1536/2066 
f 1543/2073 1521/2051 1524/2054 1544/2074 
f 1544/2074 1524/2054 1519/2049 1531/2061 
f 1541/2071 1543/2073 1544/2074 1542/2072 
f 1542/2072 1544/2074 1531/2061 1532/2062 
f 1478/2008 1477/2007 1545/2075 1546/2076 
f 1477/2007 1475/2005 1547/2077 1545/2075 
f 1546/2076 1545/2075 1548/2078 1549/2079 
f 1545/2075 1547/2077 1550/2080 1548/2078 
f 1472/2002 1471/2001 1551/2081 1552/2082 
f 1552/2082 1551/2081 1553/2083 1554/2084 
f 1475/2005 1472/2002 1552/2082 1547/2077 
f 1547/2077 1552/2082 1554/2084 1550/2080 
f 1555/2085 1556/2086 1557/2087 1558/2088 
f 1556/2086 1559/2089 1560/2090 1557/2087 
f 1558/2088 1557/2087 1554/2084 1553/2083 
f 1557/2087 1560/2090 1550/2080 1554/2084 
f 1561/2091 1562/2092 1563/2093 1564/2094 
f 1564/2094 1563/2093 1549/2079 1548/2078 
f 1559/2089 1561/2091 1564/2094 1560/2090 
f 1560/2090 1564/2094 1548/2078 1550/2080 
f 1471/2001 1495/2025 1565/2095 1551/2081 
f 1495/2025 1493/2023 1566/2096 1565/2095 
f 1551/2081 1565/2095 1567/2097 1553/2083 
f 1565/2095 1566/2096 1568/2098 1567/2097 
f 1490/2020 1489/2019 1569/2099 1570/2100 
f 1570/2100 1569/2099 1571/2101 1572/2102 
f 1493/2023 1490/2020 1570/2100 1566/2096 
f 1566/2096 1570/2100 1572/2102 1568/2098 
f 1573/2103 1574/2104 1575/2105 1576/2106 
f 1574/2104 1577/2107 1578/2108 1575/2105 
f 1576/2106 1575/2105 1572/2102 1571/2101 
f 1575/2105 1578/2108 1568/2098 1572/2102 
f 1579/2109 1555/2085 1558/2088 1580/2110 
f 1580/2110 1558/2088 1553/2083 1567/2097 
f 1577/2107 1579/2109 1580/2110 1578/2108 
f 1578/2108 1580/2110 1567/2097 1568/2098 
f 1489/2019 1511/2041 1581/2111 1569/2099 
f 1511/2041 1509/2039 1582/2112 1581/2111 
f 1569/2099 1581/2111 1583/2113 1571/2101 
f 1581/2111 1582/2112 1584/2114 1583/2113 
f 1506/2036 1505/2035 1585/2115 1586/2116 
f 1586/2116 1585/2115 1587/2117 1588/2118 
f 1509/2039 1506/2036 1586/2116 1582/2112 
f 1582/2112 1586/2116 1588/2118 1584/2114 
f 1589/2119 1590/2120 1591/2121 1592/2122 
f 1590/2120 1593/2123 1594/2124 1591/2121 
f 1592/2122 1591/2121 1588/2118 1587/2117 
f 1591/2121 1594/2124 1584/2114 1588/2118 
f 1595/2125 1573/2103 1576/2106 1596/2126 
f 1596/2126 1576/2106 1571/2101 1583/2113 
f 1593/2123 1595/2125 1596/2126 1594/2124 
f 1594/2124 1596/2126 1583/2113 1584/2114 
f 1505/2035 1527/2057 1597/2127 1585/2115 
f 1527/2057 1525/2055 1598/2128 1597/2127 
f 1585/2115 1597/2127 1599/2129 1587/2117 
f 1597/2127 1598/2128 1600/2130 1599/2129 
f 1522/2052 1521/2051 1601/2131 1602/2132 
f 1602/2132 1601/2131 1603/2133 1604/2134 
f 1525/2055 1522/2052 1602/2132 1598/2128 
f 1598/2128 1602/2132 1604/2134 1600/2130 
f 1605/2135 1606/2136 1607/2137 1608/2138 
f 1606/2136 1609/2139 1610/2140 1607/2137 
f 1608/2138 1607/2137 1604/2134 1603/2133 
f 1607/2137 1610/2140 1600/2130 1604/2134 
f 1611/2141 1589/2119 1592/2122 1612/2142 
f 1612/2142 1592/2122 1587/2117 1599/2129 
f 1609/2139 1611/2141 1612/2142 1610/2140 
f 1610/2140 1612/2142 1599/2129 1600/2130 
f 1521/2051 1543/2073 1613/2143 1601/2131 
f 1543/2073 1541/2071 1614/2144 1613/2143 
f 1601/2131 1613/2143 1615/2145 1603/2133 
f 1613/2143 1614/2144 1616/2146 1615/2145 
f 1538/2068 1537/2067 1617/2147 1618/2148 
f 1618/2148 1617/2147 1619/2149 1620/2150 
f 1541/2071 1538/2068 1618/2148 1614/2144 
f 1614/2144 1618/2148 1620/2150 1616/2146 
f 1621/2151 1622/2152 1623/2153 1624/2154 
f 1622/2152 1625/2155 1626/2156 1623/2153 
f 1624/2154 1623/2153 1620/2150 1619/2149 
f 1623/2153 1626/2156 1616/2146 1620/2150 
f 1627/2157 1605/2135 1608/2138 1628/2158 
f 1628/2158 1608/2138 1603/2133 1615/2145 
f 1625/2155 1627/2157 1628/2158 1626/2156 
f 1626/2156 1628/2158 1615/2145 1616/2146 
f 1562/2092 1561/2091 1629/2159 1630/2160 
f 1561/2091 1559/2089 1631/2161 1629/2159 
f 1630/2160 1629/2159 1632/2162 1633/2163 
f 1629/2159 1631/2161 1634/2164 1632/2162 
f 1556/2086 1555/2085 1635/2165 1636/2166 
f 1636/2166 1635/2165 1637/2167 1638/2168 
f 1559/2089 1556/2086 1636/2166 1631/2161 
f 1631/2161 1636/2166 1638/2168 1634/2164 
f 1639/2169 1640/2170 1641/2171 1642/2172 
f 1640/2170 1643/2173 1644/2174 1641/2171 
f 1642/2172 1641/2171 1638/2168 1637/2167 
f 1641/2171 1644/2174 1634/2164 1638/2168 
f 1645/2175 1646/2176 1647/2177 1648/2178 
f 1648/2178 1647/2177 1633/2163 1632/2162 
f 1643/2173 1645/2175 1648/2178 1644/2174 
f 1644/2174 1648/2178 1632/2162 1634/2164 
f 1555/2085 1579/2109 1649/2179 1635/2165 
f 1579/2109 1577/2107 1650/2180 1649/2179 
f 1635/2165 1649/2179 1651/2181 1637/2167 
f 1649/2179 1650/2180 1652/2182 1651/2181 
f 1574/2104 1573/2103 1653/2183 1654/2184 
f 1654/2184 1653/2183 1655/2185 1656/2186 
f 1577/2107 1574/2104 1654/2184 1650/2180 
f 1650/2180 1654/2184 1656/2186 1652/2182 
f 1657/2187 1658/2188 1659/2189 1660/2190 
f 1658/2188 1661/2191 1662/2192 1659/2189 
f 1660/2190 1659/2189 1656/2186 1655/2185 
f 1659/2189 1662/2192 1652/2182 1656/2186 
f 1663/2193 1639/2169 1642/2172 1664/2194 
f 1664/2194 1642/2172 1637/2167 1651/2181 
f 1661/2191 1663/2193 1664/2194 1662/2192 
f 1662/2192 1664/2194 1651/2181 1652/2182 
f 1573/2103 1595/2125 1665/2195 1653/2183 
f 1595/2125 1593/2123 1666/2196 1665/2195 
f 1653/2183 1665/2195 1667/2197 1655/2185 
f 1665/2195 1666/2196 1668/2198 1667/2197 
f 1590/2120 1589/2119 1669/2199 1670/2200 
f 1670/2200 1669/2199 1671/2201 1672/2202 
f 1593/2123 1590/2120 1670/2200 1666/2196 
f 1666/2196 1670/2200 1672/2202 1668/2198 
f 1673/2203 1674/2204 1675/2205 1676/2206 
f 1674/2204 1677/2207 1678/2208 1675/2205 
f 1676/2206 1675/2205 1672/2202 1671/2201 
f 1675/2205 1678/2208 1668/2198 1672/2202 
f 1679/2209 1657/2187 1660/2190 1680/2210 
f 1680/2210 1660/2190 1655/2185 1667/2197 
f 1677/2207 1679/2209 1680/2210 1678/2208 
f 1678/2208 1680/2210 1667/2197 1668/2198 
f 1589/2119 1611/2141 1681/2211 1669/2199 
f 1611/2141 1609/2139 1682/2212 1681/2211 
f 1669/2199 1681/2211 1683/2213 1671/2201 
f 1681/2211 1682/2212 1684/2214 1683/2213 
f 1606/2136 1605/2135 1685/2215 1686/2216 
f 1686/2216 1685/2215 1687/2217 1688/2218 
f 1609/2139 1606/2136 1686/2216 1682/2212 
f 1682/2212 1686/2216 1688/2218 1684/2214 
f 1689/2219 1690/2220 1691/2221 1692/2222 
f 1690/2220 1693/2223 1694/2224 1691/2221 
f 1692/2222 1691/2221 1688/2218 1687/2217 
f 1691/2221 1694/2224 1684/2214 1688/2218 
f 1695/2225 1673/2203 1676/2206 1696/2226 
f 1696/2226 1676/2206 1671/2201 1683/2213 
f 1693/2223 1695/2225 1696/2226 1694/2224 
f 1694/2224 1696/2226 1683/2213 1684/2214 
f 1605/2135 1627/2157 1697/2227 1685/2215 
f 1627/2157 1625/2155 1698/2228 1697/2227 
f 1685/2215 1697/2227 1699/2229 1687/2217 
f 1697/2227 1698/2228 1700/2230 1699/2229 
f 1622/2152 1621/2151 1701/2231 1702/2232 
f 1702/2232 1701/2231 1703/2233 1704/2234 
f 1625/2155 1622/2152 1702/2232 1698/2228 
f 1698/2228 1702/2232 1704/2234 1700/2230 
f 1705/2235 1706/2236 1707/2237 1708/2238 
f 1706/2236 1709/2239 1710/2240 1707/2237 
f 1708/2238 1707/2237 1704/2234 1703/2233 
f 1707/2237 1710/2240 1700/2230 1704/2234 
f 1711/2241 1689/2219 1692/2222 1712/2242 
f 1712/2242 1692/2222 1687/2217 1699/2229 
f 1709/2239 1711/2241 1712/2242 1710/2240 
f 1710/2240 1712/2242 1699/2229 1700/2230 
f 1713/2243 1714/2244 1715/2245 1716/2246 
f 1714/2244 1717/2247 1718/2248 1715/2245 
f 1716/2246 1715/2245 1719/2249 1720/2250 
f 1715/2245 1718/2248 1721/2251 1719/2249 
f 1722/2252 1723/2253 1724/2254 1725/2255 
f 1725/2255 1724/2254 1726/2256 1727/2257 
f 1717/2247 1722/2252 1725/2255 1718/2248 
f 1718/2248 1725/2255 1727/2257 1721/2251 
f 1261/1791 1260/1790 1728/2258 1729/2259 
f 1260/1790 1255/1785 1730/2260 1728/2258 
f 1729/2261 1728/2262 1727/2257 1726/2256 
f 1728/2262 1730/2263 1721/2251 1727/2257 
f 1252/1782 1251/1781 1731/2264 1732/2265 
f 1732/2266 1731/2267 1720/2250 1719/2249 
f 1255/1785 1252/1782 1732/2265 1730/2260 
f 1730/2263 1732/2266 1719/2249 1721/2251 
f 1723/2253 1733/2268 1734/2269 1724/2254 
f 1733/2268 1735/2270 1736/2271 1734/2269 
f 1724/2254 1734/2269 1737/2272 1726/2256 
f 1734/2269 1736/2271 1738/2273 1737/2272 
f 1739/2274 1740/2275 1741/2276 1742/2277 
f 1742/2277 1741/2276 1743/2278 1744/2279 
f 1735/2270 1739/2274 1742/2277 1736/2271 
f 1736/2271 1742/2277 1744/2279 1738/2273 
f 1283/1813 1282/1812 1745/2280 1746/2281 
f 1282/1812 1278/1808 1747/2282 1745/2280 
f 1746/2283 1745/2284 1744/2279 1743/2278 
f 1745/2284 1747/2285 1738/2273 1744/2279 
f 1276/1806 1261/1791 1729/2259 1748/2286 
f 1748/2287 1729/2261 1726/2256 1737/2272 
f 1278/1808 1276/1806 1748/2286 1747/2282 
f 1747/2285 1748/2287 1737/2272 1738/2273 
f 1740/2275 1749/2288 1750/2289 1741/2276 
f 1749/2288 1751/2290 1752/2291 1750/2289 
f 1741/2276 1750/2289 1753/2292 1743/2278 
f 1750/2289 1752/2291 1754/2293 1753/2292 
f 1755/2294 1756/2295 1757/2296 1758/2297 
f 1758/2297 1757/2296 1759/2298 1760/2299 
f 1751/2290 1755/2294 1758/2297 1752/2291 
f 1752/2291 1758/2297 1760/2299 1754/2293 
f 1303/1833 1302/1832 1761/2300 1762/2301 
f 1302/1832 1298/1828 1763/2302 1761/2300 
f 1762/2303 1761/2304 1760/2299 1759/2298 
f 1761/2304 1763/2305 1754/2293 1760/2299 
f 1296/1826 1283/1813 1746/2281 1764/2306 
f 1764/2307 1746/2283 1743/2278 1753/2292 
f 1298/1828 1296/1826 1764/2306 1763/2302 
f 1763/2305 1764/2307 1753/2292 1754/2293 
f 1756/2295 1765/2308 1766/2309 1757/2296 
f 1765/2308 1767/2310 1768/2311 1766/2309 
f 1757/2296 1766/2309 1769/2312 1759/2298 
f 1766/2309 1768/2311 1770/2313 1769/2312 
f 1771/2314 1772/2315 1773/2316 1774/2317 
f 1774/2317 1773/2316 1775/2318 1776/2319 
f 1767/2310 1771/2314 1774/2317 1768/2311 
f 1768/2311 1774/2317 1776/2319 1770/2313 
f 1323/1853 1322/1852 1777/2320 1778/2321 
f 1322/1852 1318/1848 1779/2322 1777/2320 
f 1778/2323 1777/2324 1776/2319 1775/2318 
f 1777/2324 1779/2325 1770/2313 1776/2319 
f 1316/1846 1303/1833 1762/2301 1780/2326 
f 1780/2327 1762/2303 1759/2298 1769/2312 
f 1318/1848 1316/1846 1780/2326 1779/2322 
f 1779/2325 1780/2327 1769/2312 1770/2313 
f 1772/2315 1781/2328 1782/2329 1773/2316 
f 1781/2328 1783/2330 1784/2331 1782/2329 
f 1773/2316 1782/2329 1785/2332 1775/2318 
f 1782/2329 1784/2331 1786/2333 1785/2332 
f 1787/2334 1788/2335 1789/2336 1790/2337 
f 1790/2337 1789/2336 1791/2338 1792/2339 
f 1783/2330 1787/2334 1790/2337 1784/2331 
f 1784/2331 1790/2337 1792/2339 1786/2333 
f 1343/1873 1342/1872 1793/2340 1794/2341 
f 1342/1872 1338/1868 1795/2342 1793/2340 
f 1794/2341 1793/2343 1792/2344 1791/2345 
f 1793/2346 1795/2347 1786/2333 1792/2339 
f 1336/1866 1323/1853 1778/2321 1796/2348 
f 1796/2349 1778/2323 1775/2318 1785/2332 
f 1338/1868 1336/1866 1796/2348 1795/2342 
f 1795/2347 1796/2349 1785/2332 1786/2333 
f 1788/2335 1797/2350 1798/2351 1789/2336 
f 1797/2352 1799/2353 1800/2354 1798/2355 
f 1789/2336 1798/2351 1801/2356 1791/2338 
f 1798/2355 1800/2354 1802/2357 1801/2358 
f 1803/2359 1804/2360 1805/2361 1806/2362 
f 1806/2362 1805/2361 1807/2363 1808/2364 
f 1799/2365 1803/2359 1806/2362 1800/2366 
f 1800/2366 1806/2362 1808/2364 1802/2367 
f 1348/1878 1351/1881 1809/2368 1810/2369 
f 1351/1881 1346/1876 1811/2370 1809/2368 
f 1810/2369 1809/2368 1808/2371 1807/2372 
f 1809/2368 1811/2370 1802/2357 1808/2371 
f 1344/1874 1343/1873 1794/2341 1812/2373 
f 1812/2373 1794/2341 1791/2345 1801/2358 
f 1346/1876 1344/1874 1812/2373 1811/2370 
f 1811/2370 1812/2373 1801/2358 1802/2357 
f 1813/2374 1814/2375 1815/2376 1816/2377 
f 1814/2375 1817/2378 1818/2379 1815/2376 
f 1816/2377 1815/2376 1819/2380 1820/2381 
f 1815/2376 1818/2379 1821/2382 1819/2380 
f 1822/2383 1823/2384 1824/2385 1825/2386 
f 1825/2386 1824/2385 1826/2387 1827/2388 
f 1817/2378 1822/2383 1825/2386 1818/2379 
f 1818/2379 1825/2386 1827/2388 1821/2382 
f 1453/1983 1456/1986 1828/2389 1829/2390 
f 1456/1986 1451/1981 1830/2391 1828/2389 
f 1829/2390 1828/2389 1827/2392 1826/2393 
f 1828/2389 1830/2391 1821/2394 1827/2392 
f 1449/1979 1448/1978 1831/2395 1832/2396 
f 1832/2396 1831/2395 1820/2397 1819/2398 
f 1451/1981 1449/1979 1832/2396 1830/2391 
f 1830/2391 1832/2396 1819/2398 1821/2394 
f 1823/2384 1833/2399 1834/2400 1824/2385 
f 1833/2399 1835/2401 1836/2402 1834/2400 
f 1824/2385 1834/2400 1837/2403 1826/2387 
f 1834/2400 1836/2402 1838/2404 1837/2403 
f 1839/2405 1840/2406 1841/2407 1842/2408 
f 1842/2408 1841/2407 1843/2409 1844/2410 
f 1835/2401 1839/2405 1842/2408 1836/2402 
f 1836/2402 1842/2408 1844/2410 1838/2404 
f 1537/2067 1540/2070 1845/2411 1846/2412 
f 1540/2070 1535/2065 1847/2413 1845/2411 
f 1846/2412 1845/2411 1844/2414 1843/2415 
f 1845/2411 1847/2413 1838/2416 1844/2414 
f 1533/2063 1453/1983 1829/2390 1848/2417 
f 1848/2417 1829/2390 1826/2393 1837/2418 
f 1535/2065 1533/2063 1848/2417 1847/2413 
f 1847/2413 1848/2417 1837/2418 1838/2416 
f 1840/2406 1849/2419 1850/2420 1841/2407 
f 1849/2419 1851/2421 1852/2422 1850/2420 
f 1841/2407 1850/2420 1853/2423 1843/2409 
f 1850/2420 1852/2422 1854/2424 1853/2423 
f 1855/2425 1856/2426 1857/2427 1858/2428 
f 1858/2428 1857/2427 1859/2429 1860/2430 
f 1851/2421 1855/2425 1858/2428 1852/2422 
f 1852/2422 1858/2428 1860/2430 1854/2424 
f 1621/2151 1624/2154 1861/2431 1862/2432 
f 1624/2154 1619/2149 1863/2433 1861/2431 
f 1862/2432 1861/2431 1860/2434 1859/2435 
f 1861/2431 1863/2433 1854/2436 1860/2434 
f 1617/2147 1537/2067 1846/2412 1864/2437 
f 1864/2437 1846/2412 1843/2415 1853/2438 
f 1619/2149 1617/2147 1864/2437 1863/2433 
f 1863/2433 1864/2437 1853/2438 1854/2436 
f 1856/2426 1865/2439 1866/2440 1857/2427 
f 1865/2439 1867/2441 1868/2442 1866/2440 
f 1857/2427 1866/2440 1869/2443 1859/2429 
f 1866/2440 1868/2442 1870/2444 1869/2443 
f 1871/2445 1872/2446 1873/2447 1874/2448 
f 1874/2448 1873/2447 1875/2449 1876/2450 
f 1867/2441 1871/2445 1874/2448 1868/2442 
f 1868/2442 1874/2448 1876/2450 1870/2444 
f 1705/2235 1708/2238 1877/2451 1878/2452 
f 1708/2238 1703/2233 1879/2453 1877/2451 
f 1878/2452 1877/2451 1876/2454 1875/2455 
f 1877/2451 1879/2453 1870/2456 1876/2454 
f 1701/2231 1621/2151 1862/2432 1880/2457 
f 1880/2457 1862/2432 1859/2435 1869/2458 
f 1703/2233 1701/2231 1880/2457 1879/2453 
f 1879/2453 1880/2457 1869/2458 1870/2456 
f 1881/2459 1882/2460 1883/2461 1884/2462 
f 1882/2460 1885/2463 1886/2464 1883/2461 
f 1884/2462 1883/2461 1887/2465 1888/2466 
f 1883/2461 1886/2464 1889/2467 1887/2465 
f 1890/2468 1891/2469 1892/2470 1893/2471 
f 1893/2471 1892/2470 1894/2472 1895/2473 
f 1885/2463 1890/2468 1893/2471 1886/2464 
f 1886/2464 1893/2471 1895/2473 1889/2467 
f 1896/2474 1897/2475 1898/2476 1899/2477 
f 1897/2475 1900/2478 1901/2479 1898/2476 
f 1899/2480 1898/2481 1895/2473 1894/2472 
f 1898/2481 1901/2482 1889/2467 1895/2473 
f 1902/2483 1903/2484 1904/2485 1905/2486 
f 1905/2487 1904/2488 1888/2466 1887/2465 
f 1900/2478 1902/2483 1905/2486 1901/2479 
f 1901/2482 1905/2487 1887/2465 1889/2467 
f 1891/2469 1906/2489 1907/2490 1892/2470 
f 1906/2489 1908/2491 1909/2492 1907/2490 
f 1892/2470 1907/2490 1910/2493 1894/2472 
f 1907/2490 1909/2492 1911/2494 1910/2493 
f 1912/2495 1913/2496 1914/2497 1915/2498 
f 1915/2498 1914/2497 1916/2499 1917/2500 
f 1908/2491 1912/2495 1915/2498 1909/2492 
f 1909/2492 1915/2498 1917/2500 1911/2494 
f 1918/2501 1919/2502 1920/2503 1921/2504 
f 1919/2502 1922/2505 1923/2506 1920/2503 
f 1921/2507 1920/2508 1917/2500 1916/2499 
f 1920/2508 1923/2509 1911/2494 1917/2500 
f 1924/2510 1896/2474 1899/2477 1925/2511 
f 1925/2512 1899/2480 1894/2472 1910/2493 
f 1922/2505 1924/2510 1925/2511 1923/2506 
f 1923/2509 1925/2512 1910/2493 1911/2494 
f 1913/2496 1926/2513 1927/2514 1914/2497 
f 1926/2513 1928/2515 1929/2516 1927/2514 
f 1914/2497 1927/2514 1930/2517 1916/2499 
f 1927/2514 1929/2516 1931/2518 1930/2517 
f 1932/2519 1933/2520 1934/2521 1935/2522 
f 1935/2522 1934/2521 1936/2523 1937/2524 
f 1928/2515 1932/2519 1935/2522 1929/2516 
f 1929/2516 1935/2522 1937/2524 1931/2518 
f 1938/2525 1939/2526 1940/2527 1941/2528 
f 1939/2526 1942/2529 1943/2530 1940/2527 
f 1941/2531 1940/2532 1937/2524 1936/2523 
f 1940/2532 1943/2533 1931/2518 1937/2524 
f 1944/2534 1918/2501 1921/2504 1945/2535 
f 1945/2536 1921/2507 1916/2499 1930/2517 
f 1942/2529 1944/2534 1945/2535 1943/2530 
f 1943/2533 1945/2536 1930/2517 1931/2518 
f 1933/2520 1946/2537 1947/2538 1934/2521 
f 1946/2537 1948/2539 1949/2540 1947/2538 
f 1934/2521 1947/2538 1950/2541 1936/2523 
f 1947/2538 1949/2540 1951/2542 1950/2541 
f 1952/2543 1953/2544 1954/2545 1955/2546 
f 1955/2546 1954/2545 1956/2547 1957/2548 
f 1948/2539 1952/2543 1955/2546 1949/2540 
f 1949/2540 1955/2546 1957/2548 1951/2542 
f 1958/2549 1959/2550 1960/2551 1961/2552 
f 1959/2550 1962/2553 1963/2554 1960/2551 
f 1961/2555 1960/2556 1957/2548 1956/2547 
f 1960/2556 1963/2557 1951/2542 1957/2548 
f 1964/2558 1938/2525 1941/2528 1965/2559 
f 1965/2560 1941/2531 1936/2523 1950/2541 
f 1962/2553 1964/2558 1965/2559 1963/2554 
f 1963/2557 1965/2560 1950/2541 1951/2542 
f 1953/2544 1966/2561 1967/2562 1954/2545 
f 1966/2561 1968/2563 1969/2564 1967/2562 
f 1954/2545 1967/2562 1970/2565 1956/2547 
f 1967/2562 1969/2564 1971/2566 1970/2565 
f 1972/2567 1973/2568 1974/2569 1975/2570 
f 1975/2570 1974/2569 1976/2571 1977/2572 
f 1968/2563 1972/2567 1975/2570 1969/2564 
f 1969/2564 1975/2570 1977/2572 1971/2566 
f 1978/2573 1979/2574 1980/2575 1981/2576 
f 1979/2574 1982/2577 1983/2578 1980/2575 
f 1981/2579 1980/2580 1977/2572 1976/2571 
f 1980/2580 1983/2581 1971/2566 1977/2572 
f 1984/2582 1958/2549 1961/2552 1985/2583 
f 1985/2584 1961/2555 1956/2547 1970/2565 
f 1982/2577 1984/2582 1985/2583 1983/2578 
f 1983/2581 1985/2584 1970/2565 1971/2566 
f 1973/2568 1986/2585 1987/2586 1974/2569 
f 1986/2587 1988/2588 1989/2589 1987/2590 
f 1974/2569 1987/2586 1990/2591 1976/2571 
f 1987/2592 1989/2593 1991/2594 1990/2595 
f 1992/2596 1993/2597 1994/2598 1995/2599 
f 1995/2599 1994/2598 1996/2600 1997/2601 
f 1988/2588 1992/2596 1995/2599 1989/2589 
f 1989/2589 1995/2599 1997/2601 1991/2602 
f 1646/2176 1998/2603 1999/2604 2000/2605 
f 1998/2603 2001/2606 2002/2607 1999/2604 
f 2000/2605 1999/2604 1997/2608 1996/2609 
f 1999/2604 2002/2607 1991/2594 1997/2608 
f 2003/2610 1978/2573 1981/2576 2004/2611 
f 2004/2611 1981/2576 1976/2612 1990/2595 
f 2001/2606 2003/2610 2004/2611 2002/2607 
f 2002/2607 2004/2611 1990/2595 1991/2594 
f 2005/2613 2006/2614 2007/2615 2008/2616 
f 2006/2614 2009/2617 2010/2618 2007/2615 
f 2008/2616 2007/2615 2011/2619 2012/2620 
f 2007/2615 2010/2618 2013/2621 2011/2619 
f 2014/2622 2015/2623 2016/2624 2017/2625 
f 2017/2625 2016/2624 2018/2626 2019/2627 
f 2009/2617 2014/2622 2017/2625 2010/2618 
f 2010/2618 2017/2625 2019/2627 2013/2621 
f 1478/2008 1546/2076 2020/2628 2021/2629 
f 1546/2076 1549/2079 2022/2630 2020/2628 
f 2021/2629 2020/2628 2019/2631 2018/2632 
f 2020/2628 2022/2630 2013/2633 2019/2631 
f 1563/2093 1562/2092 2023/2634 2024/2635 
f 2024/2635 2023/2634 2012/2636 2011/2637 
f 1549/2079 1563/2093 2024/2635 2022/2630 
f 2022/2630 2024/2635 2011/2637 2013/2633 
f 2015/2623 2025/2638 2026/2639 2016/2624 
f 2025/2638 2027/2640 2028/2641 2026/2639 
f 2016/2624 2026/2639 2029/2642 2018/2626 
f 2026/2639 2028/2641 2030/2643 2029/2642 
f 2031/2644 2032/2645 2033/2646 2034/2647 
f 2034/2647 2033/2646 2035/2648 2036/2649 
f 2027/2640 2031/2644 2034/2647 2028/2641 
f 2028/2641 2034/2647 2036/2649 2030/2643 
f 1378/1908 1462/1992 2037/2650 2038/2651 
f 1462/1992 1465/1995 2039/2652 2037/2650 
f 2038/2651 2037/2650 2036/2653 2035/2654 
f 2037/2650 2039/2652 2030/2655 2036/2653 
f 1479/2009 1478/2008 2021/2629 2040/2656 
f 2040/2656 2021/2629 2018/2632 2029/2657 
f 1465/1995 1479/2009 2040/2656 2039/2652 
f 2039/2652 2040/2656 2029/2657 2030/2655 
f 2032/2645 2041/2658 2042/2659 2033/2646 
f 2041/2658 2043/2660 2044/2661 2042/2659 
f 2033/2646 2042/2659 2045/2662 2035/2648 
f 2042/2659 2044/2661 2046/2663 2045/2662 
f 2047/2664 2048/2665 2049/2666 2050/2667 
f 2050/2667 2049/2666 2051/2668 2052/2669 
f 2043/2660 2047/2664 2050/2667 2044/2661 
f 2044/2661 2050/2667 2052/2669 2046/2663 
f 1356/1886 1359/1889 2053/2670 2054/2671 
f 1359/1889 1363/1893 2055/2672 2053/2670 
f 2054/2671 2053/2670 2052/2673 2051/2674 
f 2053/2670 2055/2672 2046/2675 2052/2673 
f 1379/1909 1378/1908 2038/2651 2056/2676 
f 2056/2676 2038/2651 2035/2654 2045/2677 
f 1363/1893 1379/1909 2056/2676 2055/2672 
f 2055/2672 2056/2676 2045/2677 2046/2675 
f 2048/2665 2057/2678 2058/2679 2049/2666 
f 2057/2678 2059/2680 2060/2681 2058/2679 
f 2049/2666 2058/2679 2061/2682 2051/2668 
f 2058/2679 2060/2681 2062/2683 2061/2682 
f 2063/2684 2064/2685 2065/2686 2066/2687 
f 2066/2687 2065/2686 2067/2688 2068/2689 
f 2059/2680 2063/2684 2066/2687 2060/2681 
f 2060/2681 2066/2687 2068/2689 2062/2683 
f 1273/1803 2069/2690 2070/2691 2071/2692 
f 2069/2690 2072/2693 2073/2694 2070/2691 
f 2071/2692 2070/2691 2068/2695 2067/2696 
f 2070/2691 2073/2694 2062/2697 2068/2695 
f 2074/2698 1356/1886 2054/2671 2075/2699 
f 2075/2699 2054/2671 2051/2674 2061/2700 
f 2072/2693 2074/2698 2075/2699 2073/2694 
f 2073/2694 2075/2699 2061/2700 2062/2697 
f 789/1319 2076/2701 2077/2702 790/1320 
f 2076/2701 2078/2703 2079/2704 2077/2702 
f 790/1320 2077/2702 2080/2705 793/1323 
f 2077/2702 2079/2704 2081/2706 2080/2705 
f 2082/2707 2083/2708 2084/2709 2085/2710 
f 2085/2710 2084/2709 2086/2711 2087/2712 
f 2078/2713 2082/2707 2085/2710 2079/2714 
f 2079/2704 2085/2715 2087/2716 2081/2706 
f 2088/2717 2089/2718 2090/2719 2091/2720 
f 2089/2721 2092/2722 2093/2723 2090/2724 
f 2091/2720 2090/2719 2087/2725 2086/2726 
f 2090/2724 2093/2723 2081/2706 2087/2716 
f 2094/2727 799/1329 798/1328 2095/2728 
f 2095/2728 798/1328 793/1323 2080/2705 
f 2092/2722 2094/2727 2095/2728 2093/2723 
f 2093/2723 2095/2728 2080/2705 2081/2706 
f 811/1341 2096/2729 2097/2730 812/1342 
f 2096/2729 2098/2731 2099/2732 2097/2730 
f 812/1342 2097/2730 2100/2733 796/1326 
f 2097/2730 2099/2732 2101/2734 2100/2733 
f 2102/2735 2103/2736 2104/2737 2105/2738 
f 2105/2738 2104/2737 2106/2739 2107/2740 
f 2098/2741 2102/2735 2105/2738 2099/2742 
f 2099/2742 2105/2738 2107/2740 2101/2743 
f 2083/2708 2082/2707 2108/2744 2109/2745 
f 2082/2707 2078/2713 2110/2746 2108/2744 
f 2109/2745 2108/2744 2107/2740 2106/2739 
f 2108/2744 2110/2746 2101/2743 2107/2740 
f 2076/2701 789/1319 792/1322 2111/2747 
f 2111/2747 792/1322 796/1326 2100/2733 
f 2078/2703 2076/2701 2111/2747 2110/2748 
f 2110/2748 2111/2747 2100/2733 2101/2734 
f 831/1361 2112/2749 2113/2750 832/1362 
f 2112/2749 2114/2751 2115/2752 2113/2750 
f 832/1362 2113/2750 2116/2753 818/1348 
f 2113/2750 2115/2752 2117/2754 2116/2753 
f 2118/2755 2119/2756 2120/2757 2121/2758 
f 2121/2758 2120/2757 2122/2759 2123/2760 
f 2114/2761 2118/2755 2121/2758 2115/2762 
f 2115/2762 2121/2758 2123/2760 2117/2763 
f 2103/2736 2102/2735 2124/2764 2125/2765 
f 2102/2735 2098/2741 2126/2766 2124/2764 
f 2125/2765 2124/2764 2123/2760 2122/2759 
f 2124/2764 2126/2766 2117/2763 2123/2760 
f 2096/2729 811/1341 815/1345 2127/2767 
f 2127/2767 815/1345 818/1348 2116/2753 
f 2098/2731 2096/2729 2127/2767 2126/2768 
f 2126/2768 2127/2767 2116/2753 2117/2754 
f 851/1381 2128/2769 2129/2770 852/1382 
f 2128/2769 2130/2771 2131/2772 2129/2770 
f 852/1382 2129/2770 2132/2773 838/1368 
f 2129/2770 2131/2772 2133/2774 2132/2773 
f 2134/2775 2135/2776 2136/2777 2137/2778 
f 2137/2778 2136/2777 2138/2779 2139/2780 
f 2130/2781 2134/2775 2137/2778 2131/2782 
f 2131/2782 2137/2778 2139/2780 2133/2783 
f 2119/2756 2118/2755 2140/2784 2141/2785 
f 2118/2755 2114/2761 2142/2786 2140/2784 
f 2141/2785 2140/2784 2139/2780 2138/2779 
f 2140/2784 2142/2786 2133/2783 2139/2780 
f 2112/2749 831/1361 835/1365 2143/2787 
f 2143/2787 835/1365 838/1368 2132/2773 
f 2114/2751 2112/2749 2143/2787 2142/2788 
f 2142/2788 2143/2787 2132/2773 2133/2774 
f 871/1401 2144/2789 2145/2790 872/1402 
f 2144/2789 2146/2791 2147/2792 2145/2790 
f 872/1402 2145/2790 2148/2793 858/1388 
f 2145/2790 2147/2792 2149/2794 2148/2793 
f 2150/2795 2151/2796 2152/2797 2153/2798 
f 2153/2798 2152/2797 2154/2799 2155/2800 
f 2146/2801 2150/2795 2153/2798 2147/2802 
f 2147/2802 2153/2798 2155/2800 2149/2803 
f 2135/2776 2134/2775 2156/2804 2157/2805 
f 2134/2775 2130/2781 2158/2806 2156/2804 
f 2157/2805 2156/2804 2155/2800 2154/2799 
f 2156/2804 2158/2806 2149/2803 2155/2800 
f 2128/2769 851/1381 855/1385 2159/2807 
f 2159/2807 855/1385 858/1388 2148/2793 
f 2130/2771 2128/2769 2159/2807 2158/2808 
f 2158/2808 2159/2807 2148/2793 2149/2794 
f 996/1526 2160/2809 2161/2810 2162/2811 
f 2160/2809 2163/2812 2164/2813 2161/2810 
f 2162/2811 2161/2810 2165/2814 2166/2815 
f 2161/2810 2164/2813 2167/2816 2165/2814 
f 2168/2817 2169/2818 2170/2819 2171/2820 
f 2171/2820 2170/2819 2172/2821 2173/2822 
f 2163/2812 2168/2823 2171/2824 2164/2813 
f 2164/2813 2171/2824 2173/2825 2167/2816 
f 2174/2826 2175/2827 2176/2828 2177/2829 
f 2175/2830 2178/2831 2179/2832 2176/2833 
f 2177/2829 2176/2828 2173/2822 2172/2821 
f 2176/2833 2179/2832 2167/2816 2173/2825 
f 2180/2834 884/1414 2181/2835 2182/2836 
f 2182/2836 2181/2835 2166/2815 2165/2814 
f 2178/2831 2180/2834 2182/2836 2179/2832 
f 2179/2832 2182/2836 2165/2814 2167/2816 
f 891/1421 2183/2837 2184/2838 892/1422 
f 2183/2837 2185/2839 2186/2840 2184/2838 
f 892/1422 2184/2838 2187/2841 878/1408 
f 2184/2838 2186/2840 2188/2842 2187/2841 
f 2189/2843 2190/2844 2191/2845 2192/2846 
f 2192/2846 2191/2845 2193/2847 2194/2848 
f 2185/2849 2189/2843 2192/2846 2186/2850 
f 2186/2850 2192/2846 2194/2848 2188/2851 
f 2151/2796 2150/2795 2195/2852 2196/2853 
f 2150/2795 2146/2801 2197/2854 2195/2852 
f 2196/2853 2195/2852 2194/2848 2193/2847 
f 2195/2852 2197/2854 2188/2851 2194/2848 
f 2144/2789 871/1401 875/1405 2198/2855 
f 2198/2855 875/1405 878/1408 2187/2841 
f 2146/2791 2144/2789 2198/2855 2197/2856 
f 2197/2856 2198/2855 2187/2841 2188/2842 
f 894/1424 2199/2857 2200/2858 895/1425 
f 2199/2857 2201/2859 2202/2860 2200/2858 
f 895/1425 2200/2858 2203/2861 898/1428 
f 2200/2858 2202/2860 2204/2862 2203/2861 
f 2205/2863 2206/2864 2207/2865 2208/2866 
f 2208/2866 2207/2865 2209/2867 2210/2868 
f 2201/2859 2205/2869 2208/2870 2202/2860 
f 2202/2860 2208/2870 2210/2871 2204/2862 
f 2211/2872 2212/2873 2213/2874 2214/2875 
f 2212/2876 2215/2877 2216/2878 2213/2879 
f 2214/2875 2213/2874 2210/2868 2209/2867 
f 2213/2879 2216/2878 2204/2862 2210/2871 
f 2217/2880 904/1434 903/1433 2218/2881 
f 2218/2881 903/1433 898/1428 2203/2861 
f 2215/2877 2217/2880 2218/2881 2216/2878 
f 2216/2878 2218/2881 2203/2861 2204/2862 
f 989/1519 2219/2882 2220/2883 990/1520 
f 2219/2882 2221/2884 2222/2885 2220/2883 
f 990/1520 2220/2883 2223/2886 993/1523 
f 2220/2883 2222/2885 2224/2887 2223/2886 
f 2225/2888 2226/2889 2227/2890 2228/2891 
f 2228/2891 2227/2890 2229/2892 2230/2893 
f 2221/2884 2225/2894 2228/2895 2222/2885 
f 2222/2885 2228/2895 2230/2896 2224/2887 
f 2169/2818 2168/2817 2231/2897 2232/2898 
f 2168/2823 2163/2812 2233/2899 2231/2900 
f 2232/2898 2231/2897 2230/2893 2229/2892 
f 2231/2900 2233/2899 2224/2887 2230/2896 
f 2160/2809 996/1526 995/1525 2234/2901 
f 2234/2901 995/1525 993/1523 2223/2886 
f 2163/2812 2160/2809 2234/2901 2233/2899 
f 2233/2899 2234/2901 2223/2886 2224/2887 
f 904/1434 2217/2880 2235/2902 999/1529 
f 2217/2880 2215/2877 2236/2903 2235/2902 
f 999/1529 2235/2902 2237/2904 1001/1531 
f 2235/2902 2236/2903 2238/2905 2237/2904 
f 2212/2873 2211/2872 2239/2906 2240/2907 
f 2240/2907 2239/2906 2241/2908 2242/2909 
f 2215/2877 2212/2876 2240/2910 2236/2903 
f 2236/2903 2240/2910 2242/2911 2238/2905 
f 2243/2912 2244/2913 2245/2914 2246/2915 
f 2244/2916 2247/2917 2248/2918 2245/2919 
f 2246/2915 2245/2914 2242/2909 2241/2908 
f 2245/2919 2248/2918 2238/2905 2242/2911 
f 2249/2920 1006/1536 1005/1535 2250/2921 
f 2250/2921 1005/1535 1001/1531 2237/2904 
f 2247/2917 2249/2920 2250/2921 2248/2918 
f 2248/2918 2250/2921 2237/2904 2238/2905 
f 1075/1605 2251/2922 2252/2923 1076/1606 
f 2251/2922 2253/2924 2254/2925 2252/2923 
f 1076/1606 2252/2923 2255/2926 1079/1609 
f 2252/2923 2254/2925 2256/2927 2255/2926 
f 2257/2928 2258/2929 2259/2930 2260/2931 
f 2260/2931 2259/2930 2261/2932 2262/2933 
f 2253/2924 2257/2934 2260/2935 2254/2925 
f 2254/2925 2260/2935 2262/2936 2256/2927 
f 2226/2889 2225/2888 2263/2937 2264/2938 
f 2225/2894 2221/2884 2265/2939 2263/2940 
f 2264/2938 2263/2937 2262/2933 2261/2932 
f 2263/2940 2265/2939 2256/2927 2262/2936 
f 2219/2882 989/1519 1081/1611 2266/2941 
f 2266/2941 1081/1611 1079/1609 2255/2926 
f 2221/2884 2219/2882 2266/2941 2265/2939 
f 2265/2939 2266/2941 2255/2926 2256/2927 
f 1006/1536 2249/2920 2267/2942 1083/1613 
f 2249/2920 2247/2917 2268/2943 2267/2942 
f 1083/1613 2267/2942 2269/2944 1085/1615 
f 2267/2942 2268/2943 2270/2945 2269/2944 
f 2244/2913 2243/2912 2271/2946 2272/2947 
f 2272/2947 2271/2946 2273/2948 2274/2949 
f 2247/2917 2244/2916 2272/2950 2268/2943 
f 2268/2943 2272/2950 2274/2951 2270/2945 
f 2275/2952 2276/2953 2277/2954 2278/2955 
f 2276/2956 2279/2957 2280/2958 2277/2959 
f 2278/2955 2277/2954 2274/2949 2273/2948 
f 2277/2959 2280/2958 2270/2945 2274/2951 
f 2281/2960 1090/1620 1089/1619 2282/2961 
f 2282/2961 1089/1619 1085/1615 2269/2944 
f 2279/2957 2281/2960 2282/2961 2280/2958 
f 2280/2958 2282/2961 2269/2944 2270/2945 
f 1159/1689 2283/2962 2284/2963 1160/1690 
f 2283/2962 2285/2964 2286/2965 2284/2963 
f 1160/1690 2284/2963 2287/2966 1163/1693 
f 2284/2963 2286/2965 2288/2967 2287/2966 
f 2289/2968 2290/2969 2291/2970 2292/2971 
f 2292/2971 2291/2970 2293/2972 2294/2973 
f 2285/2964 2289/2974 2292/2975 2286/2965 
f 2286/2965 2292/2975 2294/2976 2288/2967 
f 2258/2929 2257/2928 2295/2977 2296/2978 
f 2257/2934 2253/2924 2297/2979 2295/2980 
f 2296/2978 2295/2977 2294/2973 2293/2972 
f 2295/2980 2297/2979 2288/2967 2294/2976 
f 2251/2922 1075/1605 1165/1695 2298/2981 
f 2298/2981 1165/1695 1163/1693 2287/2966 
f 2253/2924 2251/2922 2298/2981 2297/2979 
f 2297/2979 2298/2981 2287/2966 2288/2967 
f 1090/1620 2281/2960 2299/2982 1167/1697 
f 2281/2960 2279/2957 2300/2983 2299/2982 
f 1167/1697 2299/2982 2301/2984 1169/1699 
f 2299/2982 2300/2983 2302/2985 2301/2984 
f 2276/2953 2275/2952 2303/2986 2304/2987 
f 2304/2987 2303/2986 2305/2988 2306/2989 
f 2279/2957 2276/2956 2304/2990 2300/2983 
f 2300/2983 2304/2990 2306/2991 2302/2985 
f 2307/2992 2308/2993 2309/2994 2310/2995 
f 2308/2996 2311/2997 2312/2998 2309/2999 
f 2310/2995 2309/2994 2306/2989 2305/2988 
f 2309/2999 2312/2998 2302/2985 2306/2991 
f 2313/3000 1174/1704 1173/1703 2314/3001 
f 2314/3001 1173/1703 1169/1699 2301/2984 
f 2311/2997 2313/3000 2314/3001 2312/2998 
f 2312/2998 2314/3001 2301/2984 2302/2985 
f 2315/3002 2316/3003 2317/3004 2318/3005 
f 2316/3003 2319/3006 2320/3007 2317/3004 
f 2318/3005 2317/3004 2321/3008 2322/3009 
f 2317/3004 2320/3007 2323/3010 2321/3008 
f 2324/3011 2325/3012 2326/3013 2327/3014 
f 2327/3014 2326/3013 2328/3015 2329/3016 
f 2319/3017 2324/3011 2327/3014 2320/3018 
f 2320/3018 2327/3014 2329/3016 2323/3019 
f 2330/3020 2331/3021 2332/3022 2333/3023 
f 2331/3021 2334/3024 2335/3025 2332/3022 
f 2333/3023 2332/3022 2329/3016 2328/3015 
f 2332/3022 2335/3025 2323/3019 2329/3016 
f 2336/3026 2337/3027 2338/3028 2339/3029 
f 2339/3029 2338/3028 2322/3009 2321/3008 
f 2334/3030 2336/3026 2339/3029 2335/3031 
f 2335/3031 2339/3029 2321/3008 2323/3010 
f 2337/3027 2336/3026 2340/3032 2341/3033 
f 2336/3026 2334/3030 2342/3034 2340/3032 
f 2341/3033 2340/3032 2343/3035 2344/3036 
f 2340/3032 2342/3034 2345/3037 2343/3035 
f 2331/3021 2330/3020 2346/3038 2347/3039 
f 2347/3039 2346/3038 2348/3040 2349/3041 
f 2334/3024 2331/3021 2347/3039 2342/3042 
f 2342/3042 2347/3039 2349/3041 2345/3043 
f 2350/3044 2351/3045 2352/3046 2353/3047 
f 2351/3045 2354/3048 2355/3049 2352/3046 
f 2353/3047 2352/3046 2349/3041 2348/3040 
f 2352/3046 2355/3049 2345/3043 2349/3041 
f 2356/3050 2357/3051 2358/3052 2359/3053 
f 2359/3053 2358/3052 2344/3036 2343/3035 
f 2354/3054 2356/3050 2359/3053 2355/3055 
f 2355/3055 2359/3053 2343/3035 2345/3037 
f 2357/3051 2356/3050 2360/3056 2361/3057 
f 2356/3050 2354/3054 2362/3058 2360/3056 
f 2361/3057 2360/3056 2363/3059 2364/3060 
f 2360/3056 2362/3058 2365/3061 2363/3059 
f 2351/3045 2350/3044 2366/3062 2367/3063 
f 2367/3063 2366/3062 2368/3064 2369/3065 
f 2354/3048 2351/3045 2367/3063 2362/3066 
f 2362/3066 2367/3063 2369/3065 2365/3067 
f 2370/3068 2371/3069 2372/3070 2373/3071 
f 2371/3069 2374/3072 2375/3073 2372/3070 
f 2373/3071 2372/3070 2369/3065 2368/3064 
f 2372/3070 2375/3073 2365/3067 2369/3065 
f 2376/3074 2377/3075 2378/3076 2379/3077 
f 2379/3077 2378/3076 2364/3060 2363/3059 
f 2374/3078 2376/3074 2379/3077 2375/3079 
f 2375/3079 2379/3077 2363/3059 2365/3061 
f 2377/3075 2376/3074 2380/3080 2381/3081 
f 2376/3074 2374/3078 2382/3082 2380/3080 
f 2381/3081 2380/3080 2383/3083 2384/3084 
f 2380/3080 2382/3082 2385/3085 2383/3083 
f 2371/3069 2370/3068 2386/3086 2387/3087 
f 2387/3087 2386/3086 2388/3088 2389/3089 
f 2374/3072 2371/3069 2387/3087 2382/3090 
f 2382/3090 2387/3087 2389/3089 2385/3091 
f 2390/3092 2391/3093 2392/3094 2393/3095 
f 2391/3093 2394/3096 2395/3097 2392/3094 
f 2393/3095 2392/3094 2389/3089 2388/3088 
f 2392/3094 2395/3097 2385/3091 2389/3089 
f 2396/3098 2397/3099 2398/3100 2399/3101 
f 2399/3101 2398/3100 2384/3084 2383/3083 
f 2394/3102 2396/3098 2399/3101 2395/3103 
f 2395/3103 2399/3101 2383/3083 2385/3085 
f 2397/3099 2396/3098 2400/3104 2401/3105 
f 2396/3098 2394/3102 2402/3106 2400/3104 
f 2401/3105 2400/3104 2403/3107 2404/3108 
f 2400/3104 2402/3106 2405/3109 2403/3107 
f 2391/3093 2390/3092 2406/3110 2407/3111 
f 2407/3111 2406/3110 2408/3112 2409/3113 
f 2394/3096 2391/3093 2407/3111 2402/3114 
f 2402/3114 2407/3111 2409/3113 2405/3115 
f 2410/3116 2411/3117 2412/3118 2413/3119 
f 2411/3117 2414/3120 2415/3121 2412/3118 
f 2413/3119 2412/3118 2409/3113 2408/3112 
f 2412/3118 2415/3121 2405/3115 2409/3113 
f 2416/3122 2417/3123 2418/3124 2419/3125 
f 2419/3125 2418/3124 2404/3108 2403/3107 
f 2414/3126 2416/3122 2419/3125 2415/3127 
f 2415/3127 2419/3125 2403/3107 2405/3109 
f 2417/3123 2416/3122 2420/3128 2421/3129 
f 2416/3122 2414/3126 2422/3130 2420/3128 
f 2421/3129 2420/3128 2423/3131 2424/3132 
f 2420/3128 2422/3130 2425/3133 2423/3131 
f 2411/3117 2410/3116 2426/3134 2427/3135 
f 2427/3136 2426/3137 2428/3138 2429/3139 
f 2414/3120 2411/3117 2427/3135 2422/3140 
f 2422/3130 2427/3141 2429/3142 2425/3133 
f 2430/3143 2431/3144 2432/3145 2433/3146 
f 2431/3147 2434/3148 2435/3149 2432/3150 
f 2433/3146 2432/3145 2429/3139 2428/3138 
f 2432/3150 2435/3149 2425/3133 2429/3142 
f 2436/3151 1243/1773 2437/3152 2438/3153 
f 2438/3153 2437/3152 2424/3132 2423/3131 
f 2434/3148 2436/3151 2438/3153 2435/3149 
f 2435/3149 2438/3153 2423/3131 2425/3133 
f 2083/2708 2439/3154 2440/3155 2084/2709 
f 2439/3154 2441/3156 2442/3157 2440/3155 
f 2084/2709 2440/3155 2443/3158 2086/2711 
f 2440/3155 2442/3157 2444/3159 2443/3158 
f 2445/3160 1713/2243 2446/3161 2447/3162 
f 2447/3163 2446/3164 2448/3165 2449/3166 
f 2441/3156 2445/3160 2447/3162 2442/3157 
f 2442/3157 2447/3162 2449/3167 2444/3159 
f 2064/2685 2450/3168 2451/3169 2452/3170 
f 2450/3168 2453/3171 2454/3172 2451/3169 
f 2452/3170 2451/3169 2449/3173 2448/3165 
f 2451/3169 2454/3172 2444/3174 2449/3173 
f 2455/3175 2088/2717 2091/2720 2456/3176 
f 2456/3176 2091/2720 2086/2726 2443/3177 
f 2453/3171 2455/3175 2456/3176 2454/3172 
f 2454/3172 2456/3176 2443/3177 2444/3174 
f 2103/2736 2457/3178 2458/3179 2104/2737 
f 2457/3178 2459/3180 2460/3181 2458/3179 
f 2104/2737 2458/3179 2461/3182 2106/2739 
f 2458/3179 2460/3181 2462/3183 2461/3182 
f 2463/3184 1723/2253 1722/2252 2464/3185 
f 2464/3185 1722/2252 1717/2247 2465/3186 
f 2459/3180 2463/3184 2464/3185 2460/3181 
f 2460/3181 2464/3185 2465/3186 2462/3183 
f 1713/2243 2445/3160 2466/3187 1714/2244 
f 2445/3160 2441/3156 2467/3188 2466/3187 
f 1714/2244 2466/3187 2465/3186 1717/2247 
f 2466/3187 2467/3188 2462/3183 2465/3186 
f 2439/3154 2083/2708 2109/2745 2468/3189 
f 2468/3189 2109/2745 2106/2739 2461/3182 
f 2441/3156 2439/3154 2468/3189 2467/3188 
f 2467/3188 2468/3189 2461/3182 2462/3183 
f 2119/2756 2469/3190 2470/3191 2120/2757 
f 2469/3190 2471/3192 2472/3193 2470/3191 
f 2120/2757 2470/3191 2473/3194 2122/2759 
f 2470/3191 2472/3193 2474/3195 2473/3194 
f 2475/3196 1740/2275 1739/2274 2476/3197 
f 2476/3197 1739/2274 1735/2270 2477/3198 
f 2471/3192 2475/3196 2476/3197 2472/3193 
f 2472/3193 2476/3197 2477/3198 2474/3195 
f 1723/2253 2463/3184 2478/3199 1733/2268 
f 2463/3184 2459/3180 2479/3200 2478/3199 
f 1733/2268 2478/3199 2477/3198 1735/2270 
f 2478/3199 2479/3200 2474/3195 2477/3198 
f 2457/3178 2103/2736 2125/2765 2480/3201 
f 2480/3201 2125/2765 2122/2759 2473/3194 
f 2459/3180 2457/3178 2480/3201 2479/3200 
f 2479/3200 2480/3201 2473/3194 2474/3195 
f 2135/2776 2481/3202 2482/3203 2136/2777 
f 2481/3202 2483/3204 2484/3205 2482/3203 
f 2136/2777 2482/3203 2485/3206 2138/2779 
f 2482/3203 2484/3205 2486/3207 2485/3206 
f 2487/3208 1756/2295 1755/2294 2488/3209 
f 2488/3209 1755/2294 1751/2290 2489/3210 
f 2483/3204 2487/3208 2488/3209 2484/3205 
f 2484/3205 2488/3209 2489/3210 2486/3207 
f 1740/2275 2475/3196 2490/3211 1749/2288 
f 2475/3196 2471/3192 2491/3212 2490/3211 
f 1749/2288 2490/3211 2489/3210 1751/2290 
f 2490/3211 2491/3212 2486/3207 2489/3210 
f 2469/3190 2119/2756 2141/2785 2492/3213 
f 2492/3213 2141/2785 2138/2779 2485/3206 
f 2471/3192 2469/3190 2492/3213 2491/3212 
f 2491/3212 2492/3213 2485/3206 2486/3207 
f 2151/2796 2493/3214 2494/3215 2152/2797 
f 2493/3214 2495/3216 2496/3217 2494/3215 
f 2152/2797 2494/3215 2497/3218 2154/2799 
f 2494/3215 2496/3217 2498/3219 2497/3218 
f 2499/3220 1772/2315 1771/2314 2500/3221 
f 2500/3221 1771/2314 1767/2310 2501/3222 
f 2495/3216 2499/3220 2500/3221 2496/3217 
f 2496/3217 2500/3221 2501/3222 2498/3219 
f 1756/2295 2487/3208 2502/3223 1765/2308 
f 2487/3208 2483/3204 2503/3224 2502/3223 
f 1765/2308 2502/3223 2501/3222 1767/2310 
f 2502/3223 2503/3224 2498/3219 2501/3222 
f 2481/3202 2135/2776 2157/2805 2504/3225 
f 2504/3225 2157/2805 2154/2799 2497/3218 
f 2483/3204 2481/3202 2504/3225 2503/3224 
f 2503/3224 2504/3225 2497/3218 2498/3219 
f 2169/2818 2505/3226 2506/3227 2170/2819 
f 2505/3226 2507/3228 2508/3229 2506/3227 
f 2170/2819 2506/3227 2509/3230 2172/2821 
f 2506/3227 2508/3229 2510/3231 2509/3230 
f 2511/3232 1813/2374 2512/3233 2513/3234 
f 2513/3234 2512/3233 2514/3235 2515/3236 
f 2507/3228 2511/3232 2513/3234 2508/3229 
f 2508/3229 2513/3234 2515/3236 2510/3231 
f 1804/2360 2516/3237 2517/3238 2518/3239 
f 2516/3237 2519/3240 2520/3241 2517/3238 
f 2518/3239 2517/3238 2515/3236 2514/3235 
f 2517/3238 2520/3241 2510/3231 2515/3236 
f 2521/3242 2174/2826 2177/2829 2522/3243 
f 2522/3243 2177/2829 2172/2821 2509/3230 
f 2519/3240 2521/3242 2522/3243 2520/3241 
f 2520/3241 2522/3243 2509/3230 2510/3231 
f 2190/2844 2523/3244 2524/3245 2191/2845 
f 2523/3244 2525/3246 2526/3247 2524/3245 
f 2191/2845 2524/3245 2527/3248 2193/2847 
f 2524/3245 2526/3247 2528/3249 2527/3248 
f 2529/3250 1788/2335 1787/2334 2530/3251 
f 2530/3251 1787/2334 1783/2330 2531/3252 
f 2525/3246 2529/3250 2530/3251 2526/3247 
f 2526/3247 2530/3251 2531/3252 2528/3249 
f 1772/2315 2499/3220 2532/3253 1781/2328 
f 2499/3220 2495/3216 2533/3254 2532/3253 
f 1781/2328 2532/3253 2531/3252 1783/2330 
f 2532/3253 2533/3254 2528/3249 2531/3252 
f 2493/3214 2151/2796 2196/2853 2534/3255 
f 2534/3255 2196/2853 2193/2847 2527/3248 
f 2495/3216 2493/3214 2534/3255 2533/3254 
f 2533/3254 2534/3255 2527/3248 2528/3249 
f 2206/2864 2535/3256 2536/3257 2207/2865 
f 2535/3256 2537/3258 2538/3259 2536/3257 
f 2207/2865 2536/3257 2539/3260 2209/2867 
f 2536/3257 2538/3259 2540/3261 2539/3260 
f 2541/3262 2048/2665 2047/2664 2542/3263 
f 2542/3263 2047/2664 2043/2660 2543/3264 
f 2537/3258 2541/3262 2542/3263 2538/3259 
f 2538/3259 2542/3263 2543/3264 2540/3261 
f 2032/2645 2544/3265 2545/3266 2041/2658 
f 2544/3265 2546/3267 2547/3268 2545/3266 
f 2041/2658 2545/3266 2543/3264 2043/2660 
f 2545/3266 2547/3268 2540/3261 2543/3264 
f 2548/3269 2211/2872 2214/2875 2549/3270 
f 2549/3270 2214/2875 2209/2867 2539/3260 
f 2546/3267 2548/3269 2549/3270 2547/3268 
f 2547/3268 2549/3270 2539/3260 2540/3261 
f 2226/2889 2550/3271 2551/3272 2227/2890 
f 2550/3271 2552/3273 2553/3274 2551/3272 
f 2227/2890 2551/3272 2554/3275 2229/2892 
f 2551/3272 2553/3274 2555/3276 2554/3275 
f 2556/3277 1823/2384 1822/2383 2557/3278 
f 2557/3278 1822/2383 1817/2378 2558/3279 
f 2552/3273 2556/3277 2557/3278 2553/3274 
f 2553/3274 2557/3278 2558/3279 2555/3276 
f 1813/2374 2511/3232 2559/3280 1814/2375 
f 2511/3232 2507/3228 2560/3281 2559/3280 
f 1814/2375 2559/3280 2558/3279 1817/2378 
f 2559/3280 2560/3281 2555/3276 2558/3279 
f 2505/3226 2169/2818 2232/2898 2561/3282 
f 2561/3282 2232/2898 2229/2892 2554/3275 
f 2507/3228 2505/3226 2561/3282 2560/3281 
f 2560/3281 2561/3282 2554/3275 2555/3276 
f 2211/2872 2548/3269 2562/3283 2239/2906 
f 2548/3269 2546/3267 2563/3284 2562/3283 
f 2239/2906 2562/3283 2564/3285 2241/2908 
f 2562/3283 2563/3284 2565/3286 2564/3285 
f 2544/3265 2032/2645 2031/2644 2566/3287 
f 2566/3287 2031/2644 2027/2640 2567/3288 
f 2546/3267 2544/3265 2566/3287 2563/3284 
f 2563/3284 2566/3287 2567/3288 2565/3286 
f 2015/2623 2568/3289 2569/3290 2025/2638 
f 2568/3289 2570/3291 2571/3292 2569/3290 
f 2025/2638 2569/3290 2567/3288 2027/2640 
f 2569/3290 2571/3292 2565/3286 2567/3288 
f 2572/3293 2243/2912 2246/2915 2573/3294 
f 2573/3294 2246/2915 2241/2908 2564/3285 
f 2570/3291 2572/3293 2573/3294 2571/3292 
f 2571/3292 2573/3294 2564/3285 2565/3286 
f 2258/2929 2574/3295 2575/3296 2259/2930 
f 2574/3295 2576/3297 2577/3298 2575/3296 
f 2259/2930 2575/3296 2578/3299 2261/2932 
f 2575/3296 2577/3298 2579/3300 2578/3299 
f 2580/3301 1840/2406 1839/2405 2581/3302 
f 2581/3302 1839/2405 1835/2401 2582/3303 
f 2576/3297 2580/3301 2581/3302 2577/3298 
f 2577/3298 2581/3302 2582/3303 2579/3300 
f 1823/2384 2556/3277 2583/3304 1833/2399 
f 2556/3277 2552/3273 2584/3305 2583/3304 
f 1833/2399 2583/3304 2582/3303 1835/2401 
f 2583/3304 2584/3305 2579/3300 2582/3303 
f 2550/3271 2226/2889 2264/2938 2585/3306 
f 2585/3306 2264/2938 2261/2932 2578/3299 
f 2552/3273 2550/3271 2585/3306 2584/3305 
f 2584/3305 2585/3306 2578/3299 2579/3300 
f 2243/2912 2572/3293 2586/3307 2271/2946 
f 2572/3293 2570/3291 2587/3308 2586/3307 
f 2271/2946 2586/3307 2588/3309 2273/2948 
f 2586/3307 2587/3308 2589/3310 2588/3309 
f 2568/3289 2015/2623 2014/2622 2590/3311 
f 2590/3311 2014/2622 2009/2617 2591/3312 
f 2570/3291 2568/3289 2590/3311 2587/3308 
f 2587/3308 2590/3311 2591/3312 2589/3310 
f 2005/2613 2592/3313 2593/3314 2006/2614 
f 2592/3313 2594/3315 2595/3316 2593/3314 
f 2006/2614 2593/3314 2591/3312 2009/2617 
f 2593/3314 2595/3316 2589/3310 2591/3312 
f 2596/3317 2275/2952 2278/2955 2597/3318 
f 2597/3318 2278/2955 2273/2948 2588/3309 
f 2594/3315 2596/3317 2597/3318 2595/3316 
f 2595/3316 2597/3318 2588/3309 2589/3310 
f 2290/2969 2598/3319 2599/3320 2291/2970 
f 2598/3319 2600/3321 2601/3322 2599/3320 
f 2291/2970 2599/3320 2602/3323 2293/2972 
f 2599/3320 2601/3322 2603/3324 2602/3323 
f 2604/3325 1856/2426 1855/2425 2605/3326 
f 2605/3326 1855/2425 1851/2421 2606/3327 
f 2600/3321 2604/3325 2605/3326 2601/3322 
f 2601/3322 2605/3326 2606/3327 2603/3324 
f 1840/2406 2580/3301 2607/3328 1849/2419 
f 2580/3301 2576/3297 2608/3329 2607/3328 
f 1849/2419 2607/3328 2606/3327 1851/2421 
f 2607/3328 2608/3329 2603/3324 2606/3327 
f 2574/3295 2258/2929 2296/2978 2609/3330 
f 2609/3330 2296/2978 2293/2972 2602/3323 
f 2576/3297 2574/3295 2609/3330 2608/3329 
f 2608/3329 2609/3330 2602/3323 2603/3324 
f 2275/2952 2596/3317 2610/3331 2303/2986 
f 2596/3317 2594/3315 2611/3332 2610/3331 
f 2303/2986 2610/3331 2612/3333 2305/2988 
f 2610/3331 2611/3332 2613/3334 2612/3333 
f 2592/3313 2005/2613 2614/3335 2615/3336 
f 2615/3336 2614/3335 2616/3337 2617/3338 
f 2594/3315 2592/3313 2615/3336 2611/3332 
f 2611/3332 2615/3336 2617/3338 2613/3334 
f 1993/2597 2618/3339 2619/3340 2620/3341 
f 2618/3339 2621/3342 2622/3343 2619/3340 
f 2620/3341 2619/3340 2617/3338 2616/3337 
f 2619/3340 2622/3343 2613/3334 2617/3338 
f 2623/3344 2307/2992 2310/2995 2624/3345 
f 2624/3345 2310/2995 2305/2988 2612/3333 
f 2621/3342 2623/3344 2624/3345 2622/3343 
f 2622/3343 2624/3345 2612/3333 2613/3334 
f 2325/3012 2625/3346 2626/3347 2326/3013 
f 2625/3346 2627/3348 2628/3349 2626/3347 
f 2326/3013 2626/3347 2629/3350 2328/3015 
f 2626/3347 2628/3349 2630/3351 2629/3350 
f 2631/3352 1973/2568 1972/2567 2632/3353 
f 2632/3353 1972/2567 1968/2563 2633/3354 
f 2627/3348 2631/3352 2632/3353 2628/3349 
f 2628/3349 2632/3353 2633/3354 2630/3351 
f 1953/2544 2634/3355 2635/3356 1966/2561 
f 2634/3355 2636/3357 2637/3358 2635/3356 
f 1966/2561 2635/3356 2633/3354 1968/2563 
f 2635/3356 2637/3358 2630/3351 2633/3354 
f 2638/3359 2330/3020 2333/3023 2639/3360 
f 2639/3360 2333/3023 2328/3015 2629/3350 
f 2636/3357 2638/3359 2639/3360 2637/3358 
f 2637/3358 2639/3360 2629/3350 2630/3351 
f 2330/3020 2638/3359 2640/3361 2346/3038 
f 2638/3359 2636/3357 2641/3362 2640/3361 
f 2346/3038 2640/3361 2642/3363 2348/3040 
f 2640/3361 2641/3362 2643/3364 2642/3363 
f 2634/3355 1953/2544 1952/2543 2644/3365 
f 2644/3365 1952/2543 1948/2539 2645/3366 
f 2636/3357 2634/3355 2644/3365 2641/3362 
f 2641/3362 2644/3365 2645/3366 2643/3364 
f 1933/2520 2646/3367 2647/3368 1946/2537 
f 2646/3367 2648/3369 2649/3370 2647/3368 
f 1946/2537 2647/3368 2645/3366 1948/2539 
f 2647/3368 2649/3370 2643/3364 2645/3366 
f 2650/3371 2350/3044 2353/3047 2651/3372 
f 2651/3372 2353/3047 2348/3040 2642/3363 
f 2648/3369 2650/3371 2651/3372 2649/3370 
f 2649/3370 2651/3372 2642/3363 2643/3364 
f 2350/3044 2650/3371 2652/3373 2366/3062 
f 2650/3371 2648/3369 2653/3374 2652/3373 
f 2366/3062 2652/3373 2654/3375 2368/3064 
f 2652/3373 2653/3374 2655/3376 2654/3375 
f 2646/3367 1933/2520 1932/2519 2656/3377 
f 2656/3377 1932/2519 1928/2515 2657/3378 
f 2648/3369 2646/3367 2656/3377 2653/3374 
f 2653/3374 2656/3377 2657/3378 2655/3376 
f 1913/2496 2658/3379 2659/3380 1926/2513 
f 2658/3379 2660/3381 2661/3382 2659/3380 
f 1926/2513 2659/3380 2657/3378 1928/2515 
f 2659/3380 2661/3382 2655/3376 2657/3378 
f 2662/3383 2370/3068 2373/3071 2663/3384 
f 2663/3384 2373/3071 2368/3064 2654/3375 
f 2660/3381 2662/3383 2663/3384 2661/3382 
f 2661/3382 2663/3384 2654/3375 2655/3376 
f 2370/3068 2662/3383 2664/3385 2386/3086 
f 2662/3383 2660/3381 2665/3386 2664/3385 
f 2386/3086 2664/3385 2666/3387 2388/3088 
f 2664/3385 2665/3386 2667/3388 2666/3387 
f 2658/3379 1913/2496 1912/2495 2668/3389 
f 2668/3389 1912/2495 1908/2491 2669/3390 
f 2660/3381 2658/3379 2668/3389 2665/3386 
f 2665/3386 2668/3389 2669/3390 2667/3388 
f 1891/2469 2670/3391 2671/3392 1906/2489 
f 2670/3391 2672/3393 2673/3394 2671/3392 
f 1906/2489 2671/3392 2669/3390 1908/2491 
f 2671/3392 2673/3394 2667/3388 2669/3390 
f 2674/3395 2390/3092 2393/3095 2675/3396 
f 2675/3396 2393/3095 2388/3088 2666/3387 
f 2672/3393 2674/3395 2675/3396 2673/3394 
f 2673/3394 2675/3396 2666/3387 2667/3388 
f 2390/3092 2674/3395 2676/3397 2406/3110 
f 2674/3395 2672/3393 2677/3398 2676/3397 
f 2406/3110 2676/3397 2678/3399 2408/3112 
f 2676/3397 2677/3398 2679/3400 2678/3399 
f 2670/3391 1891/2469 1890/2468 2680/3401 
f 2680/3401 1890/2468 1885/2463 2681/3402 
f 2672/3393 2670/3391 2680/3401 2677/3398 
f 2677/3398 2680/3401 2681/3402 2679/3400 
f 1881/2459 2682/3403 2683/3404 1882/2460 
f 2682/3403 2684/3405 2685/3406 2683/3404 
f 1882/2460 2683/3404 2681/3402 1885/2463 
f 2683/3404 2685/3406 2679/3400 2681/3402 
f 2686/3407 2410/3116 2413/3119 2687/3408 
f 2687/3408 2413/3119 2408/3112 2678/3399 
f 2684/3405 2686/3407 2687/3408 2685/3406 
f 2685/3406 2687/3408 2678/3399 2679/3400 
f 2410/3116 2686/3407 2688/3409 2426/3134 
f 2686/3407 2684/3405 2689/3410 2688/3409 
f 2426/3137 2688/3411 2690/3412 2428/3138 
f 2688/3411 2689/3413 2691/3414 2690/3412 
f 2682/3403 1881/2459 2692/3415 2693/3416 
f 2693/3417 2692/3418 2694/3419 2695/3420 
f 2684/3405 2682/3403 2693/3416 2689/3410 
f 2689/3413 2693/3417 2695/3420 2691/3414 
f 1872/2446 2696/3421 2697/3422 2698/3423 
f 2696/3421 2699/3424 2700/3425 2697/3422 
f 2698/3423 2697/3422 2695/3420 2694/3419 
f 2697/3422 2700/3425 2691/3414 2695/3420 
f 2701/3426 2430/3143 2433/3146 2702/3427 
f 2702/3427 2433/3146 2428/3138 2690/3412 
f 2699/3424 2701/3426 2702/3427 2700/3425 
f 2700/3425 2702/3427 2690/3412 2691/3414 
f 799/1329 2703/3428 2704/3429 800/1330 
f 2703/3428 2705/3430 2706/3431 2704/3429 
f 800/1330 2704/3429 2707/3432 802/1332 
f 2704/3429 2706/3431 2708/3433 2707/3432 
f 2709/3434 894/1424 897/1427 2710/3435 
f 2710/3435 897/1427 901/1431 2711/3436 
f 2705/3430 2709/3434 2710/3435 2706/3431 
f 2706/3431 2710/3435 2711/3436 2708/3433 
f 916/1446 2712/3437 2713/3438 917/1447 
f 2712/3437 2714/3439 2715/3440 2713/3438 
f 917/1447 2713/3438 2711/3436 901/1431 
f 2713/3438 2715/3440 2708/3433 2711/3436 
f 2716/3441 804/1334 807/1337 2717/3442 
f 2717/3442 807/1337 802/1332 2707/3432 
f 2714/3439 2716/3441 2717/3442 2715/3440 
f 2715/3440 2717/3442 2707/3432 2708/3433 
f 804/1334 2716/3441 2718/3443 820/1350 
f 2716/3441 2714/3439 2719/3444 2718/3443 
f 820/1350 2718/3443 2720/3445 822/1352 
f 2718/3443 2719/3444 2721/3446 2720/3445 
f 2712/3437 916/1446 920/1450 2722/3447 
f 2722/3447 920/1450 923/1453 2723/3448 
f 2714/3439 2712/3437 2722/3447 2719/3444 
f 2719/3444 2722/3447 2723/3448 2721/3446 
f 936/1466 2724/3449 2725/3450 937/1467 
f 2724/3449 2726/3451 2727/3452 2725/3450 
f 937/1467 2725/3450 2723/3448 923/1453 
f 2725/3450 2727/3452 2721/3446 2723/3448 
f 2728/3453 824/1354 827/1357 2729/3454 
f 2729/3454 827/1357 822/1352 2720/3445 
f 2726/3451 2728/3453 2729/3454 2727/3452 
f 2727/3452 2729/3454 2720/3445 2721/3446 
f 824/1354 2728/3453 2730/3455 840/1370 
f 2728/3453 2726/3451 2731/3456 2730/3455 
f 840/1370 2730/3455 2732/3457 842/1372 
f 2730/3455 2731/3456 2733/3458 2732/3457 
f 2724/3449 936/1466 940/1470 2734/3459 
f 2734/3459 940/1470 943/1473 2735/3460 
f 2726/3451 2724/3449 2734/3459 2731/3456 
f 2731/3456 2734/3459 2735/3460 2733/3458 
f 956/1486 2736/3461 2737/3462 957/1487 
f 2736/3461 2738/3463 2739/3464 2737/3462 
f 957/1487 2737/3462 2735/3460 943/1473 
f 2737/3462 2739/3464 2733/3458 2735/3460 
f 2740/3465 844/1374 847/1377 2741/3466 
f 2741/3466 847/1377 842/1372 2732/3457 
f 2738/3463 2740/3465 2741/3466 2739/3464 
f 2739/3464 2741/3466 2732/3457 2733/3458 
f 844/1374 2740/3465 2742/3467 860/1390 
f 2740/3465 2738/3463 2743/3468 2742/3467 
f 860/1390 2742/3467 2744/3469 862/1392 
f 2742/3467 2743/3468 2745/3470 2744/3469 
f 2736/3461 956/1486 960/1490 2746/3471 
f 2746/3471 960/1490 963/1493 2747/3472 
f 2738/3463 2736/3461 2746/3471 2743/3468 
f 2743/3468 2746/3471 2747/3472 2745/3470 
f 976/1506 2748/3473 2749/3474 977/1507 
f 2748/3473 2750/3475 2751/3476 2749/3474 
f 977/1507 2749/3474 2747/3472 963/1493 
f 2749/3474 2751/3476 2745/3470 2747/3472 
f 2752/3477 864/1394 867/1397 2753/3478 
f 2753/3478 867/1397 862/1392 2744/3469 
f 2750/3475 2752/3477 2753/3478 2751/3476 
f 2751/3476 2753/3478 2744/3469 2745/3470 
f 864/1394 2752/3477 2754/3479 880/1410 
f 2752/3477 2750/3475 2755/3480 2754/3479 
f 880/1410 2754/3479 2756/3481 882/1412 
f 2754/3479 2755/3480 2757/3482 2756/3481 
f 2748/3473 976/1506 980/1510 2758/3483 
f 2758/3483 980/1510 983/1513 2759/3484 
f 2750/3475 2748/3473 2758/3483 2755/3480 
f 2755/3480 2758/3483 2759/3484 2757/3482 
f 996/1526 2162/2811 2760/3485 997/1527 
f 2162/2811 2166/2815 2761/3486 2760/3485 
f 997/1527 2760/3485 2759/3484 983/1513 
f 2760/3485 2761/3486 2757/3482 2759/3484 
f 2181/2835 884/1414 887/1417 2762/3487 
f 2762/3487 887/1417 882/1412 2756/3481 
f 2166/2815 2181/2835 2762/3487 2761/3486 
f 2761/3486 2762/3487 2756/3481 2757/3482 
f 1266/1796 2763/3488 2764/3489 1267/1797 
f 2763/3488 2765/3490 2766/3491 2764/3489 
f 1267/1797 2764/3489 2767/3492 1270/1800 
f 2764/3489 2766/3491 2768/3493 2767/3492 
f 2769/3494 1366/1896 1365/1895 2770/3495 
f 2770/3495 1365/1895 1360/1890 2771/3496 
f 2765/3490 2769/3494 2770/3495 2766/3491 
f 2766/3491 2770/3495 2771/3496 2768/3493 
f 1356/1886 2074/2698 2772/3497 1357/1887 
f 2074/2698 2072/2693 2773/3498 2772/3497 
f 1357/1887 2772/3497 2771/3496 1360/1890 
f 2772/3497 2773/3498 2768/3493 2771/3496 
f 2069/2690 1273/1803 1272/1802 2774/3499 
f 2774/3499 1272/1802 1270/1800 2767/3492 
f 2072/2693 2069/2690 2774/3499 2773/3498 
f 2773/3498 2774/3499 2767/3492 2768/3493 
f 1288/1818 2775/3500 2776/3501 1289/1819 
f 2775/3500 2777/3502 2778/3503 2776/3501 
f 1289/1819 2776/3501 2779/3504 1292/1822 
f 2776/3501 2778/3503 2780/3505 2779/3504 
f 2781/3506 1388/1918 1387/1917 2782/3507 
f 2782/3507 1387/1917 1383/1913 2783/3508 
f 2777/3502 2781/3506 2782/3507 2778/3503 
f 2778/3503 2782/3507 2783/3508 2780/3505 
f 1366/1896 2769/3494 2784/3509 1381/1911 
f 2769/3494 2765/3490 2785/3510 2784/3509 
f 1381/1911 2784/3509 2783/3508 1383/1913 
f 2784/3509 2785/3510 2780/3505 2783/3508 
f 2763/3488 1266/1796 1294/1824 2786/3511 
f 2786/3511 1294/1824 1292/1822 2779/3504 
f 2765/3490 2763/3488 2786/3511 2785/3510 
f 2785/3510 2786/3511 2779/3504 2780/3505 
f 1308/1838 2787/3512 2788/3513 1309/1839 
f 2787/3512 2789/3514 2790/3515 2788/3513 
f 1309/1839 2788/3513 2791/3516 1312/1842 
f 2788/3513 2790/3515 2792/3517 2791/3516 
f 2793/3518 1408/1938 1407/1937 2794/3519 
f 2794/3519 1407/1937 1403/1933 2795/3520 
f 2789/3514 2793/3518 2794/3519 2790/3515 
f 2790/3515 2794/3519 2795/3520 2792/3517 
f 1388/1918 2781/3506 2796/3521 1401/1931 
f 2781/3506 2777/3502 2797/3522 2796/3521 
f 1401/1931 2796/3521 2795/3520 1403/1933 
f 2796/3521 2797/3522 2792/3517 2795/3520 
f 2775/3500 1288/1818 1314/1844 2798/3523 
f 2798/3523 1314/1844 1312/1842 2791/3516 
f 2777/3502 2775/3500 2798/3523 2797/3522 
f 2797/3522 2798/3523 2791/3516 2792/3517 
f 1328/1858 2799/3524 2800/3525 1329/1859 
f 2799/3524 2801/3526 2802/3527 2800/3525 
f 1329/1859 2800/3525 2803/3528 1332/1862 
f 2800/3525 2802/3527 2804/3529 2803/3528 
f 2805/3530 1428/1958 1427/1957 2806/3531 
f 2806/3531 1427/1957 1423/1953 2807/3532 
f 2801/3526 2805/3530 2806/3531 2802/3527 
f 2802/3527 2806/3531 2807/3532 2804/3529 
f 1408/1938 2793/3518 2808/3533 1421/1951 
f 2793/3518 2789/3514 2809/3534 2808/3533 
f 1421/1951 2808/3533 2807/3532 1423/1953 
f 2808/3533 2809/3534 2804/3529 2807/3532 
f 2787/3512 1308/1838 1334/1864 2810/3535 
f 2810/3535 1334/1864 1332/1862 2803/3528 
f 2789/3514 2787/3512 2810/3535 2809/3534 
f 2809/3534 2810/3535 2803/3528 2804/3529 
f 1348/1878 2811/3536 2812/3537 1349/1879 
f 2811/3536 2813/3538 2814/3539 2812/3537 
f 1349/1879 2812/3537 2815/3540 1352/1882 
f 2812/3537 2814/3539 2816/3541 2815/3540 
f 2817/3542 1448/1978 1447/1977 2818/3543 
f 2818/3543 1447/1977 1443/1973 2819/3544 
f 2813/3538 2817/3542 2818/3543 2814/3539 
f 2814/3539 2818/3543 2819/3544 2816/3541 
f 1428/1958 2805/3530 2820/3545 1441/1971 
f 2805/3530 2801/3526 2821/3546 2820/3545 
f 1441/1971 2820/3545 2819/3544 1443/1973 
f 2820/3545 2821/3546 2816/3541 2819/3544 
f 2799/3524 1328/1858 1354/1884 2822/3547 
f 2822/3547 1354/1884 1352/1882 2815/3540 
f 2801/3526 2799/3524 2822/3547 2821/3546 
f 2821/3546 2822/3547 2815/3540 2816/3541 
f 1804/2360 2518/3239 2823/3548 1805/2361 
f 2518/3239 2514/3235 2824/3549 2823/3548 
f 1805/2361 2823/3548 2825/3550 1807/2363 
f 2823/3548 2824/3549 2826/3551 2825/3550 
f 2512/3233 1813/2374 1816/2377 2827/3552 
f 2827/3552 1816/2377 1820/2381 2828/3553 
f 2514/3235 2512/3233 2827/3552 2824/3549 
f 2824/3549 2827/3552 2828/3553 2826/3551 
f 1448/1978 2817/3542 2829/3554 1831/2395 
f 2817/3542 2813/3538 2830/3555 2829/3554 
f 1831/2395 2829/3554 2828/3556 1820/2397 
f 2829/3554 2830/3555 2826/3557 2828/3556 
f 2811/3536 1348/1878 1810/2369 2831/3558 
f 2831/3558 1810/2369 1807/2372 2825/3559 
f 2813/3538 2811/3536 2831/3558 2830/3555 
f 2830/3555 2831/3558 2825/3559 2826/3557 
f 2064/2685 2452/3170 2832/3560 2065/2686 
f 2452/3170 2448/3165 2833/3561 2832/3560 
f 2065/2686 2832/3560 2834/3562 2067/2688 
f 2832/3560 2833/3561 2835/3563 2834/3562 
f 2446/3161 1713/2243 1716/2246 2836/3564 
f 2836/3564 1716/2246 1720/2250 2837/3565 
f 2448/3566 2446/3567 2836/3568 2833/3569 
f 2833/3569 2836/3568 2837/3570 2835/3571 
f 1251/1781 1254/1784 2838/3572 1731/2264 
f 1254/1784 1258/1788 2839/3573 2838/3572 
f 1731/2264 2838/3572 2837/3570 1720/3574 
f 2838/3572 2839/3573 2835/3571 2837/3570 
f 1274/1804 1273/1803 2071/2692 2840/3575 
f 2840/3575 2071/2692 2067/2696 2834/3576 
f 1258/1788 1274/1804 2840/3575 2839/3573 
f 2839/3573 2840/3575 2834/3576 2835/3571 
f 2088/2717 2841/3577 2842/3578 2089/2718 
f 2841/3577 2843/3579 2844/3580 2842/3578 
f 2089/2721 2842/3581 2845/3582 2092/2722 
f 2842/3581 2844/3583 2846/3584 2845/3582 
f 2847/3585 2206/2864 2205/2863 2848/3586 
f 2848/3587 2205/2869 2201/2859 2849/3588 
f 2843/3579 2847/3585 2848/3586 2844/3580 
f 2844/3583 2848/3587 2849/3588 2846/3584 
f 894/1424 2709/3434 2850/3589 2199/2857 
f 2709/3434 2705/3430 2851/3590 2850/3589 
f 2199/2857 2850/3589 2849/3588 2201/2859 
f 2850/3589 2851/3590 2846/3584 2849/3588 
f 2703/3428 799/1329 2094/2727 2852/3591 
f 2852/3591 2094/2727 2092/2722 2845/3582 
f 2705/3430 2703/3428 2852/3591 2851/3590 
f 2851/3590 2852/3591 2845/3582 2846/3584 
f 2174/2826 2853/3592 2854/3593 2175/2827 
f 2853/3592 2855/3594 2856/3595 2854/3593 
f 2175/2830 2854/3596 2857/3597 2178/2831 
f 2854/3596 2856/3598 2858/3599 2857/3597 
f 2859/3600 2190/2844 2189/2843 2860/3601 
f 2860/3601 2189/2843 2185/2849 2861/3602 
f 2855/3603 2859/3600 2860/3601 2856/3604 
f 2856/3598 2860/3605 2861/3606 2858/3599 
f 891/1421 890/1420 2862/3607 2183/2837 
f 890/1420 888/1418 2863/3608 2862/3607 
f 2183/2837 2862/3607 2861/3606 2185/2839 
f 2862/3607 2863/3608 2858/3599 2861/3606 
f 885/1415 884/1414 2180/2834 2864/3609 
f 2864/3609 2180/2834 2178/2831 2857/3597 
f 888/1418 885/1415 2864/3609 2863/3608 
f 2863/3608 2864/3609 2857/3597 2858/3599 
f 2064/2685 2063/2684 2865/3610 2450/3168 
f 2063/2684 2059/2680 2866/3611 2865/3610 
f 2450/3168 2865/3610 2867/3612 2453/3171 
f 2865/3610 2866/3611 2868/3613 2867/3612 
f 2057/2678 2048/2665 2541/3262 2869/3614 
f 2869/3614 2541/3262 2537/3258 2870/3615 
f 2059/2680 2057/2678 2869/3614 2866/3611 
f 2866/3611 2869/3614 2870/3615 2868/3613 
f 2206/2864 2847/3585 2871/3616 2535/3256 
f 2847/3585 2843/3579 2872/3617 2871/3616 
f 2535/3256 2871/3616 2870/3615 2537/3258 
f 2871/3616 2872/3617 2868/3613 2870/3615 
f 2841/3577 2088/2717 2455/3175 2873/3618 
f 2873/3618 2455/3175 2453/3171 2867/3612 
f 2843/3579 2841/3577 2873/3618 2872/3617 
f 2872/3617 2873/3618 2867/3612 2868/3613 
f 1804/2360 1803/2359 2874/3619 2516/3237 
f 1803/2359 1799/2365 2875/3620 2874/3619 
f 2516/3237 2874/3619 2876/3621 2519/3240 
f 2874/3619 2875/3620 2877/3622 2876/3621 
f 1797/2350 1788/2335 2529/3250 2878/3623 
f 2878/3623 2529/3250 2525/3246 2879/3624 
f 1799/3625 1797/2350 2878/3623 2875/3626 
f 2875/3626 2878/3623 2879/3624 2877/3627 
f 2190/2844 2859/3600 2880/3628 2523/3244 
f 2859/3600 2855/3603 2881/3629 2880/3628 
f 2523/3244 2880/3628 2879/3624 2525/3246 
f 2880/3628 2881/3629 2877/3627 2879/3624 
f 2853/3592 2174/2826 2521/3242 2882/3630 
f 2882/3630 2521/3242 2519/3240 2876/3621 
f 2855/3594 2853/3592 2882/3630 2881/3631 
f 2881/3631 2882/3630 2876/3621 2877/3622 
f 1174/1704 2883/3632 2884/3633 1175/1705 
f 2883/3632 2885/3634 2886/3635 2884/3633 
f 1175/1705 2884/3633 2887/3636 1177/1707 
f 2884/3633 2886/3635 2888/3637 2887/3636 
f 2889/3638 2315/3002 2318/3005 2890/3639 
f 2890/3639 2318/3005 2322/3009 2891/3640 
f 2885/3634 2889/3638 2890/3639 2886/3635 
f 2886/3635 2890/3639 2891/3640 2888/3637 
f 2337/3027 2892/3641 2893/3642 2338/3028 
f 2892/3641 2894/3643 2895/3644 2893/3642 
f 2338/3028 2893/3642 2891/3640 2322/3009 
f 2893/3642 2895/3644 2888/3637 2891/3640 
f 2896/3645 1179/1709 1182/1712 2897/3646 
f 2897/3646 1182/1712 1177/1707 2887/3636 
f 2894/3643 2896/3645 2897/3646 2895/3644 
f 2895/3644 2897/3646 2887/3636 2888/3637 
f 1179/1709 2896/3645 2898/3647 1191/1721 
f 2896/3645 2894/3643 2899/3648 2898/3647 
f 1191/1721 2898/3647 2900/3649 1193/1723 
f 2898/3647 2899/3648 2901/3650 2900/3649 
f 2892/3641 2337/3027 2341/3033 2902/3651 
f 2902/3651 2341/3033 2344/3036 2903/3652 
f 2894/3643 2892/3641 2902/3651 2899/3648 
f 2899/3648 2902/3651 2903/3652 2901/3650 
f 2357/3051 2904/3653 2905/3654 2358/3052 
f 2904/3653 2906/3655 2907/3656 2905/3654 
f 2358/3052 2905/3654 2903/3652 2344/3036 
f 2905/3654 2907/3656 2901/3650 2903/3652 
f 2908/3657 1195/1725 1198/1728 2909/3658 
f 2909/3658 1198/1728 1193/1723 2900/3649 
f 2906/3655 2908/3657 2909/3658 2907/3656 
f 2907/3656 2909/3658 2900/3649 2901/3650 
f 1195/1725 2908/3657 2910/3659 1207/1737 
f 2908/3657 2906/3655 2911/3660 2910/3659 
f 1207/1737 2910/3659 2912/3661 1209/1739 
f 2910/3659 2911/3660 2913/3662 2912/3661 
f 2904/3653 2357/3051 2361/3057 2914/3663 
f 2914/3663 2361/3057 2364/3060 2915/3664 
f 2906/3655 2904/3653 2914/3663 2911/3660 
f 2911/3660 2914/3663 2915/3664 2913/3662 
f 2377/3075 2916/3665 2917/3666 2378/3076 
f 2916/3665 2918/3667 2919/3668 2917/3666 
f 2378/3076 2917/3666 2915/3664 2364/3060 
f 2917/3666 2919/3668 2913/3662 2915/3664 
f 2920/3669 1211/1741 1214/1744 2921/3670 
f 2921/3670 1214/1744 1209/1739 2912/3661 
f 2918/3667 2920/3669 2921/3670 2919/3668 
f 2919/3668 2921/3670 2912/3661 2913/3662 
f 1211/1741 2920/3669 2922/3671 1223/1753 
f 2920/3669 2918/3667 2923/3672 2922/3671 
f 1223/1753 2922/3671 2924/3673 1225/1755 
f 2922/3671 2923/3672 2925/3674 2924/3673 
f 2916/3665 2377/3075 2381/3081 2926/3675 
f 2926/3675 2381/3081 2384/3084 2927/3676 
f 2918/3667 2916/3665 2926/3675 2923/3672 
f 2923/3672 2926/3675 2927/3676 2925/3674 
f 2397/3099 2928/3677 2929/3678 2398/3100 
f 2928/3677 2930/3679 2931/3680 2929/3678 
f 2398/3100 2929/3678 2927/3676 2384/3084 
f 2929/3678 2931/3680 2925/3674 2927/3676 
f 2932/3681 1227/1757 1230/1760 2933/3682 
f 2933/3682 1230/1760 1225/1755 2924/3673 
f 2930/3679 2932/3681 2933/3682 2931/3680 
f 2931/3680 2933/3682 2924/3673 2925/3674 
f 1227/1757 2932/3681 2934/3683 1239/1769 
f 2932/3681 2930/3679 2935/3684 2934/3683 
f 1239/1769 2934/3683 2936/3685 1241/1771 
f 2934/3683 2935/3684 2937/3686 2936/3685 
f 2928/3677 2397/3099 2401/3105 2938/3687 
f 2938/3687 2401/3105 2404/3108 2939/3688 
f 2930/3679 2928/3677 2938/3687 2935/3684 
f 2935/3684 2938/3687 2939/3688 2937/3686 
f 2417/3123 2421/3129 2940/3689 2418/3124 
f 2421/3129 2424/3132 2941/3690 2940/3689 
f 2418/3124 2940/3689 2939/3688 2404/3108 
f 2940/3689 2941/3690 2937/3686 2939/3688 
f 2437/3152 1243/1773 1246/1776 2942/3691 
f 2942/3691 1246/1776 1241/1771 2936/3685 
f 2424/3132 2437/3152 2942/3691 2941/3690 
f 2941/3690 2942/3691 2936/3685 2937/3686 
f 1639/2169 2943/3692 2944/3693 1640/2170 
f 2943/3692 2945/3694 2946/3695 2944/3693 
f 1640/2170 2944/3693 2947/3696 1643/2173 
f 2944/3693 2946/3695 2948/3697 2947/3696 
f 2949/3698 1958/2549 1984/2582 2950/3699 
f 2950/3699 1984/2582 1982/2577 2951/3700 
f 2945/3694 2949/3698 2950/3699 2946/3695 
f 2946/3695 2950/3699 2951/3700 2948/3697 
f 1978/2573 2003/2610 2952/3701 1979/2574 
f 2003/2610 2001/2606 2953/3702 2952/3701 
f 1979/2574 2952/3701 2951/3700 1982/2577 
f 2952/3701 2953/3702 2948/3697 2951/3700 
f 1998/2603 1646/2176 1645/2175 2954/3703 
f 2954/3703 1645/2175 1643/2173 2947/3696 
f 2001/2606 1998/2603 2954/3703 2953/3702 
f 2953/3702 2954/3703 2947/3696 2948/3697 
f 1657/2187 2955/3704 2956/3705 1658/2188 
f 2955/3704 2957/3706 2958/3707 2956/3705 
f 1658/2188 2956/3705 2959/3708 1661/2191 
f 2956/3705 2958/3707 2960/3709 2959/3708 
f 2961/3710 1938/2525 1964/2558 2962/3711 
f 2962/3711 1964/2558 1962/2553 2963/3712 
f 2957/3706 2961/3710 2962/3711 2958/3707 
f 2958/3707 2962/3711 2963/3712 2960/3709 
f 1958/2549 2949/3698 2964/3713 1959/2550 
f 2949/3698 2945/3694 2965/3714 2964/3713 
f 1959/2550 2964/3713 2963/3712 1962/2553 
f 2964/3713 2965/3714 2960/3709 2963/3712 
f 2943/3692 1639/2169 1663/2193 2966/3715 
f 2966/3715 1663/2193 1661/2191 2959/3708 
f 2945/3694 2943/3692 2966/3715 2965/3714 
f 2965/3714 2966/3715 2959/3708 2960/3709 
f 1673/2203 2967/3716 2968/3717 1674/2204 
f 2967/3716 2969/3718 2970/3719 2968/3717 
f 1674/2204 2968/3717 2971/3720 1677/2207 
f 2968/3717 2970/3719 2972/3721 2971/3720 
f 2973/3722 1918/2501 1944/2534 2974/3723 
f 2974/3723 1944/2534 1942/2529 2975/3724 
f 2969/3718 2973/3722 2974/3723 2970/3719 
f 2970/3719 2974/3723 2975/3724 2972/3721 
f 1938/2525 2961/3710 2976/3725 1939/2526 
f 2961/3710 2957/3706 2977/3726 2976/3725 
f 1939/2526 2976/3725 2975/3724 1942/2529 
f 2976/3725 2977/3726 2972/3721 2975/3724 
f 2955/3704 1657/2187 1679/2209 2978/3727 
f 2978/3727 1679/2209 1677/2207 2971/3720 
f 2957/3706 2955/3704 2978/3727 2977/3726 
f 2977/3726 2978/3727 2971/3720 2972/3721 
f 1689/2219 2979/3728 2980/3729 1690/2220 
f 2979/3728 2981/3730 2982/3731 2980/3729 
f 1690/2220 2980/3729 2983/3732 1693/2223 
f 2980/3729 2982/3731 2984/3733 2983/3732 
f 2985/3734 1896/2474 1924/2510 2986/3735 
f 2986/3735 1924/2510 1922/2505 2987/3736 
f 2981/3730 2985/3734 2986/3735 2982/3731 
f 2982/3731 2986/3735 2987/3736 2984/3733 
f 1918/2501 2973/3722 2988/3737 1919/2502 
f 2973/3722 2969/3718 2989/3738 2988/3737 
f 1919/2502 2988/3737 2987/3736 1922/2505 
f 2988/3737 2989/3738 2984/3733 2987/3736 
f 2967/3716 1673/2203 1695/2225 2990/3739 
f 2990/3739 1695/2225 1693/2223 2983/3732 
f 2969/3718 2967/3716 2990/3739 2989/3738 
f 2989/3738 2990/3739 2983/3732 2984/3733 
f 1705/2235 2991/3740 2992/3741 1706/2236 
f 2991/3740 2993/3742 2994/3743 2992/3741 
f 1706/2236 2992/3741 2995/3744 1709/2239 
f 2992/3741 2994/3743 2996/3745 2995/3744 
f 2997/3746 1903/2484 1902/2483 2998/3747 
f 2998/3747 1902/2483 1900/2478 2999/3748 
f 2993/3742 2997/3746 2998/3747 2994/3743 
f 2994/3743 2998/3747 2999/3748 2996/3745 
f 1896/2474 2985/3734 3000/3749 1897/2475 
f 2985/3734 2981/3730 3001/3750 3000/3749 
f 1897/2475 3000/3749 2999/3748 1900/2478 
f 3000/3749 3001/3750 2996/3745 2999/3748 
f 2979/3728 1689/2219 1711/2241 3002/3751 
f 3002/3751 1711/2241 1709/2239 2995/3744 
f 2981/3730 2979/3728 3002/3751 3001/3750 
f 3001/3750 3002/3751 2995/3744 2996/3745 
f 1872/2446 2698/3423 3003/3752 1873/2447 
f 2698/3423 2694/3419 3004/3753 3003/3752 
f 1873/2447 3003/3752 3005/3754 1875/2449 
f 3003/3752 3004/3753 3006/3755 3005/3754 
f 2692/3415 1881/2459 1884/2462 3007/3756 
f 3007/3756 1884/2462 1888/2466 3008/3757 
f 2694/3419 2692/3418 3007/3758 3004/3753 
f 3004/3759 3007/3760 3008/3761 3006/3762 
f 1903/2484 2997/3746 3009/3763 1904/2485 
f 2997/3746 2993/3742 3010/3764 3009/3763 
f 1904/2485 3009/3763 3008/3761 1888/3765 
f 3009/3763 3010/3764 3006/3762 3008/3761 
f 2991/3740 1705/2235 1878/2452 3011/3766 
f 3011/3766 1878/2452 1875/2455 3005/3767 
f 2993/3742 2991/3740 3011/3766 3010/3764 
f 3010/3764 3011/3766 3005/3767 3006/3762 
f 1993/2597 2620/3341 3012/3768 1994/2598 
f 2620/3341 2616/3337 3013/3769 3012/3768 
f 1994/2598 3012/3768 3014/3770 1996/2600 
f 3012/3768 3013/3769 3015/3771 3014/3770 
f 2614/3335 2005/2613 2008/2616 3016/3772 
f 3016/3772 2008/2616 2012/2620 3017/3773 
f 2616/3337 2614/3335 3016/3772 3013/3769 
f 3013/3769 3016/3772 3017/3773 3015/3771 
f 1562/2092 1630/2160 3018/3774 2023/2634 
f 1630/2160 1633/2163 3019/3775 3018/3774 
f 2023/2634 3018/3774 3017/3776 2012/2636 
f 3018/3774 3019/3775 3015/3777 3017/3776 
f 1647/2177 1646/2176 2000/2605 3020/3778 
f 3020/3778 2000/2605 1996/2609 3014/3779 
f 1633/2163 1647/2177 3020/3778 3019/3775 
f 3019/3775 3020/3778 3014/3779 3015/3777 
f 2307/2992 3021/3780 3022/3781 2308/2993 
f 3021/3780 3023/3782 3024/3783 3022/3781 
f 2308/2996 3022/3784 3025/3785 2311/2997 
f 3022/3784 3024/3786 3026/3787 3025/3785 
f 3027/3788 2325/3012 2324/3011 3028/3789 
f 3028/3789 2324/3011 2319/3017 3029/3790 
f 3023/3782 3027/3791 3028/3792 3024/3783 
f 3024/3786 3028/3793 3029/3794 3026/3787 
f 2315/3002 2889/3638 3030/3795 2316/3003 
f 2889/3638 2885/3634 3031/3796 3030/3795 
f 2316/3003 3030/3795 3029/3794 2319/3006 
f 3030/3795 3031/3796 3026/3787 3029/3794 
f 2883/3632 1174/1704 2313/3000 3032/3797 
f 3032/3797 2313/3000 2311/2997 3025/3785 
f 2885/3634 2883/3632 3032/3797 3031/3796 
f 3031/3796 3032/3797 3025/3785 3026/3787 
f 2430/3143 3033/3798 3034/3799 2431/3144 
f 3033/3798 3035/3800 3036/3801 3034/3799 
f 2431/3147 3034/3802 3037/3803 2434/3148 
f 3034/3802 3036/3804 3038/3805 3037/3803 
f 3039/3806 2290/2969 2289/2968 3040/3807 
f 3040/3808 2289/2974 2285/2964 3041/3809 
f 3035/3800 3039/3806 3040/3807 3036/3801 
f 3036/3804 3040/3808 3041/3809 3038/3805 
f 1159/1689 1249/1779 3042/3810 2283/2962 
f 1249/1779 1247/1777 3043/3811 3042/3810 
f 2283/2962 3042/3810 3041/3809 2285/2964 
f 3042/3810 3043/3811 3038/3805 3041/3809 
f 1244/1774 1243/1773 2436/3151 3044/3812 
f 3044/3812 2436/3151 2434/3148 3037/3803 
f 1247/1777 1244/1774 3044/3812 3043/3811 
f 3043/3811 3044/3812 3037/3803 3038/3805 
f 1993/2597 1992/2596 3045/3813 2618/3339 
f 1992/2596 1988/2588 3046/3814 3045/3813 
f 2618/3339 3045/3813 3047/3815 2621/3342 
f 3045/3813 3046/3814 3048/3816 3047/3815 
f 1986/2585 1973/2568 2631/3352 3049/3817 
f 3049/3817 2631/3352 2627/3348 3050/3818 
f 1988/2588 1986/2587 3049/3819 3046/3814 
f 3046/3814 3049/3819 3050/3820 3048/3816 
f 2325/3012 3027/3788 3051/3821 2625/3346 
f 3027/3791 3023/3782 3052/3822 3051/3823 
f 2625/3346 3051/3821 3050/3818 2627/3348 
f 3051/3823 3052/3822 3048/3816 3050/3820 
f 3021/3780 2307/2992 2623/3344 3053/3824 
f 3053/3824 2623/3344 2621/3342 3047/3815 
f 3023/3782 3021/3780 3053/3824 3052/3822 
f 3052/3822 3053/3824 3047/3815 3048/3816 
f 1872/2446 1871/2445 3054/3825 2696/3421 
f 1871/2445 1867/2441 3055/3826 3054/3825 
f 2696/3421 3054/3825 3056/3827 2699/3424 
f 3054/3825 3055/3826 3057/3828 3056/3827 
f 1865/2439 1856/2426 2604/3325 3058/3829 
f 3058/3829 2604/3325 2600/3321 3059/3830 
f 1867/2441 1865/2439 3058/3829 3055/3826 
f 3055/3826 3058/3829 3059/3830 3057/3828 
f 2290/2969 3039/3806 3060/3831 2598/3319 
f 3039/3806 3035/3800 3061/3832 3060/3831 
f 2598/3319 3060/3831 3059/3830 2600/3321 
f 3060/3831 3061/3832 3057/3828 3059/3830 
f 3033/3798 2430/3143 2701/3426 3062/3833 
f 3062/3833 2701/3426 2699/3424 3056/3827 
f 3035/3800 3033/3798 3062/3833 3061/3832 
f 3061/3832 3062/3833 3056/3827 3057/3828 
# 2272 polygons

#
# object Rectangle04
#

v  -224.4349 294.0000 272.8450
v  -209.8097 294.0000 -192.9251
v  -209.8097 266.0000 -192.9251
v  -224.4349 266.0000 272.8450
v  224.1991 294.0000 273.8445
v  -223.4664 294.0000 273.8445
v  -223.4664 266.0000 273.8445
v  224.1991 266.0000 273.8445
v  212.1196 294.0000 -192.9250
v  225.1710 294.0000 272.8449
v  225.1710 266.0000 272.8449
v  212.1196 266.0000 -192.9250
v  195.0915 294.0000 -193.9245
v  211.0915 294.0000 -193.9246
v  211.0915 266.0000 -193.9246
v  195.0915 266.0000 -193.9245
v  207.1700 294.0000 254.8450
v  194.1208 294.0000 -192.9250
v  194.1208 266.0000 -192.9250
v  207.1700 266.0000 254.8450
v  -205.4664 294.0000 255.8446
v  206.1992 294.0000 255.8446
v  206.1992 266.0000 255.8446
v  -205.4664 266.0000 255.8446
v  -191.8111 294.0000 -192.9251
v  -206.4337 294.0000 254.8451
v  -206.4337 266.0000 254.8451
v  -191.8111 266.0000 -192.9251
v  -208.7782 294.0000 -193.9246
v  -192.7783 294.0000 -193.9245
v  -192.7783 266.0000 -193.9245
v  -208.7782 266.0000 -193.9246
v  208.2289 265.0000 256.8446
v  195.1212 265.0000 -192.9245
v  211.1192 265.0000 -192.9246
v  224.1706 265.0000 272.8445
v  -207.4998 265.0000 256.8446
v  -223.4344 265.0000 272.8445
v  -208.8092 265.0000 -192.9246
v  -192.8116 265.0000 -192.9245
v  -207.4998 295.0000 256.8446
v  -192.8116 295.0000 -192.9245
v  -208.8092 295.0000 -192.9246
v  -223.4344 295.0000 272.8445
v  224.1706 295.0000 272.8445
v  208.2289 295.0000 256.8446
v  211.1192 295.0000 -192.9246
v  195.1212 295.0000 -192.9245
# 48 vertices

vt 1.4095 -0.1287 -0.2481
vt -0.1431 -0.1287 -0.1994
vt -0.1431 -0.2220 -0.1994
vt 1.4095 -0.2220 -0.2481
vt 1.2473 -0.1287 -0.4128
vt -0.2449 -0.1287 -0.4128
vt -0.2449 -0.2220 -0.4128
vt 1.2473 -0.2220 -0.4128
vt 1.1431 -0.1287 1.2071
vt -0.4095 -0.1287 1.2506
vt -0.4095 -0.2220 1.2506
vt 1.1431 -0.2220 1.2071
vt -0.1503 -0.1287 1.1464
vt -0.2036 -0.1287 1.1464
vt -0.2036 -0.2220 1.1464
vt -0.1503 -0.2220 1.1464
vt 1.3495 -0.1287 1.1906
vt -0.1431 -0.1287 1.1471
vt -0.1431 -0.2220 1.1471
vt 1.3495 -0.2220 1.1906
vt 1.1849 -0.1287 -0.3528
vt -0.1873 -0.1287 -0.3528
vt -0.1873 -0.2220 -0.3528
vt 1.1849 -0.2220 -0.3528
vt 1.1431 -0.1287 -0.1394
vt -0.3495 -0.1287 -0.1881
vt -0.3495 -0.2220 -0.1881
vt 1.1431 -0.2220 -0.1394
vt 1.1959 -0.1287 1.1464
vt 1.1426 -0.1287 1.1464
vt 1.1426 -0.2220 1.1464
vt 1.1959 -0.2220 1.1464
vt -0.1941 -0.3561 -0.2253
vt -0.1504 1.1431 -0.2253
vt -0.2037 1.1431 -0.2253
vt -0.2472 -0.4095 -0.2253
vt 1.1917 -0.3561 -0.2253
vt 1.2448 -0.4095 -0.2253
vt 1.1960 1.1431 -0.2253
vt 1.1427 1.1431 -0.2253
vt -0.1917 -0.3561 -0.1253
vt -0.1427 1.1431 -0.1253
vt -0.1960 1.1431 -0.1253
vt -0.2448 -0.4095 -0.1253
vt 1.2472 -0.4095 -0.1253
vt 1.1941 -0.3561 -0.1253
vt 1.2037 1.1431 -0.1253
vt 1.1504 1.1431 -0.1253
vt 1.1994 -0.2220 1.1431
vt 1.1960 -0.2253 1.1431
vt 1.2449 -0.4128 -0.2220
vt 1.2481 -0.4095 -0.2220
vt -0.2506 -0.4095 -0.2220
vt -0.2473 -0.4128 -0.2220
vt -0.2037 -0.2253 1.1431
vt -0.2071 -0.2220 1.1431
vt -0.1471 1.1431 -0.2220
vt -0.1503 1.1464 -0.2220
vt -0.1873 -0.3528 -0.2220
vt -0.1906 -0.3495 -0.2220
vt 1.1881 -0.3495 -0.2220
vt 1.1849 -0.3528 -0.2220
vt 1.1426 1.1464 -0.2220
vt 1.1394 1.1431 -0.2220
vt 1.1994 -0.1287 1.1431
vt 1.1960 -0.1253 1.1431
vt -0.2449 -0.4128 -0.1287
vt -0.2481 -0.4095 -0.1287
vt 1.2506 -0.4095 -0.1287
vt 1.2473 -0.4128 -0.1287
vt -0.2037 -0.1253 1.1431
vt -0.2071 -0.1287 1.1431
vt 1.1471 1.1431 -0.1287
vt 1.1503 1.1464 -0.1287
vt 1.1873 -0.3528 -0.1287
vt 1.1906 -0.3495 -0.1287
vt -0.1881 -0.3495 -0.1287
vt -0.1849 -0.3528 -0.1287
vt -0.1426 1.1464 -0.1287
vt -0.1394 1.1431 -0.1287
vt 1.1994 1.1431 -0.2220
vt 1.4128 -0.2220 -0.2449
vt 1.4128 -0.1287 -0.2449
vt -0.1994 1.1431 -0.1287
vt -0.4128 -0.2220 1.2473
vt -0.4128 -0.1287 1.2473
vt 1.2472 -0.1253 -0.4095
vt -0.2448 -0.1253 -0.4095
vt -0.2071 1.1431 -0.2220
vt 1.2071 1.1431 -0.1287
vt -0.2036 1.1464 -0.2220
vt -0.1464 -0.2220 1.1503
vt -0.1464 -0.1287 1.1503
vt 1.2036 1.1464 -0.1287
vt 1.3528 -0.2220 1.1873
vt 1.3528 -0.1287 1.1873
vt -0.1941 -0.2253 -0.3561
vt 1.1917 -0.2253 -0.3561
vt -0.3528 -0.2220 -0.1849
vt -0.3528 -0.1287 -0.1849
vt 1.1917 -0.1253 -0.3561
vt -0.1941 -0.1253 -0.3561
vt 1.1464 -0.2220 -0.1426
vt 1.1464 -0.1287 -0.1426
vt 1.1959 1.1464 -0.2220
vt -0.1959 1.1464 -0.1287
# 106 texture coords

g Rectangle04
usemtl wood
s 1
f 3063/3834 3064/3835 3065/3836 3066/3837 
s 4
f 3067/3838 3068/3839 3069/3840 3070/3841 
s 2
f 3071/3842 3072/3843 3073/3844 3074/3845 
s 4
f 3075/3846 3076/3847 3077/3848 3078/3849 
s 2
f 3079/3850 3080/3851 3081/3852 3082/3853 
s 4
f 3083/3854 3084/3855 3085/3856 3086/3857 
s 2
f 3087/3858 3088/3859 3089/3860 3090/3861 
s 4
f 3091/3862 3092/3863 3093/3864 3094/3865 
s 16
f 3095/3866 3096/3867 3097/3868 3098/3869 
f 3099/3870 3095/3866 3098/3869 3100/3871 
f 3099/3870 3100/3871 3101/3872 3102/3873 
f 3103/3874 3104/3875 3105/3876 3106/3877 
f 3103/3874 3106/3877 3107/3878 3108/3879 
f 3109/3880 3110/3881 3108/3879 3107/3878 
s off
f 3065/3882 3094/3865 3101/3883 
f 3100/3871 3069/3884 3066/3885 
f 3098/3869 3073/3886 3070/3887 
f 3097/3888 3077/3848 3074/3889 
f 3096/3867 3081/3890 3078/3891 
f 3095/3866 3085/3892 3082/3893 
f 3099/3870 3089/3894 3086/3895 
f 3093/3896 3090/3897 3102/3873 
f 3064/3898 3105/3899 3091/3862 
f 3068/3900 3106/3877 3063/3901 
f 3072/3902 3107/3878 3067/3903 
f 3076/3847 3109/3904 3071/3905 
f 3080/3906 3110/3881 3075/3907 
f 3084/3908 3108/3879 3079/3909 
f 3088/3910 3103/3874 3083/3911 
f 3092/3912 3104/3875 3087/3913 
f 3065/3914 3101/3872 3100/3871 3066/3885 
f 3066/3837 3069/3915 3068/3916 3063/3834 
f 3063/3901 3106/3877 3105/3876 3064/3917 
f 3064/3898 3091/3862 3094/3865 3065/3882 
f 3069/3884 3100/3871 3098/3869 3070/3887 
f 3070/3918 3073/3844 3072/3843 3067/3919 
f 3067/3838 3107/3920 3106/3921 3068/3839 
f 3073/3886 3098/3869 3097/3868 3074/3922 
f 3074/3889 3077/3848 3076/3847 3071/3905 
f 3071/3923 3109/3880 3107/3878 3072/3902 
f 3077/3924 3097/3868 3096/3867 3078/3891 
f 3078/3925 3081/3852 3080/3851 3075/3926 
f 3075/3907 3110/3881 3109/3880 3076/3927 
f 3081/3890 3096/3867 3095/3866 3082/3893 
f 3082/3853 3085/3928 3084/3929 3079/3850 
f 3079/3909 3108/3879 3110/3881 3080/3906 
f 3085/3856 3095/3930 3099/3931 3086/3857 
f 3086/3932 3089/3860 3088/3859 3083/3933 
f 3083/3854 3103/3934 3108/3935 3084/3855 
f 3089/3894 3099/3870 3102/3873 3090/3897 
f 3090/3861 3093/3936 3092/3937 3087/3858 
f 3087/3913 3104/3875 3103/3874 3088/3910 
f 3093/3896 3102/3873 3101/3872 3094/3938 
f 3091/3939 3105/3876 3104/3875 3092/3912 
# 38 polygons - 16 triangles

#
# object Rectangle05
#

v  211.2673 531.1267 -185.6873
v  211.2673 524.2994 -207.6507
v  -206.7327 524.2994 -207.6507
v  -206.7327 531.1268 -185.6873
v  211.2673 494.1814 -173.1556
v  211.2673 530.4686 -184.4356
v  -206.7327 530.4686 -184.4356
v  -206.7327 494.1814 -173.1556
v  211.2673 486.1023 -195.7770
v  211.2673 492.9297 -173.8137
v  -206.7327 492.9297 -173.8137
v  -206.7327 486.1023 -195.7770
v  211.2673 523.0476 -208.3087
v  211.2673 486.7604 -197.0288
v  -206.7327 486.7604 -197.0288
v  -206.7327 523.0476 -208.3087
v  -207.7327 493.8846 -174.1105
v  -207.7327 530.1718 -185.3905
v  -207.7327 523.3445 -207.3538
v  -207.7327 487.0573 -196.0739
v  212.2673 523.3445 -207.3538
v  212.2673 530.1718 -185.3905
v  212.2673 493.8846 -174.1105
v  212.2673 487.0572 -196.0739
# 24 vertices

vt 1.2042 1.1190 0.6618
vt 1.2042 1.1922 0.6390
vt -0.1891 1.1922 0.6390
vt -0.1891 1.1190 0.6618
vt 1.2042 0.5386 1.0772
vt 1.2042 0.6596 1.1148
vt -0.1891 0.6596 1.1148
vt -0.1891 0.5386 1.0772
vt -0.2042 1.1526 0.5117
vt -0.2042 1.0794 0.5344
vt 1.1891 1.0794 0.5344
vt 1.1891 1.1526 0.5117
vt -0.2042 0.6348 1.1944
vt -0.2042 0.5139 1.1568
vt 1.1891 0.5139 1.1568
vt 1.1891 0.6348 1.1944
vt -0.0804 0.5376 -0.1924
vt -0.1180 0.6586 -0.1924
vt -0.1912 0.6358 -0.1924
vt -0.1536 0.5149 -0.1924
vt 1.1912 0.6358 1.2076
vt 1.1180 0.6586 1.2076
vt 1.0804 0.5376 1.2076
vt 1.1536 0.5149 1.2076
vt 1.1891 0.6390 1.1922
vt 1.1924 0.6358 1.1912
vt -0.1924 1.1180 0.6586
vt -0.1891 1.1148 0.6596
vt -0.1924 0.5376 1.0804
vt -0.1891 0.5344 1.0794
vt 1.1891 1.1568 0.5139
vt 1.1924 1.1536 0.5149
vt -0.2042 0.6390 1.1922
vt -0.2076 0.6358 1.1912
vt 1.2042 1.1148 0.6596
vt 1.2076 1.1180 0.6586
vt 1.2042 0.5344 1.0794
vt 1.2076 0.5376 1.0804
vt -0.2042 1.1568 0.5139
vt -0.2076 1.1536 0.5149
vt -0.1922 0.6390 -0.1891
vt -0.1190 0.6618 -0.1891
vt 1.1190 0.6618 1.2042
vt 1.1922 0.6390 1.2042
vt -0.1148 0.6596 -0.1891
vt -0.0772 0.5386 -0.1891
vt 1.0772 0.5386 1.2042
vt 1.1148 0.6596 1.2042
vt -0.0794 0.5344 -0.1891
vt -0.1526 0.5117 -0.1891
vt 1.1526 0.5117 1.2042
vt 1.0794 0.5344 1.2042
vt -0.1568 0.5139 -0.1891
vt -0.1944 0.6348 -0.1891
vt 1.1944 0.6348 1.2042
vt 1.1568 0.5139 1.2042
# 56 texture coords

g Rectangle05
usemtl wood
s 1
f 3111/3940 3112/3941 3113/3942 3114/3943 
s 4
f 3115/3944 3116/3945 3117/3946 3118/3947 
s 2
f 3119/3948 3120/3949 3121/3950 3122/3951 
s 4
f 3123/3952 3124/3953 3125/3954 3126/3955 
s 16
f 3127/3956 3128/3957 3129/3958 3130/3959 
f 3131/3960 3132/3961 3133/3962 3134/3963 
s off
f 3113/3964 3126/3955 3129/3965 
f 3128/3966 3117/3967 3114/3943 
f 3127/3968 3121/3969 3118/3947 
f 3125/3970 3122/3951 3130/3971 
f 3112/3972 3131/3973 3123/3952 
f 3116/3974 3132/3975 3111/3940 
f 3120/3976 3133/3977 3115/3944 
f 3124/3978 3134/3979 3119/3948 
f 3113/3980 3129/3958 3128/3957 3114/3981 
f 3114/3943 3117/3967 3116/3974 3111/3940 
f 3111/3982 3132/3961 3131/3960 3112/3983 
f 3112/3972 3123/3952 3126/3955 3113/3964 
f 3117/3984 3128/3957 3127/3956 3118/3985 
f 3118/3947 3121/3969 3120/3976 3115/3944 
f 3115/3986 3133/3962 3132/3961 3116/3987 
f 3121/3988 3127/3956 3130/3959 3122/3989 
f 3122/3951 3125/3970 3124/3978 3119/3948 
f 3119/3990 3134/3963 3133/3962 3120/3991 
f 3125/3992 3130/3959 3129/3958 3126/3993 
f 3123/3994 3131/3960 3134/3963 3124/3995 
# 18 polygons - 8 triangles

#
# object Box15
#

v  -204.5880 527.0485 -184.9738
v  -204.5880 523.5755 -204.6700
v  -190.4458 509.6482 -202.2142
v  -190.4458 513.1212 -182.5180
v  182.8728 919.7777 -258.1580
v  197.0150 905.8503 -255.7023
v  197.0150 902.3774 -275.3984
v  182.8728 916.3047 -277.8542
v  -125.6321 579.7052 -204.0871
v  -139.7742 593.6325 -206.5429
v  -60.9132 645.8376 -221.9075
v  -75.0553 659.7649 -224.3633
v  3.7110 711.5183 -235.9792
v  -10.4311 725.4456 -238.4350
v  68.2404 776.7473 -246.3023
v  54.0983 790.6746 -248.7580
v  132.6751 841.5247 -252.8766
v  118.5330 855.4520 -255.3324
v  -125.6321 576.2322 -223.7833
v  -60.9132 642.3646 -241.6037
v  3.7110 708.0453 -255.6754
v  68.2404 773.2743 -265.9984
v  132.6751 838.0518 -272.5728
v  -139.7742 590.1595 -226.2390
v  -75.0553 656.2919 -244.0594
v  -10.4311 721.9726 -258.1312
v  54.0983 787.2017 -268.4542
v  118.5330 851.9791 -275.0286
# 28 vertices

vt -0.1166 0.6482 -0.1820
vt -0.1822 0.6366 -0.1820
vt -0.1740 0.5902 -0.1348
vt -0.1084 0.6017 -0.1348
vt 1.3605 1.9573 1.1096
vt 1.3523 1.9108 1.1567
vt 1.4180 1.8993 1.1567
vt 1.4262 1.9457 1.1096
vt -0.1820 0.6482 1.1166
vt -0.1348 0.6017 1.1084
vt 0.0812 0.8237 1.1803
vt 0.0341 0.8701 1.1885
vt 0.2970 1.0441 1.2397
vt 0.2498 1.0905 1.2479
vt 0.5124 1.2631 1.2866
vt 0.4652 1.3095 1.2948
vt 0.7275 1.4805 1.3210
vt 0.6803 1.5269 1.3292
vt 0.9423 1.6964 1.3429
vt 0.8951 1.7428 1.3511
vt 1.1567 1.9108 1.3523
vt 1.1096 1.9573 1.3605
vt 1.1084 0.6017 -0.1348
vt 1.1740 0.5902 -0.1348
vt 1.2459 0.8121 0.0812
vt 1.1803 0.8237 0.0812
vt 1.3053 1.0325 0.2970
vt 1.2397 1.0441 0.2970
vt 1.3523 1.2515 0.5124
vt 1.2866 1.2631 0.5124
vt 1.3867 1.4689 0.7275
vt 1.3210 1.4805 0.7275
vt 1.4086 1.6848 0.9423
vt 1.3429 1.6964 0.9423
vt 1.1348 0.5902 1.1740
vt 1.1820 0.6366 1.1822
vt 0.9659 0.8585 1.2541
vt 0.9188 0.8121 1.2459
vt 0.7502 1.0790 1.3135
vt 0.7030 1.0325 1.3053
vt 0.5348 1.2979 1.3604
vt 0.4876 1.2515 1.3523
vt 0.3197 1.5153 1.3948
vt 0.2725 1.4689 1.3867
vt 0.1049 1.7313 1.4168
vt 0.0577 1.6848 1.4086
vt -0.1096 1.9457 1.4262
vt -0.1567 1.8993 1.4180
vt -0.1885 0.8701 0.0341
vt -0.2541 0.8585 0.0341
vt -0.2479 1.0905 0.2498
vt -0.3135 1.0790 0.2498
vt -0.2948 1.3095 0.4652
vt -0.3604 1.2979 0.4652
vt -0.3292 1.5269 0.6803
vt -0.3948 1.5153 0.6803
vt -0.3511 1.7428 0.8951
vt -0.4168 1.7313 0.8951
vt -0.3605 1.9573 1.1096
vt -0.4262 1.9457 1.1096
# 60 texture coords

g Box15
usemtl wood
s 2
f 3135/3996 3136/3997 3137/3998 3138/3999 
s 4
f 3139/4000 3140/4001 3141/4002 3142/4003 
s 8
f 3135/4004 3138/4005 3143/4006 3144/4007 
f 3144/4007 3143/4006 3145/4008 3146/4009 
f 3146/4009 3145/4008 3147/4010 3148/4011 
f 3148/4011 3147/4010 3149/4012 3150/4013 
f 3150/4013 3149/4012 3151/4014 3152/4015 
f 3152/4015 3151/4014 3140/4016 3139/4017 
s 16
f 3138/4018 3137/4019 3153/4020 3143/4021 
f 3143/4021 3153/4020 3154/4022 3145/4023 
f 3145/4023 3154/4022 3155/4024 3147/4025 
f 3147/4025 3155/4024 3156/4026 3149/4027 
f 3149/4027 3156/4026 3157/4028 3151/4029 
f 3151/4029 3157/4028 3141/4002 3140/4001 
s 32
f 3137/4030 3136/4031 3158/4032 3153/4033 
f 3153/4033 3158/4032 3159/4034 3154/4035 
f 3154/4035 3159/4034 3160/4036 3155/4037 
f 3155/4037 3160/4036 3161/4038 3156/4039 
f 3156/4039 3161/4038 3162/4040 3157/4041 
f 3157/4041 3162/4040 3142/4042 3141/4043 
s 64
f 3136/3997 3135/3996 3144/4044 3158/4045 
f 3158/4045 3144/4044 3146/4046 3159/4047 
f 3159/4047 3146/4046 3148/4048 3160/4049 
f 3160/4049 3148/4048 3150/4050 3161/4051 
f 3161/4051 3150/4050 3152/4052 3162/4053 
f 3162/4053 3152/4052 3139/4054 3142/4055 
# 26 polygons

#
# object Box16
#

v  206.9558 525.0149 -184.6152
v  206.9558 521.5419 -204.3114
v  192.8136 507.6146 -201.8556
v  192.8136 511.0876 -182.1595
v  -180.5048 917.7441 -257.7999
v  -194.6470 903.8169 -255.3442
v  -194.6470 900.3439 -275.0403
v  -180.5048 914.2712 -277.4961
v  127.9999 577.6716 -203.7286
v  142.1421 591.5989 -206.1844
v  63.2810 643.8040 -221.5491
v  77.4232 657.7313 -224.0049
v  -1.3431 709.4847 -235.6209
v  12.7990 723.4120 -238.0767
v  -65.8725 774.7137 -245.9440
v  -51.7303 788.6411 -248.3998
v  -130.3072 839.4912 -252.5185
v  -116.1650 853.4185 -254.9742
v  127.9999 574.1987 -223.4248
v  63.2810 640.3311 -241.2453
v  -1.3431 706.0118 -255.3171
v  -65.8725 771.2408 -265.6402
v  -130.3072 836.0182 -272.2146
v  142.1421 588.1260 -225.8805
v  77.4232 654.2584 -243.7010
v  12.7991 719.9391 -257.7728
v  -51.7303 785.1681 -268.0959
v  -116.1650 849.9456 -274.6703
# 28 vertices

vt 1.1154 0.6414 1.1899
vt 1.1810 0.6298 1.1899
vt 1.1729 0.5834 1.1427
vt 1.1072 0.5950 1.1427
vt -0.3593 1.9505 -0.1017
vt -0.3511 1.9041 -0.1488
vt -0.4168 1.8925 -0.1488
vt -0.4250 1.9389 -0.1017
vt 1.1899 0.6414 1.1154
vt 1.1427 0.5950 1.1072
vt 0.9267 0.8169 1.1791
vt 0.9738 0.8633 1.1873
vt 0.7109 1.0373 1.2385
vt 0.7581 1.0838 1.2467
vt 0.4955 1.2563 1.2854
vt 0.5427 1.3027 1.2936
vt 0.2804 1.4737 1.3198
vt 0.3276 1.5201 1.3280
vt 0.0656 1.6896 1.3417
vt 0.1128 1.7361 1.3499
vt -0.1488 1.9041 1.3511
vt -0.1017 1.9505 1.3593
vt -0.1072 0.5950 1.1427
vt -0.1729 0.5834 1.1427
vt -0.2447 0.8053 0.9267
vt -0.1791 0.8169 0.9267
vt -0.3042 1.0258 0.7109
vt -0.2385 1.0373 0.7109
vt -0.3511 1.2447 0.4955
vt -0.2854 1.2563 0.4955
vt -0.3855 1.4621 0.2804
vt -0.3198 1.4737 0.2804
vt -0.4074 1.6781 0.0656
vt -0.3417 1.6896 0.0656
vt -0.1427 0.5834 1.1729
vt -0.1899 0.6298 1.1810
vt 0.0262 0.8518 1.2529
vt 0.0733 0.8053 1.2447
vt 0.2419 1.0722 1.3123
vt 0.2891 1.0258 1.3042
vt 0.4573 1.2911 1.3592
vt 0.5045 1.2447 1.3511
vt 0.6724 1.5086 1.3937
vt 0.7196 1.4621 1.3855
vt 0.8872 1.7245 1.4156
vt 0.9344 1.6781 1.4074
vt 1.1017 1.9389 1.4250
vt 1.1488 1.8925 1.4168
vt 1.1873 0.8633 0.9738
vt 1.2529 0.8518 0.9738
vt 1.2467 1.0838 0.7581
vt 1.3123 1.0722 0.7581
vt 1.2936 1.3027 0.5427
vt 1.3592 1.2911 0.5427
vt 1.3280 1.5201 0.3276
vt 1.3937 1.5086 0.3276
vt 1.3499 1.7361 0.1128
vt 1.4156 1.7245 0.1128
vt 1.3593 1.9505 -0.1017
vt 1.4250 1.9389 -0.1017
# 60 texture coords

g Box16
usemtl wood
s 2
f 3166/4059 3165/4058 3164/4057 3163/4056 
s 4
f 3170/4063 3169/4062 3168/4061 3167/4060 
s 8
f 3172/4067 3171/4066 3166/4065 3163/4064 
f 3174/4069 3173/4068 3171/4066 3172/4067 
f 3176/4071 3175/4070 3173/4068 3174/4069 
f 3178/4073 3177/4072 3175/4070 3176/4071 
f 3180/4075 3179/4074 3177/4072 3178/4073 
f 3167/4077 3168/4076 3179/4074 3180/4075 
s 16
f 3171/4081 3181/4080 3165/4079 3166/4078 
f 3173/4083 3182/4082 3181/4080 3171/4081 
f 3175/4085 3183/4084 3182/4082 3173/4083 
f 3177/4087 3184/4086 3183/4084 3175/4085 
f 3179/4089 3185/4088 3184/4086 3177/4087 
f 3168/4061 3169/4062 3185/4088 3179/4089 
s 32
f 3181/4093 3186/4092 3164/4091 3165/4090 
f 3182/4095 3187/4094 3186/4092 3181/4093 
f 3183/4097 3188/4096 3187/4094 3182/4095 
f 3184/4099 3189/4098 3188/4096 3183/4097 
f 3185/4101 3190/4100 3189/4098 3184/4099 
f 3169/4103 3170/4102 3190/4100 3185/4101 
s 64
f 3186/4105 3172/4104 3163/4056 3164/4057 
f 3187/4107 3174/4106 3172/4104 3186/4105 
f 3188/4109 3176/4108 3174/4106 3187/4107 
f 3189/4111 3178/4110 3176/4108 3188/4109 
f 3190/4113 3180/4112 3178/4110 3189/4111 
f 3170/4115 3167/4114 3180/4112 3190/4113 
# 26 polygons

