# 
# Wavefront OBJ file
# Converted by the DEEP Exploration Deep Exploration 6.3 x64 6.3.3.8069
# Right Hemisphere, LTD
# http://www.righthemisphere.com/
# 
mtllib table.mtl
# object Box093
g Box093
v -0.59851 -0.75597 0.62222
v -0.60525 -0.75597 0.62222
v 0.19307 0.74403 0.62222
v 0.20275 0.74403 0.62222
v -0.60280 -0.75352 0.62680
v -0.60402 -0.75474 0.62558
v -0.59851 -0.75474 0.62558
v -0.59851 -0.75352 0.62680
v 0.20031 -0.75352 0.62680
v 0.20153 -0.75474 0.62558
v 0.20152 -0.74537 0.62558
v 0.20031 -0.74537 0.62680
v 0.20031 0.74158 0.62680
v 0.20153 0.74280 0.62558
v 0.19307 0.74280 0.62558
v 0.19307 0.74158 0.62680
v -0.60280 0.74158 0.62680
v -0.60402 0.74280 0.62558
v -0.60402 0.73713 0.62558
v -0.60280 0.73713 0.62680
v -0.60053 -0.75126 0.62786
v -0.60198 -0.75271 0.62733
v -0.59851 -0.75271 0.62733
v -0.59851 -0.75126 0.62786
v 0.19804 -0.75126 0.62786
v 0.19949 -0.75271 0.62733
v 0.19949 -0.74537 0.62733
v 0.19804 -0.74537 0.62786
v 0.19804 0.73931 0.62786
v 0.19949 0.74077 0.62733
v 0.19307 0.74077 0.62733
v 0.19307 0.73931 0.62786
v -0.60053 0.73931 0.62786
v -0.60198 0.74077 0.62733
v -0.60198 0.73713 0.62733
v -0.60053 0.73713 0.62786
v -0.60460 -0.75533 0.62463
v -0.60504 -0.75576 0.62344
v -0.59851 -0.75576 0.62344
v -0.59851 -0.75533 0.62463
v 0.20211 -0.75533 0.62463
v 0.20254 -0.75576 0.62344
v 0.20254 -0.74537 0.62344
v 0.20211 -0.74537 0.62463
v 0.20211 0.74338 0.62463
v 0.20254 0.74382 0.62344
v 0.19307 0.74382 0.62344
v 0.19307 0.74338 0.62463
v -0.60460 0.74338 0.62463
v -0.60504 0.74382 0.62344
v -0.60504 0.73713 0.62344
v -0.60460 0.73713 0.62463
v -0.59944 -0.75017 0.62803
v -0.59851 -0.75017 0.62803
v 0.19695 -0.75017 0.62803
v 0.19695 -0.74537 0.62803
v 0.19695 0.73822 0.62803
v 0.19307 0.73822 0.62803
v -0.59944 0.73822 0.62803
v -0.59944 0.73713 0.62803
v 0.20275 -0.75597 0.62222
v 0.20275 -0.74537 0.62222
v -0.60525 0.74403 0.62222
v -0.60525 0.73713 0.62222
v 0.19695 0.32321 0.62803
v 0.19695 0.32735 0.62803
v -0.59944 -0.33508 0.62803
v -0.59944 -0.33613 0.62803
v 0.20275 0.32735 0.62222
v 0.20275 0.32321 0.62222
v 0.20275 -0.33508 0.62222
v 0.20275 -0.33613 0.62222
v -0.60525 -0.33613 0.62222
v -0.60525 -0.33508 0.62222
v -0.60525 0.32321 0.62222
v -0.60525 0.32735 0.62222
v 0.20139 0.32321 0.62572
v 0.20139 0.32735 0.62571
v 0.20044 0.32735 0.62666
v 0.20044 0.32321 0.62666
v -0.60388 -0.33508 0.62572
v -0.60388 -0.33613 0.62572
v -0.60294 -0.33613 0.62666
v -0.60294 -0.33508 0.62666
v 0.19951 0.32321 0.62728
v 0.19951 0.32735 0.62728
v 0.19811 0.32735 0.62782
v 0.19811 0.32321 0.62782
v -0.60200 -0.33508 0.62728
v -0.60200 -0.33613 0.62728
v -0.60061 -0.33613 0.62782
v -0.60061 -0.33508 0.62782
v 0.20253 0.32321 0.62345
v 0.20253 0.32735 0.62345
v 0.20203 0.32735 0.62472
v 0.20203 0.32321 0.62472
v -0.60502 -0.33508 0.62345
v -0.60502 -0.33613 0.62345
v -0.60452 -0.33613 0.62472
v -0.60452 -0.33508 0.62472
v -0.60395 0.54476 0.62564
v -0.60286 0.54476 0.62673
v -0.60199 0.54476 0.62731
v -0.60057 0.54476 0.62784
v -0.60503 0.54476 0.62345
v -0.60456 0.54476 0.62467
v -0.59944 0.54476 0.62803
v -0.60525 0.54476 0.62222
v 0.19695 0.73713 0.62803
v 0.20275 0.73713 0.62222
v 0.20152 0.73713 0.62558
v 0.20031 0.73713 0.62680
v 0.19949 0.73713 0.62733
v 0.19804 0.73713 0.62786
v 0.20254 0.73713 0.62344
v 0.20211 0.73713 0.62463
v -0.42695 -0.75597 0.62222
v -0.59851 0.74403 0.62222
v -0.42695 -0.75474 0.62558
v -0.42695 -0.75352 0.62680
v -0.59851 0.74280 0.62558
v -0.59851 0.74158 0.62680
v -0.42695 -0.75271 0.62733
v -0.42695 -0.75126 0.62786
v -0.59851 0.74077 0.62733
v -0.59851 0.73931 0.62786
v -0.42695 -0.75576 0.62344
v -0.42695 -0.75533 0.62463
v -0.59851 0.74382 0.62344
v -0.59851 0.74338 0.62463
v -0.42695 -0.75017 0.62803
v -0.59851 0.73822 0.62803
v -0.42695 0.74403 0.62222
v -0.20509 0.74403 0.62222
v -0.20509 0.74280 0.62558
v -0.42695 0.74280 0.62558
v -0.42695 0.74158 0.62680
v -0.20509 0.74158 0.62680
v -0.20509 0.74077 0.62733
v -0.42695 0.74077 0.62733
v -0.42695 0.73931 0.62786
v -0.20509 0.73931 0.62786
v -0.20509 0.74382 0.62344
v -0.42695 0.74382 0.62344
v -0.42695 0.74338 0.62463
v -0.20509 0.74338 0.62463
v -0.42695 0.73822 0.62803
v -0.20509 0.73822 0.62803
v 0.00191 -0.75597 0.62222
v -0.20509 -0.75597 0.62222
v -0.20509 -0.75474 0.62558
v 0.00191 -0.75474 0.62558
v 0.00191 -0.75352 0.62680
v -0.20509 -0.75352 0.62680
v -0.20509 -0.75271 0.62733
v 0.00191 -0.75271 0.62733
v 0.00191 -0.75126 0.62786
v -0.20509 -0.75126 0.62786
v -0.20509 -0.75576 0.62344
v 0.00191 -0.75576 0.62344
v 0.00191 -0.75533 0.62463
v -0.20509 -0.75533 0.62463
v 0.00191 -0.75017 0.62803
v -0.20509 -0.75017 0.62803
v 0.00191 0.74403 0.62222
v 0.00191 0.74280 0.62558
v 0.00191 0.74158 0.62680
v 0.00191 0.74077 0.62733
v 0.00191 0.73931 0.62786
v 0.00191 0.74382 0.62344
v 0.00191 0.74338 0.62463
v 0.00191 0.73822 0.62803
v 0.19307 -0.75597 0.62222
v 0.19307 -0.75474 0.62558
v 0.19307 -0.75352 0.62680
v 0.19307 -0.75271 0.62733
v 0.19307 -0.75126 0.62786
v 0.19307 -0.75576 0.62344
v 0.19307 -0.75533 0.62463
v 0.19307 -0.75017 0.62803
v 0.19695 0.54476 0.62803
v 0.20275 0.54476 0.62222
v 0.20146 0.54476 0.62564
v 0.20037 0.54476 0.62673
v 0.19950 0.54476 0.62731
v 0.19807 0.54476 0.62784
v 0.20254 0.54476 0.62345
v 0.20207 0.54476 0.62467
v -0.60388 0.32735 0.62571
v -0.60293 0.32735 0.62666
v -0.60200 0.32735 0.62728
v -0.60061 0.32735 0.62782
v -0.60502 0.32735 0.62345
v -0.60452 0.32735 0.62472
v -0.59944 0.32735 0.62803
v -0.60388 0.32321 0.62572
v -0.60294 0.32321 0.62666
v -0.60200 0.32321 0.62728
v -0.60061 0.32321 0.62782
v -0.60502 0.32321 0.62345
v -0.60452 0.32321 0.62472
v -0.59944 0.32321 0.62803
v 0.20139 -0.33613 0.62572
v 0.20139 -0.33508 0.62572
v 0.20044 -0.33508 0.62666
v 0.20044 -0.33613 0.62666
v 0.19951 -0.33613 0.62728
v 0.19951 -0.33508 0.62728
v 0.19811 -0.33508 0.62782
v 0.19811 -0.33613 0.62782
v 0.20253 -0.33613 0.62345
v 0.20253 -0.33508 0.62345
v 0.20203 -0.33508 0.62472
v 0.20203 -0.33613 0.62472
v 0.19695 -0.33508 0.62803
v 0.19695 -0.33613 0.62803
v -0.59944 -0.53143 0.62803
v 0.20275 -0.53143 0.62222
v -0.60525 -0.53143 0.62222
v -0.60394 -0.53143 0.62565
v -0.60287 -0.53143 0.62673
v -0.60199 -0.53143 0.62730
v -0.60057 -0.53143 0.62784
v -0.60503 -0.53143 0.62345
v -0.60456 -0.53143 0.62468
v 0.20145 -0.53143 0.62565
v 0.20038 -0.53143 0.62673
v 0.19950 -0.53143 0.62730
v 0.19808 -0.53143 0.62784
v 0.20253 -0.53143 0.62345
v 0.20207 -0.53143 0.62468
v 0.19695 -0.53143 0.62803
v -0.59944 -0.74537 0.62803
v -0.60525 -0.74537 0.62222
v -0.60401 -0.74537 0.62558
v -0.60280 -0.74537 0.62680
v -0.60198 -0.74537 0.62733
v -0.60053 -0.74537 0.62786
v -0.60504 -0.74537 0.62344
v -0.60460 -0.74537 0.62463
# 240 verticies
vt 0.00300 0.00160
vt 0.00150 0.00080
vt 0.00830 0.00080
vt 0.00830 0.00160
vt 0.99700 0.00160
vt 0.99850 0.00080
vt 0.99850 0.00710
vt 0.99700 0.00710
vt 0.99700 0.99840
vt 0.99850 0.99920
vt 0.98800 0.99920
vt 0.98800 0.99840
vt 0.00300 0.99840
vt 0.00150 0.99920
vt 0.00150 0.99540
vt 0.00300 0.99540
vt 0.00580 0.00310
vt 0.00400 0.00220
vt 0.00830 0.00220
vt 0.00830 0.00310
vt 0.99420 0.00310
vt 0.99600 0.00220
vt 0.99600 0.00710
vt 0.99420 0.00710
vt 0.99420 0.99690
vt 0.99600 0.99780
vt 0.98800 0.99780
vt 0.98800 0.99690
vt 0.00580 0.99690
vt 0.00400 0.99780
vt 0.00400 0.99540
vt 0.00580 0.99540
vt 0.00080 0.00040
vt 0.00030 0.00010
vt 0.00830 0.00010
vt 0.00830 0.00040
vt 0.99920 0.00040
vt 0.99970 0.00010
vt 0.99970 0.00710
vt 0.99920 0.00710
vt 0.99920 0.99960
vt 0.99970 0.99990
vt 0.98800 0.99990
vt 0.98800 0.99960
vt 0.00080 0.99960
vt 0.00030 0.99990
vt 0.00030 0.99540
vt 0.00080 0.99540
vt 0.00720 0.00390
vt 0.00830 0.00390
vt 0.99280 0.00390
vt 0.99280 0.00710
vt 0.99280 0.99610
vt 0.98800 0.99610
vt 0.00720 0.99610
vt 0.00720 0.99540
vt 0.00000 0.00000
vt 0.00830 0.00000
vt 1.00000 0.00000
vt 1.00000 0.00710
vt 1.00000 1.00000
vt 0.98800 1.00000
vt 0.00000 1.00000
vt 0.00000 0.99540
vt 0.99830 0.71950
vt 0.99830 0.72220
vt 0.99710 0.72220
vt 0.99710 0.71950
vt 0.00170 0.28060
vt 0.00170 0.27990
vt 0.00290 0.27990
vt 0.00290 0.28060
vt 0.99600 0.71950
vt 0.99600 0.72220
vt 0.99430 0.72220
vt 0.99430 0.71950
vt 0.00400 0.28060
vt 0.00400 0.27990
vt 0.00570 0.27990
vt 0.00570 0.28060
vt 0.99970 0.71950
vt 0.99970 0.72220
vt 0.99910 0.72220
vt 0.99910 0.71950
vt 0.00030 0.28060
vt 0.00030 0.27990
vt 0.00090 0.27990
vt 0.00090 0.28060
vt 0.99280 0.72220
vt 0.99280 0.71950
vt 0.00720 0.27990
vt 0.00720 0.28060
vt 1.00000 0.71950
vt 1.00000 0.72220
vt 0.00000 0.28060
vt 0.00000 0.27990
vt 0.00160 0.86720
vt 0.00300 0.86720
vt 0.00400 0.86720
vt 0.00580 0.86720
vt 0.00030 0.86720
vt 0.00080 0.86720
vt 0.00720 0.86720
vt 0.00000 0.86720
vt 0.99850 0.99540
vt 0.99700 0.99540
vt 0.99600 0.99540
vt 0.99420 0.99540
vt 0.99970 0.99540
vt 0.99920 0.99540
vt 0.99280 0.99540
vt 1.00000 0.99540
vt 0.22070 0.00080
vt 0.22070 0.00160
vt 0.00830 0.99920
vt 0.00830 0.99840
vt 0.22070 0.00220
vt 0.22070 0.00310
vt 0.00830 0.99780
vt 0.00830 0.99690
vt 0.22070 0.00010
vt 0.22070 0.00040
vt 0.00830 0.99990
vt 0.00830 0.99960
vt 0.22070 0.00390
vt 0.00830 0.99610
vt 0.22070 0.00000
vt 0.00830 1.00000
vt 0.49520 0.99920
vt 0.22070 0.99920
vt 0.22070 0.99840
vt 0.49520 0.99840
vt 0.49520 0.99780
vt 0.22070 0.99780
vt 0.22070 0.99690
vt 0.49520 0.99690
vt 0.49520 0.99990
vt 0.22070 0.99990
vt 0.22070 0.99960
vt 0.49520 0.99960
vt 0.22070 0.99610
vt 0.49520 0.99610
vt 0.49520 1.00000
vt 0.22070 1.00000
vt 0.49520 0.00080
vt 0.75140 0.00080
vt 0.75140 0.00160
vt 0.49520 0.00160
vt 0.49520 0.00220
vt 0.75140 0.00220
vt 0.75140 0.00310
vt 0.49520 0.00310
vt 0.49520 0.00010
vt 0.75140 0.00010
vt 0.75140 0.00040
vt 0.49520 0.00040
vt 0.75140 0.00390
vt 0.49520 0.00390
vt 0.49520 0.00000
vt 0.75140 0.00000
vt 0.75140 0.99920
vt 0.75140 0.99840
vt 0.75140 0.99780
vt 0.75140 0.99690
vt 0.75140 0.99990
vt 0.75140 0.99960
vt 0.75140 0.99610
vt 0.75140 1.00000
vt 0.98800 0.00080
vt 0.98800 0.00160
vt 0.98800 0.00220
vt 0.98800 0.00310
vt 0.98800 0.00010
vt 0.98800 0.00040
vt 0.98800 0.00390
vt 0.98800 0.00000
vt 0.99840 0.86720
vt 0.99710 0.86720
vt 0.99600 0.86720
vt 0.99420 0.86720
vt 0.99970 0.86720
vt 0.99920 0.86720
vt 0.99280 0.86720
vt 1.00000 0.86720
vt 0.00170 0.72220
vt 0.00290 0.72220
vt 0.00400 0.72220
vt 0.00570 0.72220
vt 0.00030 0.72220
vt 0.00090 0.72220
vt 0.00720 0.72220
vt 0.00000 0.72220
vt 0.00170 0.71950
vt 0.00290 0.71950
vt 0.00400 0.71950
vt 0.00570 0.71950
vt 0.00030 0.71950
vt 0.00090 0.71950
vt 0.00720 0.71950
vt 0.00000 0.71950
vt 0.99830 0.27990
vt 0.99830 0.28060
vt 0.99710 0.28060
vt 0.99710 0.27990
vt 0.99600 0.27990
vt 0.99600 0.28060
vt 0.99430 0.28060
vt 0.99430 0.27990
vt 0.99970 0.27990
vt 0.99970 0.28060
vt 0.99910 0.28060
vt 0.99910 0.27990
vt 0.99280 0.28060
vt 0.99280 0.27990
vt 1.00000 0.27990
vt 1.00000 0.28060
vt 0.00160 0.14970
vt 0.00290 0.14970
vt 0.00400 0.14970
vt 0.00580 0.14970
vt 0.00030 0.14970
vt 0.00090 0.14970
vt 0.00720 0.14970
vt 0.00000 0.14970
vt 0.99840 0.14970
vt 0.99710 0.14970
vt 0.99600 0.14970
vt 0.99420 0.14970
vt 0.99970 0.14970
vt 0.99910 0.14970
vt 0.99280 0.14970
vt 1.00000 0.14970
vt 0.00150 0.00710
vt 0.00300 0.00710
vt 0.00400 0.00710
vt 0.00580 0.00710
vt 0.00030 0.00710
vt 0.00080 0.00710
vt 0.00720 0.00710
vt 0.00000 0.00710
# 240 texture verticies
vn -0.37649 -0.37649 0.84647
vn -0.49452 -0.49442 0.71484
vn 0.00000 -0.78460 0.62000
vn 0.00000 -0.63121 0.77561
vn 0.37649 -0.37649 0.84647
vn 0.49452 -0.49442 0.71484
vn 0.78451 0.00010 0.62011
vn 0.63121 0.00000 0.77561
vn 0.37649 0.37649 0.84647
vn 0.49452 0.49442 0.71484
vn 0.00000 0.78469 0.61989
vn 0.00000 0.63110 0.77570
vn -0.37649 0.37649 0.84647
vn -0.49452 0.49442 0.71484
vn -0.78455 -0.00010 0.62006
vn -0.63121 0.00000 0.77561
vn -0.15080 -0.15080 0.97699
vn -0.26540 -0.26530 0.92692
vn 0.00000 -0.44909 0.89349
vn 0.00000 -0.24670 0.96909
vn 0.15080 -0.15080 0.97699
vn 0.26540 -0.26530 0.92692
vn 0.44929 0.00010 0.89338
vn 0.24710 0.00010 0.96899
vn 0.15080 0.15080 0.97699
vn 0.26540 0.26530 0.92692
vn 0.00000 0.44909 0.89349
vn 0.00000 0.24670 0.96909
vn -0.15080 0.15080 0.97699
vn -0.26540 0.26530 0.92692
vn -0.44921 -0.00010 0.89342
vn -0.24691 -0.00010 0.96904
vn -0.59610 -0.59600 0.53800
vn -0.66650 -0.66650 0.33400
vn 0.00000 -0.96622 0.25771
vn 0.00000 -0.89980 0.43630
vn 0.59610 -0.59600 0.53800
vn 0.66650 -0.66650 0.33400
vn 0.96609 0.00000 0.25820
vn 0.89961 0.00010 0.43670
vn 0.59610 0.59600 0.53800
vn 0.66650 0.66650 0.33400
vn 0.00000 0.96620 0.25780
vn 0.00000 0.89980 0.43630
vn -0.59610 0.59600 0.53800
vn -0.66650 0.66650 0.33400
vn -0.96614 0.00000 0.25801
vn -0.89970 -0.00010 0.43650
vn -0.05540 -0.05540 0.99693
vn 0.00000 -0.07380 0.99727
vn 0.05540 -0.05540 0.99693
vn 0.07400 0.00000 0.99726
vn 0.05540 0.05540 0.99693
vn 0.00000 0.07380 0.99727
vn -0.05540 0.05540 0.99693
vn -0.07380 0.00000 0.99727
vn -0.70256 -0.70256 0.11319
vn 0.00000 -0.99637 0.08510
vn 0.70256 -0.70256 0.11319
vn 0.99636 0.00000 0.08530
vn 0.70256 0.70256 0.11319
vn 0.00000 0.99637 0.08510
vn -0.70256 0.70256 0.11319
vn -0.99636 0.00000 0.08520
vn 0.77847 -0.00010 0.62768
vn 0.77852 -0.00010 0.62762
vn 0.63298 0.00000 0.77417
vn 0.63303 -0.00010 0.77413
vn -0.77847 0.00000 0.62768
vn -0.63298 0.00000 0.77417
vn -0.63303 0.00000 0.77413
vn 0.46021 -0.00010 0.88781
vn 0.46009 -0.00010 0.88787
vn 0.26880 -0.00010 0.96320
vn 0.26910 -0.00010 0.96311
vn -0.46021 0.00010 0.88781
vn -0.26901 0.00010 0.96314
vn -0.26910 0.00010 0.96311
vn 0.96150 0.00000 0.27480
vn 0.96155 0.00000 0.27462
vn 0.89055 -0.00010 0.45488
vn 0.89045 -0.00010 0.45508
vn -0.96150 0.00000 0.27480
vn -0.89049 0.00010 0.45500
vn -0.89045 0.00010 0.45508
vn 0.08660 0.00000 0.99624
vn 0.08680 0.00000 0.99623
vn -0.08670 0.00000 0.99623
vn 0.99579 0.00000 0.09170
vn 0.99580 0.00000 0.09160
vn -0.99579 0.00000 0.09170
vn -0.99580 0.00000 0.09160
vn -0.78164 -0.00010 0.62373
vn -0.63209 0.00000 0.77489
vn -0.45440 -0.00010 0.89080
vn -0.25731 -0.00010 0.96633
vn -0.96397 0.00000 0.26599
vn -0.89529 -0.00010 0.44549
vn -0.08010 0.00000 0.99679
vn -0.99609 0.00000 0.08830
vn 0.78455 -0.00010 0.62006
vn 0.63121 0.00000 0.77561
vn 0.44921 -0.00010 0.89342
vn 0.24691 -0.00010 0.96904
vn 0.96614 0.00000 0.25801
vn 0.89970 -0.00010 0.43650
vn 0.07380 0.00000 0.99727
vn 0.00000 -0.78469 0.61989
vn 0.00000 -0.63116 0.77565
vn 0.00000 0.63116 0.77565
vn 0.00000 -0.44909 0.89349
vn 0.00000 0.24670 0.96909
vn 0.00000 -0.96620 0.25780
vn 0.00000 -0.89980 0.43630
vn 0.00000 0.89980 0.43630
vn 0.00000 0.96622 0.25771
vn 0.00000 0.99637 0.08510
vn 0.00000 -0.63116 0.77565
vn 0.00000 -0.24670 0.96909
vn 0.00000 -0.07380 0.99727
vn 0.00000 -0.99637 0.08510
vn 0.00000 0.63116 0.77565
vn 0.78164 -0.00010 0.62373
vn 0.63209 0.00000 0.77489
vn 0.45440 -0.00010 0.89080
vn 0.25731 -0.00010 0.96633
vn 0.96397 0.00000 0.26599
vn 0.89529 -0.00010 0.44549
vn 0.08010 0.00000 0.99679
vn 0.99609 0.00000 0.08830
vn -0.77852 -0.00010 0.62762
vn -0.63298 0.00000 0.77417
vn -0.46009 -0.00010 0.88787
vn -0.26880 0.00000 0.96320
vn -0.96155 0.00000 0.27462
vn -0.89055 -0.00010 0.45488
vn -0.08660 0.00000 0.99624
vn -0.77847 -0.00010 0.62768
vn -0.63303 -0.00010 0.77413
vn -0.46021 -0.00010 0.88781
vn -0.26910 0.00000 0.96311
vn -0.96150 0.00000 0.27480
vn -0.89045 -0.00010 0.45508
vn -0.08680 0.00000 0.99623
vn 0.77847 0.00000 0.62768
vn 0.63303 0.00000 0.77413
vn 0.63298 0.00000 0.77417
vn 0.46021 0.00010 0.88781
vn 0.26910 0.00010 0.96311
vn 0.26901 0.00010 0.96314
vn 0.96150 0.00000 0.27480
vn 0.89045 0.00010 0.45508
vn 0.89049 0.00010 0.45500
vn 0.08670 0.00000 0.99623
vn -0.78128 0.00010 0.62418
vn -0.63220 0.00000 0.77480
vn -0.45500 0.00010 0.89049
vn -0.25869 0.00010 0.96596
vn -0.96370 0.00000 0.26700
vn -0.89473 0.00010 0.44661
vn -0.08090 0.00000 0.99672
vn -0.99607 0.00000 0.08860
vn 0.78128 0.00010 0.62418
vn 0.63220 0.00000 0.77480
vn 0.45500 0.00010 0.89049
vn 0.25869 0.00010 0.96596
vn 0.96370 0.00000 0.26700
vn 0.89473 0.00010 0.44661
vn 0.08090 0.00000 0.99672
vn 0.99607 0.00000 0.08860
vn -0.78451 0.00010 0.62011
vn -0.63121 0.00000 0.77561
vn -0.44929 0.00010 0.89338
vn -0.24710 0.00010 0.96899
vn -0.96609 0.00000 0.25820
vn -0.89961 0.00010 0.43670
vn -0.07400 0.00000 0.99726
vn -0.99636 0.00000 0.08530
# 178 normals
usemtl Wood
f  5/1/1 6/2/2 7/3/3 8/4/4
f  9/5/5 10/6/6 11/7/7 12/8/8
f  13/9/9 14/10/10 15/11/11 16/12/12
f  17/13/13 18/14/14 19/15/15 20/16/16
f  21/17/17 22/18/18 23/19/19 24/20/20
f  25/21/21 26/22/22 27/23/23 28/24/24
f  29/25/25 30/26/26 31/27/27 32/28/28
f  33/29/29 34/30/30 35/31/31 36/32/32
f  37/33/33 38/34/34 39/35/35 40/36/36
f  41/37/37 42/38/38 43/39/39 44/40/40
f  45/41/41 46/42/42 47/43/43 48/44/44
f  49/45/45 50/46/46 51/47/47 52/48/48
f  53/49/49 21/17/17 24/20/20 54/50/50
f  55/51/51 25/21/21 28/24/24 56/52/52
f  57/53/53 29/25/25 32/28/28 58/54/54
f  59/55/55 33/29/29 36/32/32 60/56/56
f  6/2/2 37/33/33 40/36/36 7/3/3
f  10/6/6 41/37/37 44/40/40 11/7/7
f  14/10/10 45/41/41 48/44/44 15/11/11
f  18/14/14 49/45/45 52/48/48 19/15/15
f  22/18/18 5/1/1 8/4/4 23/19/19
f  26/22/22 9/5/5 12/8/8 27/23/23
f  30/26/26 13/9/9 16/12/12 31/27/27
f  34/30/30 17/13/13 20/16/16 35/31/31
f  38/34/34 2/57/57 1/58/58 39/35/35
f  42/38/38 61/59/59 62/60/60 43/39/39
f  46/42/42 4/61/61 3/62/62 47/43/43
f  50/46/46 63/63/63 64/64/64 51/47/47
f  77/65/65 78/66/66 79/67/67 80/68/68
f  81/69/69 82/70/69 83/71/70 84/72/71
f  85/73/72 86/74/73 87/75/74 88/76/75
f  89/77/76 90/78/76 91/79/77 92/80/78
f  93/81/79 94/82/80 95/83/81 96/84/82
f  97/85/83 98/86/83 99/87/84 100/88/85
f  88/76/75 87/75/74 66/89/86 65/90/87
f  92/80/78 91/79/77 68/91/88 67/92/88
f  96/84/82 95/83/81 78/66/66 77/65/65
f  100/88/85 99/87/84 82/70/69 81/69/69
f  80/68/68 79/67/67 86/74/73 85/73/72
f  84/72/71 83/71/70 90/78/76 89/77/76
f  70/93/89 69/94/90 94/82/80 93/81/79
f  74/95/91 73/96/92 98/86/83 97/85/83
f  19/15/15 101/97/93 102/98/94 20/16/16
f  35/31/31 103/99/95 104/100/96 36/32/32
f  51/47/47 105/101/97 106/102/98 52/48/48
f  36/32/32 104/100/96 107/103/99 60/56/56
f  52/48/48 106/102/98 101/97/93 19/15/15
f  20/16/16 102/98/94 103/99/95 35/31/31
f  64/64/64 108/104/100 105/101/97 51/47/47
f  111/105/101 14/10/10 13/9/9 112/106/102
f  113/107/103 30/26/26 29/25/25 114/108/104
f  115/109/105 46/42/42 45/41/41 116/110/106
f  114/108/104 29/25/25 57/53/53 109/111/107
f  116/110/106 45/41/41 14/10/10 111/105/101
f  112/106/102 13/9/9 30/26/26 113/107/103
f  110/112/60 4/61/61 46/42/42 115/109/105
f  7/3/3 119/113/108 120/114/109 8/4/4
f  121/115/11 18/14/14 17/13/13 122/116/110
f  23/19/19 123/117/111 124/118/20 24/20/20
f  125/119/27 34/30/30 33/29/29 126/120/112
f  39/35/35 127/121/113 128/122/114 40/36/36
f  129/123/43 50/46/46 49/45/45 130/124/115
f  24/20/20 124/118/20 131/125/50 54/50/50
f  126/120/112 33/29/29 59/55/55 132/126/54
f  40/36/36 128/122/114 119/113/108 7/3/3
f  130/124/115 49/45/45 18/14/14 121/115/11
f  8/4/4 120/114/109 123/117/111 23/19/19
f  122/116/110 17/13/13 34/30/30 125/119/27
f  1/58/58 117/127/58 127/121/113 39/35/35
f  118/128/62 63/63/63 50/46/46 129/123/43
f  135/129/11 136/130/11 137/131/12 138/132/110
f  139/133/27 140/134/27 141/135/112 142/136/112
f  143/137/116 144/138/43 145/139/115 146/140/115
f  142/136/112 141/135/112 147/141/54 148/142/54
f  146/140/115 145/139/115 136/130/11 135/129/11
f  138/132/110 137/131/12 140/134/27 139/133/27
f  134/143/117 133/144/62 144/138/43 143/137/116
f  151/145/108 152/146/108 153/147/118 154/148/109
f  155/149/111 156/150/111 157/151/20 158/152/119
f  159/153/113 160/154/113 161/155/114 162/156/114
f  158/152/119 157/151/20 163/157/120 164/158/120
f  162/156/114 161/155/114 152/146/108 151/145/108
f  154/148/109 153/147/118 156/150/111 155/149/111
f  150/159/121 149/160/58 160/154/113 159/153/113
f  15/11/11 166/161/11 167/162/122 16/12/12
f  31/27/27 168/163/27 169/164/28 32/28/28
f  47/43/43 170/165/116 171/166/115 48/44/44
f  32/28/28 169/164/28 172/167/54 58/54/54
f  48/44/44 171/166/115 166/161/11 15/11/11
f  16/12/12 167/162/122 168/163/27 31/27/27
f  3/62/62 165/168/117 170/165/116 47/43/43
f  174/169/108 10/6/6 9/5/5 175/170/118
f  176/171/111 26/22/22 25/21/21 177/172/20
f  178/173/113 42/38/38 41/37/37 179/174/114
f  177/172/20 25/21/21 55/51/51 180/175/120
f  179/174/114 41/37/37 10/6/6 174/169/108
f  175/170/118 9/5/5 26/22/22 176/171/111
f  173/176/58 61/59/59 42/38/38 178/173/113
f  152/146/108 174/169/108 175/170/118 153/147/118
f  156/150/111 176/171/111 177/172/20 157/151/20
f  160/154/113 178/173/113 179/174/114 161/155/114
f  157/151/20 177/172/20 180/175/120 163/157/120
f  161/155/114 179/174/114 174/169/108 152/146/108
f  153/147/118 175/170/118 176/171/111 156/150/111
f  149/160/58 173/176/58 178/173/113 160/154/113
f  166/161/11 135/129/11 138/132/110 167/162/122
f  168/163/27 139/133/27 142/136/112 169/164/28
f  170/165/116 143/137/116 146/140/115 171/166/115
f  169/164/28 142/136/112 148/142/54 172/167/54
f  171/166/115 146/140/115 135/129/11 166/161/11
f  167/162/122 138/132/110 139/133/27 168/163/27
f  165/168/117 134/143/117 143/137/116 170/165/116
f  119/113/108 151/145/108 154/148/109 120/114/109
f  123/117/111 155/149/111 158/152/119 124/118/20
f  127/121/113 159/153/113 162/156/114 128/122/114
f  124/118/20 158/152/119 164/158/120 131/125/50
f  128/122/114 162/156/114 151/145/108 119/113/108
f  120/114/109 154/148/109 155/149/111 123/117/111
f  117/127/58 150/159/121 159/153/113 127/121/113
f  136/130/11 121/115/11 122/116/110 137/131/12
f  140/134/27 125/119/27 126/120/112 141/135/112
f  144/138/43 129/123/43 130/124/115 145/139/115
f  141/135/112 126/120/112 132/126/54 147/141/54
f  145/139/115 130/124/115 121/115/11 136/130/11
f  137/131/12 122/116/110 125/119/27 140/134/27
f  133/144/62 118/128/62 129/123/43 144/138/43
f  183/177/123 111/105/101 112/106/102 184/178/124
f  185/179/125 113/107/103 114/108/104 186/180/126
f  187/181/127 115/109/105 116/110/106 188/182/128
f  186/180/126 114/108/104 109/111/107 181/183/129
f  188/182/128 116/110/106 111/105/101 183/177/123
f  184/178/124 112/106/102 113/107/103 185/179/125
f  182/184/130 110/112/60 115/109/105 187/181/127
f  101/97/93 189/185/131 190/186/132 102/98/94
f  103/99/95 191/187/133 192/188/134 104/100/96
f  105/101/97 193/189/135 194/190/136 106/102/98
f  104/100/96 192/188/134 195/191/137 107/103/99
f  106/102/98 194/190/136 189/185/131 101/97/93
f  102/98/94 190/186/132 191/187/133 103/99/95
f  108/104/100 76/192/92 193/189/135 105/101/97
f  78/66/66 183/177/123 184/178/124 79/67/67
f  86/74/73 185/179/125 186/180/126 87/75/74
f  94/82/80 187/181/127 188/182/128 95/83/81
f  87/75/74 186/180/126 181/183/129 66/89/86
f  95/83/81 188/182/128 183/177/123 78/66/66
f  79/67/67 184/178/124 185/179/125 86/74/73
f  69/94/90 182/184/130 187/181/127 94/82/80
f  189/185/131 196/193/138 197/194/139 190/186/132
f  191/187/133 198/195/140 199/196/141 192/188/134
f  193/189/135 200/197/142 201/198/143 194/190/136
f  192/188/134 199/196/141 202/199/144 195/191/137
f  194/190/136 201/198/143 196/193/138 189/185/131
f  190/186/132 197/194/139 198/195/140 191/187/133
f  76/192/92 75/200/91 200/197/142 193/189/135
f  203/201/145 204/202/145 205/203/146 206/204/147
f  207/205/148 208/206/148 209/207/149 210/208/150
f  211/209/151 212/210/151 213/211/152 214/212/153
f  210/208/150 209/207/149 215/213/87 216/214/154
f  214/212/153 213/211/152 204/202/145 203/201/145
f  206/204/147 205/203/146 208/206/148 207/205/148
f  72/215/90 71/216/89 212/210/151 211/209/151
f  82/70/69 220/217/155 221/218/156 83/71/70
f  90/78/76 222/219/157 223/220/158 91/79/77
f  98/86/83 224/221/159 225/222/160 99/87/84
f  91/79/77 223/220/158 217/223/161 68/91/88
f  99/87/84 225/222/160 220/217/155 82/70/69
f  83/71/70 221/218/156 222/219/157 90/78/76
f  73/96/92 219/224/162 224/221/159 98/86/83
f  226/225/163 203/201/145 206/204/147 227/226/164
f  228/227/165 207/205/148 210/208/150 229/228/166
f  230/229/167 211/209/151 214/212/153 231/230/168
f  229/228/166 210/208/150 216/214/154 232/231/169
f  231/230/168 214/212/153 203/201/145 226/225/163
f  227/226/164 206/204/147 207/205/148 228/227/165
f  218/232/170 72/215/90 211/209/151 230/229/167
f  220/217/155 235/233/171 236/234/172 221/218/156
f  222/219/157 237/235/173 238/236/174 223/220/158
f  224/221/159 239/237/175 240/238/176 225/222/160
f  223/220/158 238/236/174 233/239/177 217/223/161
f  225/222/160 240/238/176 235/233/171 220/217/155
f  221/218/156 236/234/172 237/235/173 222/219/157
f  219/224/162 234/240/178 239/237/175 224/221/159
f  11/7/7 226/225/163 227/226/164 12/8/8
f  27/23/23 228/227/165 229/228/166 28/24/24
f  43/39/39 230/229/167 231/230/168 44/40/40
f  28/24/24 229/228/166 232/231/169 56/52/52
f  44/40/40 231/230/168 226/225/163 11/7/7
f  12/8/8 227/226/164 228/227/165 27/23/23
f  62/60/60 218/232/170 230/229/167 43/39/39
f  235/233/171 6/2/2 5/1/1 236/234/172
f  237/235/173 22/18/18 21/17/17 238/236/174
f  239/237/175 38/34/34 37/33/33 240/238/176
f  238/236/174 21/17/17 53/49/49 233/239/177
f  240/238/176 37/33/33 6/2/2 235/233/171
f  236/234/172 5/1/1 22/18/18 237/235/173
f  234/240/178 2/57/57 38/34/34 239/237/175
# object Box094
g Box094
v -0.50125 -0.55597 0.59341
v -0.50125 -0.55597 0.52265
v 0.09875 -0.55597 0.52265
v 0.09875 -0.55597 0.59341
v 0.09875 -0.47820 0.52265
v 0.09875 -0.47820 0.59341
v 0.09875 0.54403 0.59341
v 0.09875 0.54403 0.52265
v -0.50125 0.54403 0.52265
v -0.50125 0.54403 0.59341
v -0.50125 0.46620 0.52265
v -0.50125 0.46620 0.59341
v -0.49798 -0.55271 0.59803
v 0.09549 -0.55271 0.59803
v 0.07202 -0.52924 0.59803
v -0.47451 -0.52924 0.59803
v 0.09549 -0.47820 0.59803
v 0.07135 -0.47820 0.59803
v 0.09549 0.54076 0.59803
v -0.49798 0.54076 0.59803
v -0.47451 0.51729 0.59803
v 0.07202 0.51729 0.59803
v -0.49798 0.46620 0.59803
v -0.47384 0.46620 0.59803
v -0.49798 -0.55271 0.51803
v -0.49798 -0.47820 0.51803
v -0.47384 -0.47820 0.51803
v -0.47451 -0.52924 0.51803
v -0.49798 0.54076 0.51803
v 0.09549 0.54076 0.51803
v 0.07202 0.51729 0.51803
v -0.47451 0.51729 0.51803
v 0.09549 0.46620 0.51803
v 0.07135 0.46620 0.51803
v 0.09549 -0.55271 0.51803
v 0.07202 -0.52924 0.51803
v 0.06506 0.24403 0.59803
v 0.06810 0.24707 0.59803
v 0.06875 0.24865 0.59803
v 0.06875 0.26941 0.59803
v 0.06810 0.27098 0.59803
v 0.06506 0.27403 0.59803
v -0.46755 0.27403 0.59803
v -0.47059 0.27098 0.59803
v -0.47125 0.26941 0.59803
v -0.47125 0.24865 0.59803
v -0.47059 0.24707 0.59803
v -0.46755 0.24403 0.59803
v -0.47125 -0.26059 0.59803
v -0.47125 -0.28135 0.59803
v 0.06875 -0.28135 0.59803
v 0.06875 -0.26059 0.59803
v -0.46755 0.24403 0.51803
v -0.47059 0.24707 0.51803
v -0.47125 0.24865 0.51803
v -0.47125 0.26941 0.51803
v -0.47059 0.27098 0.51803
v -0.46755 0.27403 0.51803
v 0.06506 0.27403 0.51803
v 0.06810 0.27098 0.51803
v 0.06875 0.26941 0.51803
v 0.06875 0.24865 0.51803
v 0.06810 0.24707 0.51803
v 0.06506 0.24403 0.51803
v 0.06875 -0.26059 0.51803
v 0.06875 -0.28135 0.51803
v -0.47125 -0.28135 0.51803
v -0.47125 -0.26059 0.51803
v 0.06875 -0.25597 0.59341
v 0.06875 0.24403 0.59341
v 0.06810 0.24403 0.59498
v -0.47059 0.24403 0.59498
v -0.47125 0.24403 0.59341
v -0.44915 0.24403 0.59803
v -0.42839 0.24403 0.59803
v -0.25508 0.24403 0.58303
v -0.22432 0.24403 0.58303
v -0.47125 -0.25597 0.59341
v -0.22432 -0.25597 0.58303
v -0.25508 -0.25597 0.58303
v -0.42839 -0.25597 0.59803
v -0.44915 -0.25597 0.59803
v -0.47125 -0.25597 0.52265
v -0.47125 0.24403 0.52265
v -0.47059 0.24403 0.52107
v 0.06810 0.24403 0.52107
v 0.06875 0.24403 0.52265
v -0.22432 0.24403 0.56303
v -0.25508 0.24403 0.56303
v -0.42839 0.24403 0.57803
v -0.44915 0.24403 0.57803
v 0.06875 -0.25597 0.52265
v -0.44915 -0.25597 0.57803
v -0.42839 -0.25597 0.57803
v -0.25508 -0.25597 0.56303
v -0.22432 -0.25597 0.56303
v 0.06875 0.51403 0.59341
v -0.47125 0.51403 0.59341
v -0.47125 0.51403 0.52265
v 0.06875 0.51403 0.52265
v -0.47125 0.27403 0.59341
v -0.47059 0.27403 0.59498
v 0.06810 0.27403 0.59498
v 0.06875 0.27403 0.59341
v 0.06875 0.27403 0.52265
v 0.06810 0.27403 0.52107
v -0.47059 0.27403 0.52107
v -0.47125 0.27403 0.52265
v 0.06875 0.46620 0.59341
v 0.06875 0.46620 0.52265
v -0.47125 -0.52597 0.59341
v 0.06875 -0.52597 0.59341
v 0.06875 -0.52597 0.52265
v -0.47125 -0.52597 0.52265
v 0.06875 -0.47820 0.59341
v 0.06875 -0.47820 0.52265
v 0.06875 -0.28597 0.59341
v -0.47125 -0.28597 0.59341
v -0.47125 -0.28597 0.52265
v 0.06875 -0.28597 0.52265
v -0.47125 0.46620 0.52265
v -0.47125 0.46620 0.59341
v -0.47125 -0.47820 0.52265
v -0.47125 -0.47820 0.59341
v -0.45377 0.24403 0.58265
v -0.45377 0.24403 0.59341
v -0.21970 -0.25597 0.56765
v -0.21970 -0.25597 0.57841
v -0.21970 0.24403 0.56765
v -0.21970 0.24403 0.57841
v -0.25970 -0.25597 0.56765
v -0.42377 -0.25597 0.58265
v -0.42377 -0.25597 0.59341
v -0.25970 -0.25597 0.57841
v -0.22432 0.24335 0.56303
v -0.25508 0.24335 0.56303
v -0.21970 0.24335 0.57841
v -0.21970 0.24335 0.56765
v -0.25508 0.24335 0.58303
v -0.22432 0.24335 0.58303
v -0.25970 0.24403 0.57841
v -0.25970 0.24403 0.56765
v -0.25970 0.24335 0.56765
v -0.25970 0.24335 0.57841
v -0.42377 0.24403 0.58265
v -0.42377 0.24403 0.59341
v -0.45377 -0.25597 0.58265
v -0.45377 -0.25597 0.59341
v -0.45377 0.24335 0.58265
v -0.45377 0.24335 0.59341
v -0.42839 0.24335 0.57803
v -0.44915 0.24335 0.57803
v -0.42377 0.24335 0.59341
v -0.42377 0.24335 0.58265
v -0.44915 0.24335 0.59803
v -0.42839 0.24335 0.59803
v 0.06875 0.27337 0.59498
v 0.06875 0.27098 0.59737
v -0.47125 0.27098 0.59737
v -0.47125 0.27337 0.59498
v -0.47125 0.27337 0.52107
v -0.47125 0.27098 0.51868
v 0.06875 0.27098 0.51868
v 0.06875 0.27337 0.52107
v 0.06875 0.24707 0.59737
v 0.06875 0.24468 0.59498
v -0.47125 0.24707 0.59737
v -0.47125 0.24468 0.59498
v -0.47125 0.24707 0.51868
v -0.47125 0.24468 0.52107
v 0.06875 0.24707 0.51868
v 0.06875 0.24468 0.52107
v -0.22275 0.24403 0.58237
v -0.22036 0.24403 0.57998
v -0.25905 0.24403 0.56607
v -0.25666 0.24403 0.56368
v -0.25666 -0.25597 0.56368
v -0.25905 -0.25597 0.56607
v -0.25666 0.24403 0.58237
v -0.25905 0.24403 0.57998
v -0.25666 -0.25597 0.58237
v -0.25905 -0.25597 0.57998
v -0.22036 0.24403 0.56607
v -0.22275 0.24403 0.56368
v -0.45312 0.24403 0.59498
v -0.45073 0.24403 0.59737
v -0.45312 -0.25597 0.58107
v -0.45073 -0.25597 0.57868
v -0.45073 -0.25597 0.59737
v -0.45312 -0.25597 0.59498
v -0.45073 0.24403 0.57868
v -0.45312 0.24403 0.58107
v -0.42681 0.24403 0.59737
v -0.42443 0.24403 0.59498
v -0.42681 -0.25597 0.57868
v -0.42443 -0.25597 0.58107
v -0.42443 -0.25597 0.59498
v -0.42681 -0.25597 0.59737
v -0.42443 0.24403 0.58107
v -0.42681 0.24403 0.57868
v -0.49909 -0.55382 0.59737
v -0.50078 -0.55551 0.59498
v 0.09829 -0.55551 0.59498
v 0.09660 -0.55382 0.59737
v 0.09829 -0.47820 0.59498
v 0.09660 -0.47820 0.59737
v 0.09660 0.54188 0.59737
v 0.09829 0.54357 0.59498
v -0.50078 0.54357 0.59498
v -0.49909 0.54188 0.59737
v -0.50078 0.46620 0.59498
v -0.49909 0.46620 0.59737
v -0.49909 -0.55382 0.51868
v -0.50078 -0.55551 0.52107
v -0.50078 -0.47820 0.52107
v -0.49909 -0.47820 0.51868
v -0.49909 0.54188 0.51868
v -0.50078 0.54357 0.52107
v 0.09829 0.54357 0.52107
v 0.09660 0.54188 0.51868
v 0.09829 0.46620 0.52107
v 0.09660 0.46620 0.51868
v 0.09660 -0.55382 0.51868
v 0.09829 -0.55551 0.52107
v -0.47171 -0.52643 0.59498
v -0.47340 -0.52812 0.59737
v 0.07091 -0.52812 0.59737
v 0.06922 -0.52643 0.59498
v 0.07047 -0.47820 0.59737
v 0.06912 -0.47820 0.59498
v 0.06922 0.51449 0.59498
v 0.07091 0.51618 0.59737
v -0.47340 0.51618 0.59737
v -0.47171 0.51449 0.59498
v -0.47296 0.46620 0.59737
v -0.47162 0.46620 0.59498
v -0.47171 -0.52643 0.52107
v -0.47340 -0.52812 0.51868
v -0.47296 -0.47820 0.51868
v -0.47162 -0.47820 0.52107
v -0.47171 0.51449 0.52107
v -0.47340 0.51618 0.51868
v 0.07091 0.51618 0.51868
v 0.06922 0.51449 0.52107
v 0.07047 0.46620 0.51868
v 0.06912 0.46620 0.52107
v 0.06922 -0.52643 0.52107
v 0.07091 -0.52812 0.51868
v 0.06875 -0.25663 0.59498
v 0.06875 -0.25901 0.59737
v 0.07047 0.46620 0.59737
v 0.06912 0.46620 0.59498
v -0.47125 -0.28532 0.59498
v -0.47125 -0.28293 0.59737
v -0.47296 -0.47820 0.59737
v -0.47162 -0.47820 0.59498
v -0.47125 -0.25663 0.52107
v -0.47125 -0.25901 0.51868
v -0.47296 0.46620 0.51868
v -0.47162 0.46620 0.52107
v 0.06875 -0.28532 0.52107
v 0.06875 -0.28293 0.51868
v 0.07047 -0.47820 0.51868
v 0.06912 -0.47820 0.52107
v -0.47125 -0.25663 0.59498
v -0.47125 -0.25901 0.59737
v 0.06875 -0.25663 0.52107
v 0.06875 -0.25901 0.51868
v 0.06875 -0.28532 0.59498
v 0.06875 -0.28293 0.59737
v -0.47125 -0.28532 0.52107
v -0.47125 -0.28293 0.51868
v -0.22036 -0.25597 0.57998
v -0.22275 -0.25597 0.58237
v -0.22275 -0.25597 0.56368
v -0.22036 -0.25597 0.56607
v -0.25666 0.24335 0.56368
v -0.25905 0.24335 0.56607
v -0.22036 0.24335 0.56607
v -0.22275 0.24335 0.56368
v -0.22275 0.24335 0.58237
v -0.22036 0.24335 0.57998
v -0.25905 0.24335 0.57998
v -0.25666 0.24335 0.58237
v -0.45312 0.24335 0.59498
v -0.45073 0.24335 0.59737
v -0.45073 0.24335 0.57868
v -0.45312 0.24335 0.58107
v -0.42443 0.24335 0.58107
v -0.42681 0.24335 0.57868
v -0.42681 0.24335 0.59737
v -0.42443 0.24335 0.59498
v -0.50125 -0.47820 0.52265
v 0.09875 0.46620 0.52265
v 0.06875 -0.23652 0.59803
v 0.07135 0.46620 0.59803
v -0.47125 0.24335 0.59803
v -0.47384 -0.47820 0.59803
v -0.47384 0.46620 0.51803
v 0.07135 -0.47820 0.51803
v 0.09875 0.00221 0.52265
v 0.09875 0.24335 0.52265
v 0.09875 0.24335 0.59341
v 0.09875 0.00221 0.59341
v -0.50125 0.00221 0.52265
v -0.50125 -0.23652 0.52265
v -0.50125 -0.23652 0.59341
v -0.50125 0.00221 0.59341
v 0.09549 0.00221 0.59803
v 0.09549 0.24335 0.59803
v 0.06875 0.24335 0.59803
v 0.06875 0.00221 0.59803
v -0.49798 0.00221 0.59803
v -0.49798 -0.23652 0.59803
v -0.47125 -0.23652 0.59803
v -0.47125 0.00221 0.59803
v -0.49798 0.00221 0.51803
v -0.49798 0.24335 0.51803
v 0.09549 0.00221 0.51803
v 0.09549 -0.23652 0.51803
v -0.22432 0.00221 0.56303
v -0.22432 -0.23652 0.56303
v -0.25508 -0.23652 0.56303
v -0.25508 0.00221 0.56303
v -0.21970 0.00221 0.57841
v -0.21970 -0.23652 0.57841
v -0.21970 -0.23652 0.56765
v -0.21970 0.00221 0.56765
v -0.25508 0.00221 0.58303
v -0.25508 -0.23652 0.58303
v -0.22432 -0.23652 0.58303
v -0.22432 0.00221 0.58303
v -0.25970 0.00221 0.56765
v -0.25970 -0.23652 0.56765
v -0.25970 -0.23652 0.57841
v -0.25970 0.00221 0.57841
v -0.45377 0.00221 0.58265
v -0.45377 -0.23652 0.58265
v -0.45377 -0.23652 0.59341
v -0.45377 0.00221 0.59341
v -0.42839 0.00221 0.57803
v -0.42839 -0.23652 0.57803
v -0.44915 -0.23652 0.57803
v -0.44915 0.00221 0.57803
v -0.42377 0.00221 0.59341
v -0.42377 -0.23652 0.59341
v -0.42377 -0.23652 0.58265
v -0.42377 0.00221 0.58265
v -0.44915 0.00221 0.59803
v -0.44915 -0.23652 0.59803
v -0.42839 -0.23652 0.59803
v -0.42839 0.00221 0.59803
v 0.09829 0.00221 0.59498
v 0.09829 0.24335 0.59498
v 0.09660 0.24335 0.59737
v 0.09660 0.00221 0.59737
v -0.50078 0.00221 0.59498
v -0.50078 -0.23652 0.59498
v -0.49909 -0.23652 0.59737
v -0.49909 0.00221 0.59737
v -0.50078 0.00221 0.52107
v -0.50078 0.24335 0.52107
v -0.49909 0.24335 0.51868
v -0.49909 0.00221 0.51868
v 0.09829 0.00221 0.52107
v 0.09829 -0.23652 0.52107
v 0.09660 -0.23652 0.51868
v 0.09660 0.00221 0.51868
v -0.25666 0.00221 0.56368
v -0.25666 -0.23652 0.56368
v -0.25905 -0.23652 0.56607
v -0.25905 0.00221 0.56607
v -0.22036 0.00221 0.56607
v -0.22036 -0.23652 0.56607
v -0.22275 -0.23652 0.56368
v -0.22275 0.00221 0.56368
v -0.22275 0.00221 0.58237
v -0.22275 -0.23652 0.58237
v -0.22036 -0.23652 0.57998
v -0.22036 0.00221 0.57998
v -0.25905 0.00221 0.57998
v -0.25905 -0.23652 0.57998
v -0.25666 -0.23652 0.58237
v -0.25666 0.00221 0.58237
v -0.45312 0.00221 0.59498
v -0.45312 -0.23652 0.59498
v -0.45073 -0.23652 0.59737
v -0.45073 0.00221 0.59737
v -0.45073 0.00221 0.57868
v -0.45073 -0.23652 0.57868
v -0.45312 -0.23652 0.58107
v -0.45312 0.00221 0.58107
v -0.42443 0.00221 0.58107
v -0.42443 -0.23652 0.58107
v -0.42681 -0.23652 0.57868
v -0.42681 0.00221 0.57868
v -0.42681 0.00221 0.59737
v -0.42681 -0.23652 0.59737
v -0.42443 -0.23652 0.59498
v -0.42443 0.00221 0.59498
v -0.50125 0.24335 0.52265
v 0.09875 -0.23652 0.52265
v 0.09875 -0.23652 0.59341
v 0.09549 -0.23652 0.59803
v -0.49798 -0.23652 0.51803
v 0.09829 -0.23652 0.59498
v 0.09660 -0.23652 0.59737
v -0.50078 -0.23652 0.52107
v -0.49909 -0.23652 0.51868
v -0.50125 -0.47820 0.59341
v -0.49798 -0.47820 0.59803
v 0.09549 -0.47820 0.51803
v -0.50078 -0.47820 0.59498
v -0.49909 -0.47820 0.59737
v 0.09829 -0.47820 0.52107
v 0.09660 -0.47820 0.51868
v -0.50125 0.24335 0.59341
v -0.49798 0.24335 0.59803
v 0.09549 0.24335 0.51803
v -0.50078 0.24335 0.59498
v -0.49909 0.24335 0.59737
v 0.09829 0.24335 0.52107
v 0.09660 0.24335 0.51868
v 0.09875 0.46620 0.59341
v 0.09549 0.46620 0.59803
v -0.49798 0.46620 0.51803
v 0.09829 0.46620 0.59498
v 0.09660 0.46620 0.59737
v -0.50078 0.46620 0.52107
v -0.49909 0.46620 0.51868
# 430 verticies
vt 0.13280 0.13550
vt 0.86720 0.13550
vt 0.83820 0.15120
vt 0.16180 0.15120
vt 0.86720 0.18520
vt 0.83740 0.18520
vt 0.86720 0.86450
vt 0.13280 0.86450
vt 0.16180 0.84880
vt 0.83820 0.84880
vt 0.13280 0.81480
vt 0.16260 0.81480
vt 0.82960 0.66670
vt 0.83330 0.66870
vt 0.83420 0.66970
vt 0.83420 0.68360
vt 0.83330 0.68460
vt 0.82960 0.68670
vt 0.17040 0.68670
vt 0.16670 0.68460
vt 0.16580 0.68360
vt 0.16580 0.66970
vt 0.16670 0.66870
vt 0.17040 0.66670
vt 0.16580 0.33030
vt 0.16580 0.31640
vt 0.83420 0.31640
vt 0.83420 0.33030
vt 0.15330 0.04200
vt 0.18520 0.04200
vt 0.18520 0.68530
vt 0.15330 0.68530
vt 0.66670 0.45110
vt 0.66670 0.54890
vt 0.66620 0.54890
vt 0.66620 0.45110
vt 0.47140 0.66670
vt 0.43340 0.66670
vt 0.43340 0.66620
vt 0.47140 0.66620
vt 0.33330 0.68530
vt 0.33330 0.58750
vt 0.33380 0.58750
vt 0.33380 0.68530
vt 0.66670 0.58750
vt 0.66670 0.68530
vt 0.66620 0.68530
vt 0.66620 0.58750
vt 0.21890 0.66670
vt 0.19320 0.66670
vt 0.19320 0.66620
vt 0.21890 0.66620
vt 0.83420 0.68620
vt 0.83330 0.68670
vt 0.83420 0.68460
vt 0.16580 0.68460
vt 0.16670 0.68670
vt 0.16580 0.68620
vt 0.83420 0.66870
vt 0.83330 0.66670
vt 0.83420 0.66710
vt 0.16580 0.66870
vt 0.16580 0.66710
vt 0.16670 0.66670
vt 0.13140 0.13480
vt 0.12930 0.13360
vt 0.87070 0.13360
vt 0.86860 0.13480
vt 0.87070 0.18520
vt 0.86860 0.18520
vt 0.86860 0.86520
vt 0.87070 0.86640
vt 0.12930 0.86640
vt 0.13140 0.86520
vt 0.12930 0.81480
vt 0.13140 0.81480
vt 0.16530 0.15300
vt 0.16320 0.15190
vt 0.83680 0.15190
vt 0.83470 0.15300
vt 0.83630 0.18520
vt 0.83460 0.18520
vt 0.83470 0.84700
vt 0.83680 0.84810
vt 0.16320 0.84810
vt 0.16530 0.84700
vt 0.16370 0.81480
vt 0.16540 0.81480
vt 0.83630 0.81480
vt 0.83460 0.81480
vt 0.16580 0.31380
vt 0.16580 0.31540
vt 0.16370 0.18520
vt 0.16540 0.18520
vt 0.16580 0.33290
vt 0.16580 0.33130
vt 0.83420 0.33130
vt 0.83420 0.33290
vt 0.83420 0.31380
vt 0.83420 0.31540
vt 0.57150 0.66670
vt 0.56860 0.66670
vt 0.56860 0.66620
vt 0.57150 0.66620
vt 0.52660 0.66670
vt 0.52370 0.66670
vt 0.52370 0.66620
vt 0.52660 0.66620
vt 0.47630 0.66670
vt 0.47340 0.66670
vt 0.47340 0.66620
vt 0.47630 0.66620
vt 0.43140 0.66670
vt 0.42850 0.66670
vt 0.42850 0.66620
vt 0.43140 0.66620
vt 0.19120 0.66670
vt 0.18830 0.66670
vt 0.18830 0.66620
vt 0.19120 0.66620
vt 0.81170 0.66670
vt 0.80880 0.66670
vt 0.80880 0.66620
vt 0.81170 0.66620
vt 0.77920 0.66670
vt 0.77620 0.66670
vt 0.77620 0.66620
vt 0.77920 0.66620
vt 0.22380 0.66670
vt 0.22080 0.66670
vt 0.22080 0.66620
vt 0.22380 0.66620
vt 0.83420 0.68670
vt 0.16580 0.68670
vt 0.83420 0.66670
vt 0.16580 0.66670
vt 0.16580 0.15330
vt 0.83420 0.15330
vt 0.83420 0.18520
vt 0.83420 0.84670
vt 0.16580 0.84670
vt 0.16580 0.81480
vt 0.31330 0.68530
vt 0.31380 0.69960
vt 0.18520 0.69960
vt 0.68670 0.04200
vt 0.68620 0.02770
vt 0.81480 0.02770
vt 0.81480 0.04200
vt 0.16580 0.33330
vt 0.83420 0.33330
vt 0.83420 0.31330
vt 0.16580 0.31330
vt 0.57230 0.66670
vt 0.57230 0.66620
vt 0.52860 0.66670
vt 0.52860 0.66620
vt 0.47720 0.66670
vt 0.47720 0.66620
vt 0.81250 0.66670
vt 0.81250 0.66620
vt 0.78110 0.66670
vt 0.78110 0.66620
vt 0.22460 0.66670
vt 0.22460 0.66620
vt 0.12870 0.13330
vt 0.87130 0.13330
vt 0.87130 0.18520
vt 0.87130 0.86670
vt 0.12870 0.86670
vt 0.12870 0.81480
vt 0.83740 0.81480
vt 0.16260 0.18520
vt 0.56660 0.66670
vt 0.56660 0.66620
vt 0.52280 0.66670
vt 0.52280 0.66620
vt 0.42770 0.66670
vt 0.42770 0.66620
vt 0.18750 0.66670
vt 0.18750 0.66620
vt 0.80680 0.66670
vt 0.80680 0.66620
vt 0.77540 0.66670
vt 0.77540 0.66620
vt 0.86720 0.50550
vt 0.86720 0.66620
vt 0.83420 0.66620
vt 0.83420 0.50550
vt 0.13280 0.50550
vt 0.13280 0.34630
vt 0.16580 0.34630
vt 0.16580 0.50550
vt 0.50550 0.54890
vt 0.34630 0.54890
vt 0.34630 0.45110
vt 0.50550 0.45110
vt 0.43340 0.50550
vt 0.43340 0.34630
vt 0.47140 0.34630
vt 0.47140 0.50550
vt 0.49450 0.58750
vt 0.65370 0.58750
vt 0.65370 0.68530
vt 0.49450 0.68530
vt 0.50550 0.68530
vt 0.34630 0.68530
vt 0.34630 0.58750
vt 0.50550 0.58750
vt 0.19320 0.50550
vt 0.19320 0.34630
vt 0.21890 0.34630
vt 0.21890 0.50550
vt 0.87070 0.50550
vt 0.87070 0.66620
vt 0.86860 0.66620
vt 0.86860 0.50550
vt 0.12930 0.50550
vt 0.12930 0.34630
vt 0.13140 0.34630
vt 0.13140 0.50550
vt 0.56860 0.50550
vt 0.56860 0.34630
vt 0.57150 0.34630
vt 0.57150 0.50550
vt 0.52370 0.50550
vt 0.52370 0.34630
vt 0.52660 0.34630
vt 0.52660 0.50550
vt 0.47340 0.50550
vt 0.47340 0.34630
vt 0.47630 0.34630
vt 0.47630 0.50550
vt 0.42850 0.50550
vt 0.42850 0.34630
vt 0.43140 0.34630
vt 0.43140 0.50550
vt 0.18830 0.50550
vt 0.18830 0.34630
vt 0.19120 0.34630
vt 0.19120 0.50550
vt 0.80880 0.50550
vt 0.80880 0.34630
vt 0.81170 0.34630
vt 0.81170 0.50550
vt 0.77620 0.50550
vt 0.77620 0.34630
vt 0.77920 0.34630
vt 0.77920 0.50550
vt 0.22080 0.50550
vt 0.22080 0.34630
vt 0.22380 0.34630
vt 0.22380 0.50550
vt 0.57230 0.34630
vt 0.57230 0.50550
vt 0.52860 0.34630
vt 0.52860 0.50550
vt 0.47720 0.34630
vt 0.47720 0.50550
vt 0.81250 0.34630
vt 0.81250 0.50550
vt 0.78110 0.34630
vt 0.78110 0.50550
vt 0.22460 0.34630
vt 0.22460 0.50550
vt 0.87130 0.50550
vt 0.87130 0.66620
vt 0.12870 0.50550
vt 0.12870 0.34630
vt 0.56660 0.50550
vt 0.56660 0.34630
vt 0.52280 0.50550
vt 0.52280 0.34630
vt 0.42770 0.50550
vt 0.42770 0.34630
vt 0.18750 0.50550
vt 0.18750 0.34630
vt 0.80680 0.50550
vt 0.80680 0.34630
vt 0.77540 0.50550
vt 0.77540 0.34630
vt 0.86720 0.34630
vt 0.83420 0.34630
vt 0.31330 0.04200
vt 0.87070 0.34630
vt 0.86860 0.34630
vt 0.81480 0.69960
vt 0.68620 0.69960
vt 0.68670 0.68530
vt 0.81480 0.68530
vt 0.18520 0.02770
vt 0.31380 0.02770
vt 0.16580 0.18520
vt 0.87130 0.34630
vt 0.13280 0.18520
vt 0.12930 0.18520
vt 0.13140 0.18520
vt 0.12870 0.18520
vt 0.33330 0.54890
vt 0.33330 0.45110
vt 0.43340 0.33330
vt 0.47140 0.33330
vt 0.19320 0.33330
vt 0.21890 0.33330
vt 0.56860 0.33330
vt 0.57150 0.33330
vt 0.52370 0.33330
vt 0.52660 0.33330
vt 0.47340 0.33330
vt 0.47630 0.33330
vt 0.42850 0.33330
vt 0.43140 0.33330
vt 0.18830 0.33330
vt 0.19120 0.33330
vt 0.80880 0.33330
vt 0.81170 0.33330
vt 0.77620 0.33330
vt 0.77920 0.33330
vt 0.22080 0.33330
vt 0.22380 0.33330
vt 0.57230 0.33330
vt 0.52860 0.33330
vt 0.47720 0.33330
vt 0.81250 0.33330
vt 0.78110 0.33330
vt 0.22460 0.33330
vt 0.56660 0.33330
vt 0.52280 0.33330
vt 0.42770 0.33330
vt 0.18750 0.33330
vt 0.80680 0.33330
vt 0.77540 0.33330
vt 0.13280 0.66620
vt 0.16580 0.66620
vt 0.12930 0.66620
vt 0.13140 0.66620
vt 0.12870 0.66620
vt 0.86720 0.81480
vt 0.87070 0.81480
vt 0.86860 0.81480
vt 0.87130 0.81480
vt 0.83420 0.81480
# 342 texture verticies
vn -0.20081 -0.20081 0.95883
vn 0.20081 -0.20081 0.95883
vn -0.06950 0.06880 0.99521
vn 0.06950 0.06880 0.99521
vn 0.26190 0.00000 0.96510
vn -0.31370 -0.00410 0.94951
vn 0.20081 0.20081 0.95883
vn -0.20081 0.20081 0.95883
vn 0.06950 -0.06880 0.99521
vn -0.06950 -0.06880 0.99521
vn -0.26190 0.00000 0.96510
vn 0.31379 0.00410 0.94948
vn 0.14291 -0.69985 0.69985
vn 0.37989 -0.28609 0.87968
vn -0.00330 -0.02460 0.99969
vn -0.00330 0.02540 0.99967
vn 0.37989 0.28609 0.87968
vn 0.14291 0.69985 0.69985
vn -0.14291 0.69985 0.69985
vn -0.37989 0.28609 0.87968
vn 0.00330 0.02540 0.99967
vn 0.00330 -0.02460 0.99969
vn -0.37989 -0.28609 0.87968
vn -0.14291 -0.69985 0.69985
vn 0.06330 0.09690 0.99328
vn 0.06330 -0.09770 0.99320
vn -0.06330 -0.09770 0.99320
vn -0.06330 0.09690 0.99328
vn 0.69067 0.69067 -0.21439
vn 0.99339 0.00000 -0.11480
vn 0.99339 0.00000 0.11480
vn 0.69067 0.69067 0.21439
vn 0.64449 -0.75379 -0.12820
vn 0.64449 -0.75379 0.12820
vn 0.98078 0.00000 0.19510
vn 0.98078 0.00000 -0.19510
vn 0.12820 -0.75379 0.64449
vn -0.12820 -0.75379 0.64449
vn -0.19510 0.00000 0.98078
vn 0.19510 0.00000 0.98078
vn -0.64449 -0.75379 0.12820
vn -0.64449 -0.75379 -0.12820
vn -0.98078 0.00000 -0.19510
vn -0.98078 0.00000 0.19510
vn 0.98078 0.00000 0.19510
vn 0.14560 0.66569 0.73189
vn -0.14560 0.66569 0.73189
vn 0.19510 0.00000 0.98078
vn -0.48240 0.69961 0.52710
vn 0.37989 0.87968 0.28609
vn -0.47350 0.52610 0.70641
vn 0.47350 0.52610 0.70641
vn -0.37989 0.87968 0.28609
vn 0.48240 0.69961 0.52710
vn 0.48240 0.69961 -0.52710
vn -0.37989 0.87968 -0.28609
vn -0.14291 0.69985 -0.69985
vn -0.37989 0.28609 -0.87968
vn 0.47350 0.52610 -0.70641
vn -0.47350 0.52610 -0.70641
vn 0.37989 0.28609 -0.87968
vn 0.14291 0.69985 -0.69985
vn 0.37989 0.87968 -0.28609
vn -0.48240 0.69961 -0.52710
vn -0.48362 -0.52662 0.69913
vn 0.37989 -0.87968 0.28609
vn -0.48362 -0.69913 0.52662
vn 0.48362 -0.52662 0.69913
vn 0.48362 -0.69913 0.52662
vn -0.37989 -0.87968 0.28609
vn 0.48362 -0.52662 -0.69913
vn -0.37989 -0.28609 -0.87968
vn -0.14291 -0.69985 -0.69985
vn -0.37989 -0.87968 -0.28609
vn 0.48362 -0.69913 -0.52662
vn 0.37989 -0.28609 -0.87968
vn -0.48362 -0.52662 -0.69913
vn -0.48362 -0.69913 -0.52662
vn 0.37989 -0.87968 -0.28609
vn 0.14291 -0.69985 -0.69985
vn -0.43400 -0.43400 0.78949
vn -0.60501 -0.60501 0.51761
vn 0.60501 -0.60501 0.51761
vn 0.43400 -0.43400 0.78949
vn 0.90035 0.00000 0.43517
vn 0.67621 0.00000 0.73671
vn 0.43400 0.43400 0.78949
vn 0.60501 0.60501 0.51761
vn -0.60501 0.60501 0.51761
vn -0.43400 0.43400 0.78949
vn -0.90039 0.00000 0.43509
vn -0.67621 0.00000 0.73671
vn -0.43400 -0.43400 -0.78949
vn -0.60501 -0.60501 -0.51761
vn -0.90035 0.00000 -0.43517
vn -0.67621 0.00000 -0.73671
vn -0.43400 0.43400 -0.78949
vn -0.60501 0.60501 -0.51761
vn 0.60501 0.60501 -0.51761
vn 0.43400 0.43400 -0.78949
vn 0.90039 0.00000 -0.43509
vn 0.67621 0.00000 -0.73671
vn 0.43400 -0.43400 -0.78949
vn 0.60501 -0.60501 -0.51761
vn 0.56549 0.56409 0.60169
vn 0.34369 0.33899 0.87577
vn -0.34369 0.33899 0.87577
vn -0.56549 0.56409 0.60169
vn -0.75019 -0.00660 0.66119
vn -0.93187 -0.00180 0.36279
vn -0.56549 -0.56409 0.60169
vn -0.34369 -0.33899 0.87577
vn 0.34369 -0.33899 0.87577
vn 0.56549 -0.56409 0.60169
vn 0.75024 0.00660 0.66113
vn 0.93190 0.00180 0.36270
vn 0.56549 0.56409 -0.60169
vn 0.34369 0.33899 -0.87577
vn 0.75019 -0.00660 -0.66119
vn 0.93187 -0.00180 -0.36279
vn 0.56549 -0.56409 -0.60169
vn 0.34369 -0.33899 -0.87577
vn -0.34369 -0.33899 -0.87577
vn -0.56549 -0.56409 -0.60169
vn -0.75024 0.00660 -0.66113
vn -0.93190 0.00180 -0.36270
vn -0.56549 0.56409 -0.60169
vn -0.34369 0.33899 -0.87577
vn -0.75024 0.00660 0.66113
vn -0.93190 0.00180 0.36270
vn 0.75286 -0.54717 0.36578
vn 0.74618 -0.36799 0.55479
vn 0.75019 -0.00660 0.66119
vn 0.93187 -0.00180 0.36279
vn 0.75024 0.00660 -0.66113
vn 0.93190 0.00180 -0.36270
vn -0.75282 -0.54721 -0.36581
vn -0.74623 -0.36801 -0.55472
vn -0.75019 -0.00660 -0.66119
vn -0.93187 -0.00180 -0.36279
vn 0.75378 0.54638 0.36509
vn 0.75378 0.36509 0.54638
vn -0.75378 0.36509 0.54638
vn -0.75378 0.54638 0.36509
vn -0.75378 0.54638 -0.36509
vn -0.75373 0.36512 -0.54642
vn 0.75378 0.36509 -0.54638
vn 0.75373 0.54642 -0.36512
vn -0.75286 -0.54717 0.36578
vn -0.74618 -0.36799 0.55479
vn 0.75291 -0.54710 -0.36580
vn 0.74611 -0.36811 -0.55481
vn -0.54638 -0.75378 -0.36509
vn -0.36509 -0.75378 -0.54638
vn -0.55558 0.00000 -0.83147
vn -0.83147 0.00000 -0.55558
vn 0.36509 -0.75378 -0.54638
vn 0.54638 -0.75378 -0.36509
vn 0.83147 0.00000 -0.55558
vn 0.55558 0.00000 -0.83147
vn 0.54638 -0.75378 0.36509
vn 0.36509 -0.75378 0.54638
vn 0.55558 0.00000 0.83147
vn 0.83147 0.00000 0.55558
vn -0.36509 -0.75378 0.54638
vn -0.54638 -0.75378 0.36509
vn -0.83147 0.00000 0.55558
vn -0.55558 0.00000 0.83147
vn -0.83147 0.00000 0.55558
vn -0.83147 -0.00000 -0.55558
vn 0.55558 0.00000 -0.83147
vn 0.55558 0.00000 0.83147
vn -0.71132 0.70202 0.03460
vn 0.71132 0.70202 -0.03460
vn -0.00330 0.02540 -0.99967
vn 0.00330 -0.02460 -0.99969
vn -0.00330 -0.02460 -0.99969
vn 0.71132 0.70202 0.03460
vn 0.00330 0.02540 -0.99967
vn -0.71132 0.70202 -0.03460
vn -0.71132 -0.70202 0.03460
vn 0.71132 -0.70202 0.03460
vn 0.71132 -0.70202 -0.03460
vn -0.71132 -0.70202 -0.03460
vn -0.20081 -0.20081 -0.95883
vn -0.26190 -0.00000 -0.96510
vn -0.20081 0.20081 -0.95883
vn 0.20081 0.20081 -0.95883
vn 0.26190 0.00000 -0.96510
vn 0.20081 -0.20081 -0.95883
vn -0.69067 0.69067 0.21439
vn -0.99339 0.00000 0.11480
vn -0.69067 -0.69067 0.21439
vn 0.69067 -0.69067 0.21439
vn 0.99339 0.00000 0.11480
vn 0.69067 -0.69067 -0.21439
vn -0.69067 -0.69067 -0.21439
vn -0.99339 0.00000 -0.11480
vn -0.69067 0.69067 -0.21439
vn -0.99339 0.00000 0.11480
vn 0.75379 -0.64449 0.12820
vn -0.75379 -0.64449 -0.12820
vn 0.75379 0.64449 0.12820
vn -0.75379 0.64449 0.12820
vn -0.75379 0.64449 -0.12820
vn 0.75379 0.64449 -0.12820
vn -0.75379 -0.64449 0.12820
vn 0.75379 -0.64449 -0.12820
vn 0.12820 -0.75379 -0.64449
vn 0.19510 0.00000 -0.98078
vn -0.69554 -0.69554 0.18011
vn 0.69554 -0.69554 0.18011
vn 0.98987 0.00000 0.14200
vn 0.69554 0.69554 0.18011
vn -0.69554 0.69554 0.18011
vn -0.98987 0.00000 0.14200
vn -0.69554 -0.69554 -0.18011
vn -0.98987 -0.00000 -0.14200
vn -0.69554 0.69554 -0.18011
vn 0.69554 0.69554 -0.18011
vn 0.98987 0.00000 -0.14200
vn 0.69554 -0.69554 -0.18011
vn 0.06950 0.06880 -0.99521
vn 0.31370 -0.00410 -0.94951
vn 0.06950 -0.06880 -0.99521
vn -0.06950 -0.06880 -0.99521
vn -0.31379 0.00410 -0.94948
vn -0.06950 0.06880 -0.99521
vn -0.31379 0.00410 0.94948
vn 0.31370 -0.00410 0.94951
vn 0.31379 0.00410 -0.94948
vn -0.06330 -0.09770 -0.99320
vn -0.31370 -0.00410 -0.94951
vn -0.06330 0.09690 -0.99328
vn 0.06330 0.09690 -0.99328
vn 0.06330 -0.09770 -0.99320
vn -0.14560 0.66569 -0.73189
vn -0.19510 0.00000 -0.98078
vn -0.98078 0.00000 0.19510
vn -0.12820 -0.75379 -0.64449
vn 0.26181 0.00000 0.96512
vn 0.26190 0.00000 0.96510
vn -0.70711 0.00000 0.70711
vn -0.26190 0.00000 0.96510
vn 0.70711 0.00000 0.70711
vn 0.98078 0.00000 -0.19510
vn -0.19510 0.00000 0.98078
vn -0.98078 -0.00000 -0.19510
vn 0.90039 0.00000 0.43509
vn 0.90035 0.00000 0.43517
vn 0.67621 0.00000 0.73671
vn -0.90039 0.00000 0.43509
vn -0.90035 0.00000 0.43517
vn -0.67621 0.00000 0.73671
vn -0.90039 -0.00000 -0.43509
vn -0.90033 -0.00000 -0.43521
vn -0.67621 -0.00000 -0.73671
vn 0.90039 0.00000 -0.43509
vn 0.90035 0.00000 -0.43517
vn 0.67621 0.00000 -0.73671
vn 0.83147 0.00000 -0.55558
vn 0.83147 0.00000 0.55558
vn -0.26190 0.00000 -0.96510
vn -0.26181 0.00000 -0.96512
vn 0.26190 0.00000 -0.96510
vn 0.19510 0.00000 -0.98078
vn -0.98987 0.00000 -0.14200
vn -0.19510 -0.00000 -0.98078
vn 0.90033 0.00000 -0.43521
vn 0.64449 0.75379 0.12820
vn 0.64449 0.75379 -0.12820
vn -0.12820 0.75379 0.64449
vn 0.12820 0.75379 0.64449
vn -0.64449 0.75379 -0.12820
vn -0.64449 0.75379 0.12820
vn -0.14560 -0.66569 0.73189
vn 0.14560 -0.66569 0.73189
vn -0.36509 0.75378 -0.54638
vn -0.54638 0.75378 -0.36509
vn 0.54638 0.75378 -0.36509
vn 0.36509 0.75378 -0.54638
vn 0.36509 0.75378 0.54638
vn 0.54642 0.75373 0.36512
vn -0.54638 0.75378 0.36509
vn -0.36509 0.75378 0.54638
vn 0.54638 0.75378 0.36509
vn 0.12820 0.75379 -0.64449
vn -0.14560 -0.66569 -0.73189
vn -0.12820 0.75379 -0.64449
# 289 normals
f  253/241/179 254/242/180 255/243/181 256/244/182
f  254/242/180 257/245/183 258/246/184 255/243/181
f  259/247/185 260/248/186 261/249/187 262/250/188
f  260/248/186 263/251/189 264/252/190 261/249/187
f  277/253/191 278/254/192 279/255/193 280/256/194 281/257/195 282/258/196 283/259/197 284/260/198 285/261/199 286/262/200 287/263/201 288/264/202
f  289/265/203 290/266/204 291/267/205 292/268/206
f  354/269/207 363/270/208 364/271/209 351/272/210
f  369/273/211 370/274/212 377/275/213 378/276/214
f  317/277/215 316/278/216 379/279/217 380/280/218
f  366/281/219 365/282/220 389/283/221 390/284/222
f  385/285/211 386/286/212 393/287/223 394/288/214
f  315/289/224 314/290/225 395/291/217 396/292/226
f  397/293/227 343/294/228 282/258/196 281/257/195 398/295/229
f  399/296/230 284/260/198 283/259/197 342/297/231 400/298/232
f  401/293/233 347/294/234 298/258/235 297/257/236 402/295/237
f  403/296/238 300/260/239 299/259/240 346/297/241 404/298/242
f  405/299/243 278/254/192 277/253/191 311/300/244 406/301/245
f  287/263/201 407/302/246 408/303/247 312/304/248 288/264/202
f  409/299/249 294/254/250 293/253/251 325/300/252 410/301/253
f  303/263/254 411/302/255 412/303/256 326/304/257 304/264/258
f  441/305/259 442/306/260 443/307/261 444/308/262
f  444/308/262 443/307/261 445/309/263 446/310/264
f  447/311/265 448/312/266 449/313/267 450/314/268
f  450/314/268 449/313/267 451/315/269 452/316/270
f  453/308/271 454/307/272 455/309/273 456/310/274
f  457/311/275 458/312/276 459/313/277 460/314/278
f  460/314/278 459/313/277 461/315/279 462/316/280
f  463/305/281 464/306/282 454/307/272 453/308/271
f  465/317/283 466/318/284 467/319/285 468/320/286
f  468/320/286 467/319/285 469/321/287 470/322/288
f  471/323/289 472/324/290 473/325/291 474/326/292
f  474/326/292 473/325/291 475/327/293 476/328/294
f  477/320/295 478/319/296 479/321/297 480/322/298
f  481/323/299 482/324/300 483/325/301 484/326/302
f  484/326/302 483/325/301 485/327/303 486/328/304
f  487/317/305 488/318/306 478/319/296 477/320/295
f  397/293/227 398/295/229 491/329/307 492/330/308
f  493/331/309 494/332/310 495/333/311 496/334/312
f  401/293/233 402/295/237 499/329/313 500/330/314
f  501/331/315 502/332/316 503/333/317 504/334/318
f  505/335/319 506/336/320 490/337/321 489/338/322
f  507/335/323 508/336/324 498/337/325 497/338/326
f  509/339/327 510/340/328 494/332/310 493/331/309
f  511/339/329 512/340/330 502/332/316 501/331/315
f  415/341/331 416/342/332 517/343/333 518/344/334
f  424/345/335 423/346/336 519/347/337 520/348/338
f  414/349/339 413/350/340 521/351/341 522/352/342
f  419/353/343 420/354/344 523/355/345 524/356/346
f  426/357/343 425/358/344 525/359/347 526/360/346
f  432/361/331 431/362/332 527/363/333 528/364/348
f  440/365/335 439/366/336 529/367/337 530/368/349
f  434/369/339 433/370/340 531/371/350 532/372/342
f  344/373/351 343/294/228 397/293/227
f  285/261/199 284/260/198 399/296/230
f  348/373/352 347/294/234 401/293/233
f  301/261/353 300/260/239 403/296/238
f  279/255/193 278/254/192 405/299/243
f  286/262/200 407/302/246 287/263/201
f  295/255/354 294/254/250 409/299/249
f  302/262/355 411/302/255 303/263/254
f  398/295/229 281/257/195 280/256/194
f  400/298/232 342/297/231 341/374/356
f  402/295/237 297/257/236 296/256/357
f  345/374/358 404/298/242 346/297/241
f  406/301/245 311/300/244 310/375/359
f  408/303/247 313/376/360 312/304/248
f  410/301/253 325/300/252 324/375/361
f  412/303/256 327/376/362 326/304/257
f  253/241/179 441/305/259 444/308/262 254/242/180
f  254/242/180 444/308/262 446/310/264 257/245/183
f  259/247/185 447/311/265 450/314/268 260/248/186
f  260/248/186 450/314/268 452/316/270 263/251/189
f  265/242/363 453/308/271 456/310/274 266/245/364
f  269/247/365 457/311/275 460/314/278 270/248/366
f  270/248/366 460/314/278 462/316/280 273/251/367
f  275/241/368 463/305/281 453/308/271 265/242/363
f  351/377/210 465/317/283 468/320/286 352/378/369
f  352/378/369 468/320/286 470/322/288 355/379/370
f  337/380/371 471/323/289 474/326/292 338/381/372
f  338/381/372 474/326/292 476/328/294 362/382/373
f  354/378/207 477/320/295 480/322/298 363/379/208
f  339/380/374 481/323/299 484/326/302 340/381/375
f  340/381/375 484/326/302 486/328/304 350/382/376
f  353/377/377 487/317/305 477/320/295 354/378/207
f  344/383/351 397/384/227 492/385/308 349/271/378
f  358/383/379 493/384/309 496/385/312 364/271/209
f  348/386/352 401/387/233 500/388/314 361/389/208
f  360/386/380 501/387/315 504/388/318 356/389/376
f  318/390/381 505/335/319 489/338/322 309/391/382
f  332/390/383 507/335/323 497/338/326 323/391/384
f  357/392/385 509/339/327 493/331/309 358/393/379
f  359/392/386 511/339/329 501/331/315 360/393/380
f  382/394/220 415/341/331 518/344/334 383/395/221
f  328/396/387 424/345/335 520/348/338 375/397/388
f  370/398/212 414/349/339 522/352/342 377/399/213
f  316/278/216 419/353/343 524/356/346 379/279/217
f  314/290/225 426/357/343 526/360/346 395/291/217
f  365/400/220 432/361/331 528/364/348 389/401/221
f  330/402/387 440/365/335 530/368/349 391/403/388
f  386/404/212 434/369/339 532/372/342 393/405/223
f  442/306/260 241/406/389 244/407/390 443/307/261
f  443/307/261 244/407/390 246/408/391 445/309/263
f  448/312/266 247/409/392 250/410/393 449/313/267
f  449/313/267 250/410/393 252/411/394 451/315/269
f  454/307/272 242/407/395 533/408/396 455/309/273
f  458/312/276 249/409/397 248/410/398 459/313/277
f  459/313/277 248/410/398 534/411/399 461/315/279
f  464/306/282 243/406/400 242/407/395 454/307/272
f  466/318/284 256/244/182 255/243/181 467/319/285
f  467/319/285 255/243/181 258/246/184 469/321/287
f  472/324/290 262/250/188 261/249/187 473/325/291
f  473/325/291 261/249/187 264/252/190 475/327/293
f  478/319/296 268/243/401 267/246/402 479/321/297
f  482/324/300 272/250/403 271/249/404 483/325/301
f  483/325/301 271/249/404 274/252/405 485/327/303
f  488/318/306 276/244/406 268/243/401 478/319/296
f  398/295/229 280/256/194 536/412/407 491/329/307
f  494/332/310 290/266/204 538/413/408 495/333/311
f  402/295/237 296/256/357 539/412/409 499/329/313
f  502/332/316 306/266/410 540/413/411 503/333/317
f  506/336/320 289/265/203 292/268/206 490/337/321
f  508/336/324 305/265/412 308/268/413 498/337/325
f  510/340/328 291/267/205 290/266/204 494/332/310
f  512/340/330 307/267/414 306/266/410 502/332/316
f  416/342/332 329/414/415 376/415/416 517/343/333
f  423/346/336 369/416/211 378/417/214 519/347/337
f  413/350/340 317/277/215 380/280/218 521/351/341
f  420/354/344 381/418/219 384/419/417 523/355/345
f  425/358/344 366/420/219 390/421/222 525/359/347
f  431/362/332 331/422/418 392/423/416 527/363/333
f  439/366/336 385/424/211 394/425/214 529/367/337
f  433/370/340 315/289/224 396/292/226 531/371/350
f  549/426/419 550/427/420 551/428/421 552/429/421
f  553/430/189 554/431/422 555/432/423 556/433/423
f  565/434/213 566/435/213 567/436/424 568/437/424
f  569/438/425 570/439/217 571/440/218 572/441/218
f  577/442/426 578/443/221 579/444/417 580/445/417
f  585/446/213 586/447/213 587/448/214 588/449/424
f  589/450/217 590/451/217 591/452/218 592/453/218
f  593/454/427 594/455/428 595/456/429 596/457/264
f  597/458/430 598/459/431 599/460/432 600/461/432
f  601/454/433 602/455/434 603/456/435 604/457/274
f  605/458/436 606/459/437 607/460/438 608/461/438
f  609/462/333 610/463/333 611/464/348 612/465/334
f  613/466/337 614/467/439 615/468/349 616/469/349
f  617/470/350 618/471/350 619/472/342 620/473/440
f  621/474/347 622/475/345 623/476/346 624/477/346
f  625/478/345 626/479/345 627/480/346 628/481/346
f  629/482/333 630/483/333 631/484/334 632/485/334
f  633/486/337 634/487/337 635/488/349 636/489/349
f  637/490/350 638/491/350 639/492/342 640/493/342
f  596/457/264 595/456/429 550/427/420 549/426/419
f  600/461/432 599/460/432 554/431/422 553/430/189
f  604/457/274 603/456/435 558/427/441 557/426/442
f  608/461/438 607/460/438 560/431/443 559/430/367
f  612/465/334 611/464/348 574/494/426 573/495/426
f  616/469/349 615/468/349 562/496/388 561/497/444
f  620/473/440 619/472/342 566/498/213 565/499/213
f  624/477/346 623/476/346 570/439/217 569/438/425
f  628/481/346 627/480/346 590/451/217 589/450/217
f  632/485/334 631/484/334 578/500/221 577/501/426
f  636/489/349 635/488/349 582/502/388 581/503/388
f  640/493/342 639/492/342 586/504/213 585/505/213
f  544/506/391 543/507/391 594/455/428 593/454/427
f  548/508/394 547/509/394 598/459/431 597/458/430
f  545/506/445 641/507/445 602/455/434 601/454/433
f  541/508/399 642/509/399 606/459/437 605/458/436
f  564/510/446 563/511/416 610/463/333 609/462/333
f  568/512/424 567/513/424 614/467/439 613/466/337
f  572/441/218 571/440/218 618/471/350 617/470/350
f  576/514/417 575/515/417 622/475/345 621/474/347
f  580/516/417 579/517/417 626/479/345 625/478/345
f  584/518/416 583/519/416 630/483/333 629/482/333
f  588/520/424 587/521/214 634/487/337 633/486/337
f  592/453/218 591/452/218 638/491/350 637/490/350
f  257/245/183 644/522/420 535/523/421 292/268/206 291/267/205 258/246/184
f  363/270/208 359/524/386 358/383/379 364/271/209
f  445/309/263 646/525/428 647/526/264 446/310/264
f  455/309/273 648/525/434 649/526/274 456/310/274
f  469/321/287 510/340/328 509/339/327 470/322/288
f  479/321/297 512/340/330 511/339/329 480/322/298
f  495/333/311 466/318/284 465/317/283 496/334/312
f  503/333/317 488/318/306 487/317/305 504/334/318
f  446/310/264 647/526/264 644/522/420 257/245/183
f  456/310/274 649/526/274 645/522/441 266/245/364
f  470/527/288 509/528/327 357/529/385 355/530/370
f  480/531/298 511/532/329 359/524/386 363/270/208
f  496/334/312 465/317/283 351/377/210 364/533/209
f  504/334/318 487/317/305 353/377/377 356/533/376
f  246/408/391 643/534/391 646/525/428 445/309/263
f  533/408/396 546/534/445 648/525/434 455/309/273
f  258/246/184 291/267/205 510/340/328 469/321/287
f  267/246/402 307/267/414 512/340/330 479/321/297
f  538/413/408 256/244/182 466/318/284 495/333/311
f  540/413/411 276/244/406 488/318/306 503/333/317
f  651/535/422 253/241/179 256/244/182 538/413/408
f  653/536/431 442/306/260 441/305/259 654/537/270
f  655/536/447 464/306/282 463/305/281 656/537/280
f  654/537/270 441/305/259 253/241/179 651/535/422
f  656/537/280 463/305/281 275/241/368 652/535/443
f  650/538/394 241/406/389 442/306/260 653/536/431
f  245/538/399 243/406/400 464/306/282 655/536/447
f  554/431/422 651/535/422 538/413/408 290/266/204 289/265/203 555/432/423
f  566/435/213 368/539/448 367/540/449 567/436/424
f  570/439/217 320/541/450 319/542/451 571/440/218
f  578/443/221 387/285/452 388/286/453 579/444/417
f  586/447/213 373/281/448 372/282/449 587/448/214
f  590/451/217 322/543/454 321/544/455 591/452/218
f  598/459/431 653/536/431 654/537/270 599/460/432
f  606/459/437 655/536/447 656/537/280 607/460/438
f  610/463/333 417/545/456 418/546/457 611/464/348
f  614/467/439 516/547/458 515/548/459 615/468/349
f  618/471/350 514/549/460 513/550/461 619/472/342
f  622/475/345 422/551/462 421/552/463 623/476/346
f  626/479/345 430/553/462 429/554/463 627/480/346
f  630/483/333 428/555/456 427/556/457 631/484/334
f  634/487/337 436/557/458 435/558/459 635/488/349
f  638/491/350 438/559/460 437/560/464 639/492/342
f  599/460/432 654/537/270 651/535/422 554/431/422
f  607/460/438 656/537/280 652/535/443 560/431/443
f  611/464/348 418/546/457 371/561/452 574/494/426
f  615/468/349 515/548/459 336/562/465 562/496/388
f  619/472/342 513/550/461 368/563/448 566/498/213
f  623/476/346 421/552/463 320/541/450 570/439/217
f  627/480/346 429/554/463 322/543/454 590/451/217
f  631/484/334 427/556/457 387/564/452 578/500/221
f  635/488/349 435/558/459 334/565/465 582/502/388
f  639/492/342 437/560/464 373/566/448 586/504/213
f  547/509/394 650/538/394 653/536/431 598/459/431
f  642/509/399 245/538/399 655/536/447 606/459/437
f  563/511/416 335/567/466 417/545/456 610/463/333
f  567/513/424 367/568/449 516/547/458 614/467/439
f  571/440/218 319/542/451 514/549/460 618/471/350
f  575/515/417 374/569/453 422/551/462 622/475/345
f  579/517/417 388/570/453 430/553/462 626/479/345
f  583/519/416 333/571/467 428/555/456 630/483/333
f  587/521/214 372/572/449 436/557/458 634/487/337
f  591/452/218 321/544/455 438/559/460 638/491/350
f  644/522/420 549/426/419 552/429/421 535/523/421
f  646/525/428 593/454/427 596/457/264 647/526/264
f  648/525/434 601/454/433 604/457/274 649/526/274
f  647/526/264 596/457/264 549/426/419 644/522/420
f  649/526/274 604/457/274 557/426/442 645/522/441
f  643/534/391 544/506/391 593/454/427 646/525/428
f  546/534/445 545/506/445 601/454/433 648/525/434
f  658/573/189 553/430/189 556/433/423 537/574/423
f  377/275/213 565/434/213 568/437/424 378/276/214
f  379/279/217 569/438/425 572/441/218 380/280/218
f  389/283/221 577/442/426 580/445/417 390/284/222
f  393/287/223 585/446/213 588/449/424 394/288/214
f  395/291/217 589/450/217 592/453/218 396/292/226
f  660/575/269 597/458/430 600/461/432 661/576/270
f  662/575/279 605/458/436 608/461/438 663/576/280
f  517/343/333 609/462/333 612/465/334 518/344/334
f  519/347/337 613/466/337 616/469/349 520/348/338
f  521/351/341 617/470/350 620/473/440 522/352/342
f  523/355/345 621/474/347 624/477/346 524/356/346
f  525/359/347 625/478/345 628/481/346 526/360/346
f  527/363/333 629/482/333 632/485/334 528/364/348
f  529/367/337 633/486/337 636/489/349 530/368/349
f  531/371/350 637/490/350 640/493/342 532/372/342
f  661/576/270 600/461/432 553/430/189 658/573/189
f  663/576/280 608/461/438 559/430/367 659/573/367
f  518/344/334 612/465/334 573/495/426 383/395/221
f  520/348/338 616/469/349 561/497/444 375/397/388
f  522/352/342 620/473/440 565/499/213 377/399/213
f  524/356/346 624/477/346 569/438/425 379/279/217
f  526/360/346 628/481/346 589/450/217 395/291/217
f  528/364/348 632/485/334 577/501/426 389/401/221
f  530/368/349 636/489/349 581/503/388 391/403/388
f  532/372/342 640/493/342 585/505/213 393/405/223
f  657/577/394 548/508/394 597/458/430 660/575/269
f  542/577/399 541/508/399 605/458/436 662/575/279
f  376/415/416 564/510/446 609/462/333 517/343/333
f  378/417/214 568/512/424 613/466/337 519/347/337
f  380/280/218 572/441/218 617/470/350 521/351/341
f  384/419/417 576/514/417 621/474/347 523/355/345
f  390/421/222 580/516/417 625/478/345 525/359/347
f  392/423/416 584/518/416 629/482/333 527/363/333
f  394/425/214 588/520/424 633/486/337 529/367/337
f  396/292/226 592/453/218 637/490/350 531/371/350
f  550/427/420 665/578/419 536/412/407 280/256/194 279/255/193 551/428/421
f  594/455/428 667/579/427 668/580/429 595/456/429
f  602/455/434 669/579/433 670/580/435 603/456/435
f  595/456/429 668/580/429 665/578/419 550/427/420
f  603/456/435 670/580/435 666/578/442 558/427/441
f  543/507/391 664/581/391 667/579/427 594/455/428
f  641/507/445 251/581/445 669/579/433 602/455/434
f  263/251/189 658/573/189 537/574/423 286/262/200 285/261/199 264/252/190
f  451/315/269 660/575/269 661/576/270 452/316/270
f  461/315/279 662/575/279 663/576/280 462/316/280
f  475/327/293 399/296/230 400/298/232 476/328/294
f  485/327/303 403/296/238 404/298/242 486/328/304
f  491/329/307 472/324/290 471/323/289 492/330/308
f  499/329/313 482/324/300 481/323/299 500/330/314
f  452/316/270 661/576/270 658/573/189 263/251/189
f  462/316/280 663/576/280 659/573/367 273/251/367
f  476/527/294 400/528/232 341/529/356 362/530/373
f  486/531/304 404/532/242 345/524/358 350/270/376
f  492/330/308 471/323/289 337/380/371 349/582/378
f  500/330/314 481/323/299 339/380/374 361/582/208
f  252/411/394 657/577/394 660/575/269 451/315/269
f  534/411/399 542/577/399 662/575/279 461/315/279
f  264/252/190 285/261/199 399/296/230 475/327/293
f  274/252/405 301/261/353 403/296/238 485/327/303
f  536/412/407 262/250/188 472/324/290 491/329/307
f  539/412/409 272/250/403 482/324/300 499/329/313
f  665/578/419 259/247/185 262/250/188 536/412/407
f  667/579/427 448/312/266 447/311/265 668/580/429
f  669/579/433 458/312/276 457/311/275 670/580/435
f  668/580/429 447/311/265 259/247/185 665/578/419
f  670/580/435 457/311/275 269/247/365 666/578/442
f  664/581/391 247/409/392 448/312/266 667/579/427
f  251/581/445 249/409/397 458/312/276 669/579/433
# object Box096
g Box096
v -0.50125 -0.55597 0.59803
v -0.43125 -0.55597 0.59803
v -0.43125 -0.48597 0.59803
v -0.50125 -0.48597 0.59803
v -0.50125 -0.55597 -0.00197
v -0.50125 -0.48597 -0.00197
v -0.43125 -0.48597 -0.00197
v -0.43125 -0.55597 -0.00197
v -0.49997 -0.56097 0.59803
v -0.49997 -0.56097 0.59448
v -0.43252 -0.56097 0.59448
v -0.43252 -0.56097 0.59803
v -0.42625 -0.55469 0.59803
v -0.42625 -0.55469 0.59448
v -0.42625 -0.48725 0.59448
v -0.42625 -0.48725 0.59803
v -0.43252 -0.48097 0.59803
v -0.43252 -0.48097 0.59448
v -0.49997 -0.48097 0.59448
v -0.49997 -0.48097 0.59803
v -0.50625 -0.48725 0.59803
v -0.50625 -0.48725 0.59448
v -0.50625 -0.55469 0.59448
v -0.50625 -0.55469 0.59803
v -0.50301 -0.55774 0.59803
v -0.50233 -0.55940 0.59803
v -0.43016 -0.55940 0.59803
v -0.42948 -0.55774 0.59803
v -0.42782 -0.55705 0.59803
v -0.42782 -0.48489 0.59803
v -0.42948 -0.48420 0.59803
v -0.43016 -0.48255 0.59803
v -0.50233 -0.48255 0.59803
v -0.50301 -0.48420 0.59803
v -0.50467 -0.48489 0.59803
v -0.50467 -0.55705 0.59803
v -0.50301 -0.55774 -0.00197
v -0.50467 -0.55705 -0.00197
v -0.50625 -0.55469 -0.00197
v -0.50625 -0.48725 -0.00197
v -0.50467 -0.48489 -0.00197
v -0.50301 -0.48420 -0.00197
v -0.50233 -0.48255 -0.00197
v -0.49997 -0.48097 -0.00197
v -0.43252 -0.48097 -0.00197
v -0.43016 -0.48255 -0.00197
v -0.42948 -0.48420 -0.00197
v -0.42782 -0.48489 -0.00197
v -0.42625 -0.48725 -0.00197
v -0.42625 -0.55469 -0.00197
v -0.42782 -0.55705 -0.00197
v -0.42948 -0.55774 -0.00197
v -0.43016 -0.55940 -0.00197
v -0.43252 -0.56097 -0.00197
v -0.49997 -0.56097 -0.00197
v -0.50233 -0.55940 -0.00197
v -0.50125 0.47403 0.59803
v -0.43125 0.47403 0.59803
v -0.43125 0.54403 0.59803
v -0.50125 0.54403 0.59803
v -0.50125 0.47403 -0.00197
v -0.50125 0.54403 -0.00197
v -0.43125 0.54403 -0.00197
v -0.43125 0.47403 -0.00197
v -0.49997 0.46903 0.59803
v -0.49997 0.46903 0.59448
v -0.43252 0.46903 0.59448
v -0.43252 0.46903 0.59803
v -0.42625 0.47531 0.59803
v -0.42625 0.47531 0.59448
v -0.42625 0.54275 0.59448
v -0.42625 0.54275 0.59803
v -0.43252 0.54903 0.59803
v -0.43252 0.54903 0.59448
v -0.49997 0.54903 0.59448
v -0.49997 0.54903 0.59803
v -0.50625 0.54275 0.59803
v -0.50625 0.54275 0.59448
v -0.50625 0.47531 0.59448
v -0.50625 0.47531 0.59803
v -0.50301 0.47226 0.59803
v -0.50233 0.47060 0.59803
v -0.43016 0.47060 0.59803
v -0.42948 0.47226 0.59803
v -0.42782 0.47295 0.59803
v -0.42782 0.54511 0.59803
v -0.42948 0.54580 0.59803
v -0.43016 0.54745 0.59803
v -0.50233 0.54745 0.59803
v -0.50301 0.54580 0.59803
v -0.50467 0.54511 0.59803
v -0.50467 0.47295 0.59803
v -0.50301 0.47226 -0.00197
v -0.50467 0.47295 -0.00197
v -0.50625 0.47531 -0.00197
v -0.50625 0.54275 -0.00197
v -0.50467 0.54511 -0.00197
v -0.50301 0.54580 -0.00197
v -0.50233 0.54745 -0.00197
v -0.49997 0.54903 -0.00197
v -0.43252 0.54903 -0.00197
v -0.43016 0.54745 -0.00197
v -0.42948 0.54580 -0.00197
v -0.42782 0.54511 -0.00197
v -0.42625 0.54275 -0.00197
v -0.42625 0.47531 -0.00197
v -0.42782 0.47295 -0.00197
v -0.42948 0.47226 -0.00197
v -0.43016 0.47060 -0.00197
v -0.43252 0.46903 -0.00197
v -0.49997 0.46903 -0.00197
v -0.50233 0.47060 -0.00197
v 0.02875 0.47403 0.59803
v 0.09875 0.47403 0.59803
v 0.09875 0.54403 0.59803
v 0.02875 0.54403 0.59803
v 0.02875 0.47403 -0.00197
v 0.02875 0.54403 -0.00197
v 0.09875 0.54403 -0.00197
v 0.09875 0.47403 -0.00197
v 0.03003 0.46903 0.59803
v 0.03003 0.46903 0.59448
v 0.09748 0.46903 0.59448
v 0.09748 0.46903 0.59803
v 0.10375 0.47531 0.59803
v 0.10375 0.47531 0.59448
v 0.10375 0.54275 0.59448
v 0.10375 0.54275 0.59803
v 0.09748 0.54903 0.59803
v 0.09748 0.54903 0.59448
v 0.03003 0.54903 0.59448
v 0.03003 0.54903 0.59803
v 0.02375 0.54275 0.59803
v 0.02375 0.54275 0.59448
v 0.02375 0.47531 0.59448
v 0.02375 0.47531 0.59803
v 0.02699 0.47226 0.59803
v 0.02767 0.47060 0.59803
v 0.09984 0.47060 0.59803
v 0.10052 0.47226 0.59803
v 0.10218 0.47295 0.59803
v 0.10218 0.54511 0.59803
v 0.10052 0.54580 0.59803
v 0.09984 0.54745 0.59803
v 0.02767 0.54745 0.59803
v 0.02699 0.54580 0.59803
v 0.02533 0.54511 0.59803
v 0.02533 0.47295 0.59803
v 0.02699 0.47226 -0.00197
v 0.02533 0.47295 -0.00197
v 0.02375 0.47531 -0.00197
v 0.02375 0.54275 -0.00197
v 0.02533 0.54511 -0.00197
v 0.02699 0.54580 -0.00197
v 0.02767 0.54745 -0.00197
v 0.03003 0.54903 -0.00197
v 0.09748 0.54903 -0.00197
v 0.09984 0.54745 -0.00197
v 0.10052 0.54580 -0.00197
v 0.10218 0.54511 -0.00197
v 0.10375 0.54275 -0.00197
v 0.10375 0.47531 -0.00197
v 0.10218 0.47295 -0.00197
v 0.10052 0.47226 -0.00197
v 0.09984 0.47060 -0.00197
v 0.09748 0.46903 -0.00197
v 0.03003 0.46903 -0.00197
v 0.02767 0.47060 -0.00197
v 0.02875 -0.55597 0.59803
v 0.09875 -0.55597 0.59803
v 0.09875 -0.48597 0.59803
v 0.02875 -0.48597 0.59803
v 0.02875 -0.55597 -0.00197
v 0.02875 -0.48597 -0.00197
v 0.09875 -0.48597 -0.00197
v 0.09875 -0.55597 -0.00197
v 0.03003 -0.56097 0.59803
v 0.03003 -0.56097 0.59448
v 0.09748 -0.56097 0.59448
v 0.09748 -0.56097 0.59803
v 0.10375 -0.55469 0.59803
v 0.10375 -0.55469 0.59448
v 0.10375 -0.48725 0.59448
v 0.10375 -0.48725 0.59803
v 0.09748 -0.48097 0.59803
v 0.09748 -0.48097 0.59448
v 0.03003 -0.48097 0.59448
v 0.03003 -0.48097 0.59803
v 0.02375 -0.48725 0.59803
v 0.02375 -0.48725 0.59448
v 0.02375 -0.55469 0.59448
v 0.02375 -0.55469 0.59803
v 0.02699 -0.55774 0.59803
v 0.02767 -0.55940 0.59803
v 0.09984 -0.55940 0.59803
v 0.10052 -0.55774 0.59803
v 0.10218 -0.55705 0.59803
v 0.10218 -0.48489 0.59803
v 0.10052 -0.48420 0.59803
v 0.09984 -0.48255 0.59803
v 0.02767 -0.48255 0.59803
v 0.02699 -0.48420 0.59803
v 0.02533 -0.48489 0.59803
v 0.02533 -0.55705 0.59803
v 0.02699 -0.55774 -0.00197
v 0.02533 -0.55705 -0.00197
v 0.02375 -0.55469 -0.00197
v 0.02375 -0.48725 -0.00197
v 0.02533 -0.48489 -0.00197
v 0.02699 -0.48420 -0.00197
v 0.02767 -0.48255 -0.00197
v 0.03003 -0.48097 -0.00197
v 0.09748 -0.48097 -0.00197
v 0.09984 -0.48255 -0.00197
v 0.10052 -0.48420 -0.00197
v 0.10218 -0.48489 -0.00197
v 0.10375 -0.48725 -0.00197
v 0.10375 -0.55469 -0.00197
v 0.10218 -0.55705 -0.00197
v 0.10052 -0.55774 -0.00197
v 0.09984 -0.55940 -0.00197
v 0.09748 -0.56097 -0.00197
v 0.03003 -0.56097 -0.00197
v 0.02767 -0.55940 -0.00197
v -0.50288 -0.55977 0.59803
v -0.50504 -0.55761 0.59803
v -0.42961 -0.55977 0.59803
v -0.42745 -0.55761 0.59803
v -0.50504 -0.48434 0.59803
v -0.50288 -0.48218 0.59803
v -0.42745 -0.48434 0.59803
v -0.42961 -0.48218 0.59803
v -0.50504 -0.55761 -0.00197
v -0.50288 -0.55977 -0.00197
v -0.42961 -0.55977 -0.00197
v -0.42745 -0.55761 -0.00197
v -0.50288 -0.48218 -0.00197
v -0.50504 -0.48434 -0.00197
v -0.42745 -0.48434 -0.00197
v -0.42961 -0.48218 -0.00197
v -0.50288 0.47023 0.59803
v -0.50504 0.47239 0.59803
v -0.42961 0.47023 0.59803
v -0.42745 0.47239 0.59803
v -0.50504 0.54566 0.59803
v -0.50288 0.54782 0.59803
v -0.42745 0.54566 0.59803
v -0.42961 0.54782 0.59803
v -0.50504 0.47239 -0.00197
v -0.50288 0.47023 -0.00197
v -0.42961 0.47023 -0.00197
v -0.42745 0.47239 -0.00197
v -0.50288 0.54782 -0.00197
v -0.50504 0.54566 -0.00197
v -0.42745 0.54566 -0.00197
v -0.42961 0.54782 -0.00197
v 0.02712 0.47023 0.59803
v 0.02496 0.47239 0.59803
v 0.10039 0.47023 0.59803
v 0.10255 0.47239 0.59803
v 0.02496 0.54566 0.59803
v 0.02712 0.54782 0.59803
v 0.10255 0.54566 0.59803
v 0.10039 0.54782 0.59803
v 0.02496 0.47239 -0.00197
v 0.02712 0.47023 -0.00197
v 0.10039 0.47023 -0.00197
v 0.10255 0.47239 -0.00197
v 0.02712 0.54782 -0.00197
v 0.02496 0.54566 -0.00197
v 0.10255 0.54566 -0.00197
v 0.10039 0.54782 -0.00197
v 0.02712 -0.55977 0.59803
v 0.02496 -0.55761 0.59803
v 0.10039 -0.55977 0.59803
v 0.10255 -0.55761 0.59803
v 0.02496 -0.48434 0.59803
v 0.02712 -0.48218 0.59803
v 0.10255 -0.48434 0.59803
v 0.10039 -0.48218 0.59803
v 0.02496 -0.55761 -0.00197
v 0.02712 -0.55977 -0.00197
v 0.10039 -0.55977 -0.00197
v 0.10255 -0.55761 -0.00197
v 0.02712 -0.48218 -0.00197
v 0.02496 -0.48434 -0.00197
v 0.10255 -0.48434 -0.00197
v 0.10039 -0.48218 -0.00197
v -0.50504 -0.55761 0.59448
v -0.50288 -0.55977 0.59448
v -0.42745 -0.55761 0.00132
v -0.42961 -0.55977 0.00132
v -0.42961 -0.48218 0.00132
v -0.42745 -0.48434 0.00132
v -0.50504 -0.48434 0.00132
v -0.50288 -0.48218 0.00132
v -0.50504 0.47239 0.59448
v -0.50288 0.47023 0.59448
v -0.42745 0.47239 0.00132
v -0.42961 0.47023 0.00132
v -0.42961 0.54782 0.00132
v -0.42745 0.54566 0.00132
v -0.50504 0.54566 0.00132
v -0.50288 0.54782 0.00132
v 0.02496 0.47239 0.59448
v 0.02712 0.47023 0.59448
v 0.10255 0.47239 0.00132
v 0.10039 0.47023 0.00132
v 0.10039 0.54782 0.00132
v 0.10255 0.54566 0.00132
v 0.02496 0.54566 0.00132
v 0.02712 0.54782 0.00132
v 0.02496 -0.55761 0.59448
v 0.02712 -0.55977 0.59448
v 0.10255 -0.55761 0.00132
v 0.10039 -0.55977 0.00132
v 0.10039 -0.48218 0.00132
v 0.10255 -0.48434 0.00132
v 0.02496 -0.48434 0.00132
v 0.02712 -0.48218 0.00132
v -0.43252 -0.56097 0.00132
v -0.42625 -0.48725 0.00132
v -0.49997 -0.48097 0.00132
v -0.43252 0.46903 0.00132
v -0.42625 0.54275 0.00132
v -0.49997 0.54903 0.00132
v 0.09748 0.46903 0.00132
v 0.10375 0.54275 0.00132
v 0.03003 0.54903 0.00132
v 0.09748 -0.56097 0.00132
v 0.10375 -0.48725 0.00132
v 0.03003 -0.48097 0.00132
v -0.42625 -0.55469 0.00132
v -0.43252 -0.48097 0.00132
v -0.50625 -0.48725 0.00132
v -0.42625 0.47531 0.00132
v -0.43252 0.54903 0.00132
v -0.50625 0.54275 0.00132
v 0.10375 0.47531 0.00132
v 0.09748 0.54903 0.00132
v 0.02375 0.54275 0.00132
v 0.10375 -0.55469 0.00132
v 0.09748 -0.48097 0.00132
v 0.02375 -0.48725 0.00132
v -0.49997 -0.56097 0.46894
v -0.43252 -0.56097 0.46894
v -0.42625 -0.55469 0.46894
v -0.42625 -0.48725 0.46894
v -0.43252 -0.48097 0.46894
v -0.49997 -0.48097 0.46894
v -0.50625 -0.48725 0.46894
v -0.50625 -0.55469 0.46894
v -0.49997 0.46903 0.46894
v -0.43252 0.46903 0.46894
v -0.42625 0.47531 0.46894
v -0.42625 0.54275 0.46894
v -0.43252 0.54903 0.46894
v -0.49997 0.54903 0.46894
v -0.50625 0.54275 0.46894
v -0.50625 0.47531 0.46894
v 0.03003 0.46903 0.46894
v 0.09748 0.46903 0.46894
v 0.10375 0.47531 0.46894
v 0.10375 0.54275 0.46894
v 0.09748 0.54903 0.46894
v 0.03003 0.54903 0.46894
v 0.02375 0.54275 0.46894
v 0.02375 0.47531 0.46894
v 0.03003 -0.56097 0.46894
v 0.09748 -0.56097 0.46894
v 0.10375 -0.55469 0.46894
v 0.10375 -0.48725 0.46894
v 0.09748 -0.48097 0.46894
v 0.03003 -0.48097 0.46894
v 0.02375 -0.48725 0.46894
v 0.02375 -0.55469 0.46894
v -0.50504 -0.55761 0.46894
v -0.50288 -0.55977 0.46894
v -0.42745 -0.55761 0.59448
v -0.42961 -0.55977 0.59448
v -0.42961 -0.48218 0.59448
v -0.42745 -0.48434 0.59448
v -0.50504 -0.48434 0.59448
v -0.50288 -0.48218 0.59448
v -0.50504 0.47239 0.46894
v -0.50288 0.47023 0.46894
v -0.42745 0.47239 0.59448
v -0.42961 0.47023 0.59448
v -0.42961 0.54782 0.59448
v -0.42745 0.54566 0.59448
v -0.50504 0.54566 0.59448
v -0.50288 0.54782 0.59448
v 0.02496 0.47239 0.46894
v 0.02712 0.47023 0.46894
v 0.10255 0.47239 0.59448
v 0.10039 0.47023 0.59448
v 0.10039 0.54782 0.59448
v 0.10255 0.54566 0.59448
v 0.02496 0.54566 0.59448
v 0.02712 0.54782 0.59448
v 0.02496 -0.55761 0.46894
v 0.02712 -0.55977 0.46894
v 0.10255 -0.55761 0.59448
v 0.10039 -0.55977 0.59448
v 0.10039 -0.48218 0.59448
v 0.10255 -0.48434 0.59448
v 0.02496 -0.48434 0.59448
v 0.02712 -0.48218 0.59448
v -0.42745 -0.55761 0.46894
v -0.42961 -0.55977 0.46894
v -0.42961 -0.48218 0.46894
v -0.42745 -0.48434 0.46894
v -0.50504 -0.48434 0.46894
v -0.50288 -0.48218 0.46894
v -0.42745 0.47239 0.46894
v -0.42961 0.47023 0.46894
v -0.42961 0.54782 0.46894
v -0.42745 0.54566 0.46894
v -0.50504 0.54566 0.46894
v -0.50288 0.54782 0.46894
v 0.10255 0.47239 0.46894
v 0.10039 0.47023 0.46894
v 0.10039 0.54782 0.46894
v 0.10255 0.54566 0.46894
v 0.02496 0.54566 0.46894
v 0.02712 0.54782 0.46894
v 0.10255 -0.55761 0.46894
v 0.10039 -0.55977 0.46894
v 0.10039 -0.48218 0.46894
v 0.10255 -0.48434 0.46894
v 0.02496 -0.48434 0.46894
v 0.02712 -0.48218 0.46894
v -0.49997 -0.56097 0.28360
v -0.43252 -0.56097 0.28360
v -0.42625 -0.55469 0.28360
v -0.42625 -0.48725 0.28360
v -0.43252 -0.48097 0.28360
v -0.49997 -0.48097 0.28360
v -0.50625 -0.48725 0.28360
v -0.50625 -0.55469 0.28360
v -0.49997 0.46903 0.28360
v -0.43252 0.46903 0.28360
v -0.42625 0.47531 0.28360
v -0.42625 0.54275 0.28360
v -0.43252 0.54903 0.28360
v -0.49997 0.54903 0.28360
v -0.50625 0.54275 0.28360
v -0.50625 0.47531 0.28360
v 0.03003 0.46903 0.28360
v 0.09748 0.46903 0.28360
v 0.10375 0.47531 0.28360
v 0.10375 0.54275 0.28360
v 0.09748 0.54903 0.28360
v 0.03003 0.54903 0.28360
v 0.02375 0.54275 0.28360
v 0.02375 0.47531 0.28360
v 0.03003 -0.56097 0.28360
v 0.09748 -0.56097 0.28360
v 0.10375 -0.55469 0.28360
v 0.10375 -0.48725 0.28360
v 0.09748 -0.48097 0.28360
v 0.03003 -0.48097 0.28360
v 0.02375 -0.48725 0.28360
v 0.02375 -0.55469 0.28360
v -0.50504 -0.55761 0.28360
v -0.50288 -0.55977 0.28360
v -0.50504 0.47239 0.28360
v -0.50288 0.47023 0.28360
v 0.02496 0.47239 0.28360
v 0.02712 0.47023 0.28360
v 0.02496 -0.55761 0.28360
v 0.02712 -0.55977 0.28360
v -0.42745 -0.55761 0.28360
v -0.42961 -0.55977 0.28360
v -0.42961 -0.48218 0.28360
v -0.42745 -0.48434 0.28360
v -0.50504 -0.48434 0.28360
v -0.50288 -0.48218 0.28360
v -0.42745 0.47239 0.28360
v -0.42961 0.47023 0.28360
v -0.42961 0.54782 0.28360
v -0.42745 0.54566 0.28360
v -0.50504 0.54566 0.28360
v -0.50288 0.54782 0.28360
v 0.10255 0.47239 0.28360
v 0.10039 0.47023 0.28360
v 0.10039 0.54782 0.28360
v 0.10255 0.54566 0.28360
v 0.02496 0.54566 0.28360
v 0.02712 0.54782 0.28360
v 0.10255 -0.55761 0.28360
v 0.10039 -0.55977 0.28360
v 0.10039 -0.48218 0.28360
v 0.10255 -0.48434 0.28360
v 0.02496 -0.48434 0.28360
v 0.02712 -0.48218 0.28360
v -0.49997 -0.56097 0.13800
v -0.43252 -0.56097 0.13800
v -0.42625 -0.55469 0.13800
v -0.42625 -0.48725 0.13800
v -0.43252 -0.48097 0.13800
v -0.49997 -0.48097 0.13800
v -0.50625 -0.48725 0.13800
v -0.50625 -0.55469 0.13800
v -0.49997 0.46903 0.13800
v -0.43252 0.46903 0.13800
v -0.42625 0.47531 0.13800
v -0.42625 0.54275 0.13800
v -0.43252 0.54903 0.13800
v -0.49997 0.54903 0.13800
v -0.50625 0.54275 0.13800
v -0.50625 0.47531 0.13800
v 0.03003 0.46903 0.13800
v 0.09748 0.46903 0.13800
v 0.10375 0.47531 0.13800
v 0.10375 0.54275 0.13800
v 0.09748 0.54903 0.13800
v 0.03003 0.54903 0.13800
v 0.02375 0.54275 0.13800
v 0.02375 0.47531 0.13800
v 0.03003 -0.56097 0.13800
v 0.09748 -0.56097 0.13800
v 0.10375 -0.55469 0.13800
v 0.10375 -0.48725 0.13800
v 0.09748 -0.48097 0.13800
v 0.03003 -0.48097 0.13800
v 0.02375 -0.48725 0.13800
v 0.02375 -0.55469 0.13800
v -0.50504 -0.55761 0.13800
v -0.50288 -0.55977 0.13800
v -0.50504 0.47239 0.13800
v -0.50288 0.47023 0.13800
v 0.02496 0.47239 0.13800
v 0.02712 0.47023 0.13800
v 0.02496 -0.55761 0.13800
v 0.02712 -0.55977 0.13800
v -0.42745 -0.55761 0.13800
v -0.42961 -0.55977 0.13800
v -0.42961 -0.48218 0.13800
v -0.42745 -0.48434 0.13800
v -0.50504 -0.48434 0.13800
v -0.50288 -0.48218 0.13800
v -0.42745 0.47239 0.13800
v -0.42961 0.47023 0.13800
v -0.42961 0.54782 0.13800
v -0.42745 0.54566 0.13800
v -0.50504 0.54566 0.13800
v -0.50288 0.54782 0.13800
v 0.10255 0.47239 0.13800
v 0.10039 0.47023 0.13800
v 0.10039 0.54782 0.13800
v 0.10255 0.54566 0.13800
v 0.02496 0.54566 0.13800
v 0.02712 0.54782 0.13800
v 0.10255 -0.55761 0.13800
v 0.10039 -0.55977 0.13800
v 0.10039 -0.48218 0.13800
v 0.10255 -0.48434 0.13800
v 0.02496 -0.48434 0.13800
v 0.02712 -0.48218 0.13800
v -0.49997 -0.56097 0.00132
v -0.50625 -0.55469 0.00132
v -0.49997 0.46903 0.00132
v -0.50625 0.47531 0.00132
v 0.03003 0.46903 0.00132
v 0.02375 0.47531 0.00132
v 0.03003 -0.56097 0.00132
v 0.02375 -0.55469 0.00132
v -0.50504 -0.55761 0.00132
v -0.50288 -0.55977 0.00132
v -0.50504 0.47239 0.00132
v -0.50288 0.47023 0.00132
v 0.02496 0.47239 0.00132
v 0.02712 0.47023 0.00132
v 0.02496 -0.55761 0.00132
v 0.02712 -0.55977 0.00132
# 576 verticies
vt 0.99180 1.41670
vt 0.87700 1.41670
vt 0.87700 1.30000
vt 0.99180 1.30000
vt 0.00820 1.41670
vt 0.00820 1.30000
vt 0.12300 1.30000
vt 0.12300 1.41670
vt 0.77030 1.41450
vt 0.76710 1.41450
vt 0.76710 1.30210
vt 0.77030 1.30210
vt 0.99470 1.41960
vt 0.99360 1.42240
vt 0.98970 1.42500
vt 0.87910 1.42500
vt 0.87530 1.42240
vt 0.87420 1.41960
vt 0.87140 1.41850
vt 0.86890 1.41450
vt 0.86890 1.30210
vt 0.87140 1.29820
vt 0.87420 1.29710
vt 0.87530 1.29430
vt 0.87910 1.29170
vt 0.98970 1.29170
vt 0.99360 1.29430
vt 0.99470 1.29710
vt 0.99740 1.29820
vt 1.00000 1.30210
vt 1.00000 1.41450
vt 0.99740 1.41850
vt 0.00530 1.41960
vt 0.00260 1.41850
vt 0.00000 1.41450
vt 0.00000 1.30210
vt 0.00260 1.29820
vt 0.00530 1.29710
vt 0.00640 1.29430
vt 0.01030 1.29170
vt 0.12090 1.29170
vt 0.12470 1.29430
vt 0.12580 1.29710
vt 0.12860 1.29820
vt 0.13110 1.30210
vt 0.13110 1.41450
vt 0.12860 1.41850
vt 0.12580 1.41960
vt 0.12470 1.42240
vt 0.12090 1.42500
vt 0.01030 1.42500
vt 0.00640 1.42240
vt 0.99180 -0.30000
vt 0.87700 -0.30000
vt 0.87700 -0.41670
vt 0.99180 -0.41670
vt 0.00820 -0.30000
vt 0.00820 -0.41670
vt 0.12300 -0.41670
vt 0.12300 -0.30000
vt 0.99470 -0.29710
vt 0.99360 -0.29430
vt 0.98970 -0.29170
vt 0.87910 -0.29170
vt 0.87530 -0.29430
vt 0.87420 -0.29710
vt 0.87140 -0.29820
vt 0.86890 -0.30210
vt 0.86890 -0.41450
vt 0.87140 -0.41850
vt 0.87420 -0.41960
vt 0.87530 -0.42240
vt 0.87910 -0.42500
vt 0.98970 -0.42500
vt 0.99360 -0.42240
vt 0.99470 -0.41960
vt 0.99740 -0.41850
vt 1.00000 -0.41450
vt 1.00000 -0.30210
vt 0.99740 -0.29820
vt 0.00530 -0.29710
vt 0.00260 -0.29820
vt 0.00000 -0.30210
vt 0.00000 -0.41450
vt 0.00260 -0.41850
vt 0.00530 -0.41960
vt 0.00640 -0.42240
vt 0.01030 -0.42500
vt 0.12090 -0.42500
vt 0.12470 -0.42240
vt 0.12580 -0.41960
vt 0.12860 -0.41850
vt 0.13110 -0.41450
vt 0.13110 -0.30210
vt 0.12860 -0.29820
vt 0.12580 -0.29710
vt 0.12470 -0.29430
vt 0.12090 -0.29170
vt 0.01030 -0.29170
vt 0.00640 -0.29430
vt 0.99450 1.42300
vt 0.99800 1.41940
vt 0.87440 1.42300
vt 0.87080 1.41940
vt 0.99800 1.29730
vt 0.99450 1.29370
vt 0.87080 1.29730
vt 0.87440 1.29370
vt 0.00200 1.41940
vt 0.00550 1.42300
vt 0.12560 1.42300
vt 0.12920 1.41940
vt 0.00550 1.29370
vt 0.00200 1.29730
vt 0.12920 1.29730
vt 0.12560 1.29370
vt 0.99450 -0.29370
vt 0.99800 -0.29730
vt 0.87440 -0.29370
vt 0.87080 -0.29730
vt 0.99800 -0.41940
vt 0.99450 -0.42300
vt 0.87080 -0.41940
vt 0.87440 -0.42300
vt 0.00200 -0.29730
vt 0.00550 -0.29370
vt 0.12560 -0.29370
vt 0.12920 -0.29730
vt 0.00550 -0.42300
vt 0.00200 -0.41940
vt 0.12920 -0.41940
vt 0.12560 -0.42300
vt 0.00550 0.77030
vt 0.00200 0.77030
vt 0.00200 0.76710
vt 0.00550 0.76710
vt 0.12560 0.22970
vt 0.12920 0.22970
vt 0.12920 0.23270
vt 0.12560 0.23270
vt 0.87080 0.22970
vt 0.87440 0.22970
vt 0.87440 0.23270
vt 0.87080 0.23270
vt 0.99450 0.22970
vt 0.99800 0.22970
vt 0.99800 0.23270
vt 0.99450 0.23270
vt 0.87440 0.77030
vt 0.87080 0.77030
vt 0.87080 0.76710
vt 0.87440 0.76710
vt 0.00200 0.22970
vt 0.00550 0.22970
vt 0.00550 0.23270
vt 0.00200 0.23270
vt 0.01030 0.77030
vt 0.01030 0.76710
vt 0.12090 0.22970
vt 0.12090 0.23270
vt 0.22970 1.30210
vt 0.22970 1.29730
vt 0.23270 1.29730
vt 0.23270 1.30210
vt 0.98970 0.22970
vt 0.98970 0.23270
vt 0.22970 -0.41450
vt 0.22970 -0.41940
vt 0.23270 -0.41940
vt 0.23270 -0.41450
vt 0.87910 0.77030
vt 0.87910 0.76710
vt 0.22970 1.41940
vt 0.22970 1.41450
vt 0.23290 1.41450
vt 0.23290 1.41940
vt 0.23270 1.41450
vt 0.23270 1.41940
vt 0.87910 0.22970
vt 0.87910 0.23270
vt 0.77030 1.29730
vt 0.76730 1.30210
vt 0.76730 1.29730
vt 0.22970 -0.29730
vt 0.22970 -0.30210
vt 0.23290 -0.30210
vt 0.23290 -0.29730
vt 0.23270 -0.30210
vt 0.23270 -0.29730
vt 0.77030 -0.41940
vt 0.77030 -0.41450
vt 0.76730 -0.41450
vt 0.76730 -0.41940
vt 0.01030 0.22970
vt 0.01030 0.23270
vt 0.65400 1.41450
vt 0.65400 1.30210
vt 0.00200 0.65400
vt 0.00550 0.65400
vt 0.12920 0.76710
vt 0.12920 0.77030
vt 0.12560 0.77030
vt 0.12560 0.76710
vt 0.99800 0.76710
vt 0.99800 0.77030
vt 0.99450 0.77030
vt 0.99450 0.76710
vt 0.87080 0.65400
vt 0.87440 0.65400
vt 0.01030 0.65400
vt 0.12090 0.77030
vt 0.12090 0.76710
vt 0.76710 1.29730
vt 0.98970 0.77030
vt 0.98970 0.76710
vt 0.76710 -0.41940
vt 0.76710 -0.41450
vt 0.87910 0.65400
vt 0.34600 1.41450
vt 0.34600 1.41940
vt 0.77030 1.41940
vt 0.76710 1.41940
vt 0.23290 1.30210
vt 0.23290 1.29730
vt 0.34600 -0.30210
vt 0.34600 -0.29730
vt 0.76710 -0.30210
vt 0.77030 -0.30210
vt 0.77030 -0.29730
vt 0.76710 -0.29730
vt 0.23290 -0.41450
vt 0.23290 -0.41940
vt 0.12920 0.65400
vt 0.12560 0.65400
vt 0.99800 0.65400
vt 0.99450 0.65400
vt 0.12090 0.65400
vt 0.65400 1.29730
vt 0.98970 0.65400
vt 0.65400 -0.41940
vt 0.65400 -0.41450
vt 0.65400 1.41940
vt 0.34600 1.30210
vt 0.34600 1.29730
vt 0.65400 -0.30210
vt 0.65400 -0.29730
vt 0.34600 -0.41450
vt 0.34600 -0.41940
vt 0.48700 1.41450
vt 0.48700 1.30210
vt 0.00200 0.48700
vt 0.00550 0.48700
vt 0.87080 0.48700
vt 0.87440 0.48700
vt 0.01030 0.48700
vt 0.87910 0.48700
vt 0.51300 1.41450
vt 0.51300 1.41940
vt 0.51300 -0.30210
vt 0.51300 -0.29730
vt 0.12920 0.48700
vt 0.12560 0.48700
vt 0.99800 0.48700
vt 0.99450 0.48700
vt 0.12090 0.48700
vt 0.48700 1.29730
vt 0.98970 0.48700
vt 0.48700 -0.41940
vt 0.48700 -0.41450
vt 0.48700 1.41940
vt 0.51300 1.30210
vt 0.51300 1.29730
vt 0.48700 -0.30210
vt 0.48700 -0.29730
vt 0.51300 -0.41450
vt 0.51300 -0.41940
vt 0.35580 1.41450
vt 0.35580 1.30210
vt 0.00200 0.35580
vt 0.00550 0.35580
vt 0.87080 0.35580
vt 0.87440 0.35580
vt 0.01030 0.35580
vt 0.87910 0.35580
vt 0.64420 1.41450
vt 0.64420 1.41940
vt 0.64420 -0.30210
vt 0.64420 -0.29730
vt 0.12920 0.35580
vt 0.12560 0.35580
vt 0.99800 0.35580
vt 0.99450 0.35580
vt 0.12090 0.35580
vt 0.35580 1.29730
vt 0.98970 0.35580
vt 0.35580 -0.41940
vt 0.35580 -0.41450
vt 0.35580 1.41940
vt 0.64420 1.30210
vt 0.64420 1.29730
vt 0.35580 -0.30210
vt 0.35580 -0.29730
vt 0.64420 -0.41450
vt 0.64420 -0.41940
vt 0.76730 1.41450
vt 0.76730 1.41940
vt 0.76730 -0.30210
vt 0.76730 -0.29730
# 308 texture verticies
vn 0.00000 0.00000 1.00000
vn 0.00000 0.00000 -1.00000
vn 0.73189 -0.14560 0.66569
vn 0.98078 -0.19510 0.00000
vn 0.98078 0.19510 0.00000
vn 0.73189 0.14560 0.66569
vn -0.14560 -0.73189 0.66569
vn 0.14560 -0.73189 0.66569
vn 0.14560 0.73189 0.66569
vn -0.14560 0.73189 0.66569
vn -0.73179 0.14560 0.66579
vn -0.73189 -0.14560 0.66569
vn -0.73179 -0.14560 -0.66579
vn -0.73189 0.14560 -0.66569
vn -0.14560 0.73189 -0.66569
vn 0.14560 0.73189 -0.66569
vn 0.73189 0.14560 -0.66569
vn 0.73189 -0.14560 -0.66569
vn 0.14560 -0.73189 -0.66569
vn -0.14560 -0.73189 -0.66569
vn -0.73189 0.14560 0.66569
vn -0.73189 -0.14560 -0.66569
vn -0.73179 -0.14560 0.66579
vn -0.41450 -0.62040 0.66580
vn -0.62040 -0.41450 0.66580
vn 0.41450 -0.62040 0.66580
vn 0.62040 -0.41450 0.66580
vn -0.62038 0.41458 0.66577
vn -0.41461 0.62042 0.66572
vn 0.62040 0.41450 0.66580
vn 0.41450 0.62040 0.66580
vn -0.62040 -0.41450 -0.66580
vn -0.41450 -0.62040 -0.66580
vn 0.41459 -0.62048 -0.66568
vn 0.62040 -0.41450 -0.66580
vn -0.41461 0.62042 -0.66572
vn -0.62038 0.41458 -0.66577
vn 0.62040 0.41450 -0.66580
vn 0.41450 0.62040 -0.66580
vn -0.41461 -0.62042 0.66572
vn -0.62042 -0.41461 0.66572
vn 0.41461 -0.62042 0.66572
vn 0.62042 -0.41461 0.66572
vn -0.62042 0.41461 0.66572
vn 0.62042 0.41461 0.66572
vn 0.41461 0.62042 0.66572
vn -0.62042 -0.41461 -0.66572
vn -0.41461 -0.62042 -0.66572
vn 0.41461 -0.62042 -0.66572
vn 0.62042 -0.41461 -0.66572
vn -0.62042 0.41461 -0.66572
vn 0.62042 0.41461 -0.66572
vn 0.41461 0.62042 -0.66572
vn -0.62040 0.41450 0.66580
vn -0.41450 0.62040 0.66580
vn -0.41450 0.62040 -0.66580
vn -0.62048 0.41459 -0.66568
vn -0.62038 -0.41458 0.66577
vn -0.62038 -0.41458 -0.66577
vn -0.83147 -0.55558 0.00000
vn -0.55558 -0.83147 -0.00000
vn 0.83147 -0.55558 0.00000
vn 0.55558 -0.83147 0.00000
vn 0.55558 0.83147 0.00000
vn 0.83147 0.55558 0.00000
vn -0.83147 0.55558 0.00000
vn -0.55558 0.83147 0.00000
vn -0.55558 -0.83147 0.00000
vn 0.83147 -0.55558 0.00000
vn 0.55558 -0.83147 0.00000
vn -0.83147 0.55558 0.00000
vn -0.55558 0.83147 0.00000
vn -0.19510 -0.98078 -0.00000
vn 0.19510 -0.98078 0.00000
vn -0.19510 0.98078 0.00000
vn -0.19510 -0.98078 0.00000
vn -0.98078 -0.19510 -0.00000
vn 0.19510 0.98078 0.00000
vn -0.98078 0.19510 0.00000
vn -0.98078 -0.19510 0.00000
vn -0.98078 0.19510 0.00000
vn -0.83147 -0.55558 -0.00000
vn -0.83151 0.55551 0.00000
vn 0.55558 0.83147 0.00000
vn 0.83147 0.55558 0.00000
vn 0.19510 0.98078 0.00000
vn 0.98078 -0.19510 0.00000
vn 0.98078 0.19510 0.00000
vn -0.83151 -0.55551 0.00000
# 89 normals
f  671/583/468 672/584/468 673/585/468 674/586/468
f  675/587/469 676/588/469 677/589/469 678/590/469
f  683/591/470 684/592/471 685/593/472 686/594/473
f  695/595/468 696/596/468 679/597/474 682/598/475 697/599/468 698/600/468 672/584/468 671/583/468
f  698/600/468 699/601/468 683/602/470 686/603/473 700/604/468 701/605/468 673/585/468 672/584/468
f  701/605/468 702/606/468 687/607/476 690/608/477 703/609/468 704/610/468 674/586/468 673/585/468
f  704/610/468 705/611/468 691/612/478 694/613/479 706/614/468 695/595/468 671/583/468 674/586/468
f  707/615/469 708/616/469 709/617/480 710/618/481 711/619/469 712/620/469 676/588/469 675/587/469
f  712/620/469 713/621/469 714/622/482 715/623/483 716/624/469 717/625/469 677/589/469 676/588/469
f  717/625/469 718/626/469 719/627/484 720/628/485 721/629/469 722/630/469 678/590/469 677/589/469
f  722/630/469 723/631/469 724/632/486 725/633/487 726/634/469 707/615/469 675/587/469 678/590/469
f  727/635/468 728/636/468 729/637/468 730/638/468
f  731/639/469 732/640/469 733/641/469 734/642/469
f  751/643/468 752/644/468 735/645/474 738/646/475 753/647/468 754/648/468 728/636/468 727/635/468
f  754/648/468 755/649/468 739/650/470 742/651/473 756/652/468 757/653/468 729/637/468 728/636/468
f  757/653/468 758/654/468 743/655/476 746/656/477 759/657/468 760/658/468 730/638/468 729/637/468
f  760/658/468 761/659/468 747/660/488 750/661/479 762/662/468 751/643/468 727/635/468 730/638/468
f  763/663/469 764/664/469 765/665/489 766/666/481 767/667/469 768/668/469 732/640/469 731/639/469
f  768/668/469 769/669/469 770/670/482 771/671/483 772/672/469 773/673/469 733/641/469 732/640/469
f  773/673/469 774/674/469 775/675/484 776/676/485 777/677/469 778/678/469 734/642/469 733/641/469
f  778/678/469 779/679/469 780/680/486 781/681/487 782/682/469 763/663/469 731/639/469 734/642/469
f  783/642/468 784/639/468 785/640/468 786/641/468
f  787/636/469 788/637/469 789/638/469 790/635/469
f  807/678/468 808/679/468 791/680/474 794/681/475 809/682/468 810/663/468 784/639/468 783/642/468
f  810/663/468 811/664/468 795/665/470 798/666/473 812/667/468 813/668/468 785/640/468 784/639/468
f  813/668/468 814/669/468 799/670/476 802/671/477 815/672/468 816/673/468 786/641/468 785/640/468
f  816/673/468 817/674/468 803/675/488 806/676/479 818/677/468 807/678/468 783/642/468 786/641/468
f  819/648/469 820/649/469 821/650/489 822/651/481 823/652/469 824/653/469 788/637/469 787/636/469
f  824/653/469 825/654/469 826/655/482 827/656/483 828/657/469 829/658/469 789/638/469 788/637/469
f  829/658/469 830/659/469 831/660/484 832/661/485 833/662/469 834/643/469 790/635/469 789/638/469
f  834/643/469 835/644/469 836/645/486 837/646/487 838/647/469 819/648/469 787/636/469 790/635/469
f  839/590/468 840/587/468 841/588/468 842/589/468
f  843/584/469 844/585/469 845/586/469 846/583/469
f  863/630/468 864/631/468 847/632/474 850/633/475 865/634/468 866/615/468 840/587/468 839/590/468
f  866/615/468 867/616/468 851/617/470 854/618/473 868/619/468 869/620/468 841/588/468 840/587/468
f  869/620/468 870/621/468 855/622/476 858/623/477 871/624/468 872/625/468 842/589/468 841/588/468
f  872/625/468 873/626/468 859/627/478 862/628/490 874/629/468 863/630/468 839/590/468 842/589/468
f  875/600/469 876/601/469 877/602/480 878/603/481 879/604/469 880/605/469 844/585/469 843/584/469
f  880/605/469 881/606/469 882/607/482 883/608/483 884/609/469 885/610/469 845/586/469 844/585/469
f  885/610/469 886/611/469 887/612/484 888/613/485 889/614/469 890/595/469 846/583/469 845/586/469
f  890/595/469 891/596/469 892/597/486 893/598/487 894/599/469 875/600/469 843/584/469 846/583/469
f  895/683/491 696/596/468 695/595/468 706/614/468 896/684/492
f  697/599/468 897/685/493 898/686/494 699/601/468 698/600/468
f  899/687/495 705/611/468 704/610/468 703/609/468 900/688/496
f  700/604/468 901/689/497 902/690/498 702/606/468 701/605/468
f  903/691/499 708/616/469 707/615/469 726/634/469 904/692/500
f  905/693/501 723/631/469 722/630/469 721/629/469 906/694/502
f  907/695/503 713/621/469 712/620/469 711/619/469 908/696/504
f  909/697/505 718/626/469 717/625/469 716/624/469 910/698/506
f  911/699/507 752/644/468 751/643/468 762/662/468 912/700/508
f  753/647/468 913/701/509 914/702/510 755/649/468 754/648/468
f  915/703/511 761/659/468 760/658/468 759/657/468 916/704/496
f  756/652/468 917/705/512 918/706/513 758/654/468 757/653/468
f  919/707/514 764/664/469 763/663/469 782/682/469 920/708/515
f  921/709/516 779/679/469 778/678/469 777/677/469 922/710/517
f  923/711/503 769/669/469 768/668/469 767/667/469 924/712/518
f  925/713/519 774/674/469 773/673/469 772/672/469 926/714/520
f  927/709/491 808/679/468 807/678/468 818/677/468 928/710/492
f  809/682/468 929/708/509 930/707/510 811/664/468 810/663/468
f  931/713/521 817/674/468 816/673/468 815/672/468 932/714/522
f  812/667/468 933/712/512 934/711/513 814/669/468 813/668/468
f  935/702/499 820/649/469 819/648/469 838/647/469 936/701/500
f  937/699/516 835/644/469 834/643/469 833/662/469 938/700/517
f  939/706/523 825/654/469 824/653/469 823/652/469 940/705/524
f  941/703/519 830/659/469 829/658/469 828/657/469 942/704/520
f  943/693/507 864/631/468 863/630/468 874/629/468 944/694/525
f  865/634/468 945/692/509 946/691/510 867/616/468 866/615/468
f  947/697/495 873/626/468 872/625/468 871/624/468 948/698/496
f  868/619/468 949/696/512 950/695/513 870/621/468 869/620/468
f  951/686/526 876/601/469 875/600/469 894/599/469 952/685/515
f  953/683/516 891/596/469 890/595/469 889/614/469 954/684/517
f  955/690/503 881/606/469 880/605/469 879/604/469 956/689/504
f  957/687/519 886/611/469 885/610/469 884/609/469 958/688/520
f  895/715/491 896/716/492 959/717/527 960/718/528
f  905/719/501 906/720/502 961/721/529 962/722/530
f  909/723/505 910/724/506 963/725/531 964/726/532
f  907/727/503 908/728/504 965/729/533 966/730/534
f  911/715/507 912/716/508 967/717/527 968/718/535
f  921/719/516 922/720/517 969/721/536 970/722/537
f  925/723/519 926/724/520 971/725/531 972/726/532
f  923/727/503 924/728/518 973/729/533 974/730/534
f  927/731/491 928/732/492 975/733/527 976/734/535
f  937/727/516 938/728/517 977/729/536 978/730/537
f  941/735/519 942/736/520 979/737/531 980/738/532
f  939/719/523 940/720/524 981/721/538 982/722/539
f  943/731/507 944/732/525 983/733/527 984/734/528
f  953/727/516 954/728/517 985/729/529 986/730/537
f  957/735/519 958/736/520 987/737/531 988/738/532
f  955/719/503 956/720/504 989/721/538 990/722/534
f  679/597/474 696/596/468 895/683/491
f  682/598/475 897/685/493 697/599/468
f  691/612/478 705/611/468 899/687/495
f  901/689/497 700/604/468 686/603/473
f  709/617/480 708/616/469 903/691/499
f  724/632/486 723/631/469 905/693/501
f  714/622/482 713/621/469 907/695/503
f  719/627/484 718/626/469 909/697/505
f  735/645/474 752/644/468 911/699/507
f  738/646/475 913/701/509 753/647/468
f  747/660/488 761/659/468 915/703/511
f  917/705/512 756/652/468 742/651/473
f  765/665/489 764/664/469 919/707/514
f  780/680/486 779/679/469 921/709/516
f  770/670/482 769/669/469 923/711/503
f  775/675/484 774/674/469 925/713/519
f  791/680/474 808/679/468 927/709/491
f  794/681/475 929/708/509 809/682/468
f  803/675/488 817/674/468 931/713/521
f  933/712/512 812/667/468 798/666/473
f  821/650/489 820/649/469 935/702/499
f  836/645/486 835/644/469 937/699/516
f  826/655/482 825/654/469 939/706/523
f  831/660/484 830/659/469 941/703/519
f  847/632/474 864/631/468 943/693/507
f  850/633/475 945/692/509 865/634/468
f  859/627/478 873/626/468 947/697/495
f  949/696/512 868/619/468 854/618/473
f  877/602/480 876/601/469 951/686/526
f  892/597/486 891/596/469 953/683/516
f  882/607/482 881/606/469 955/690/503
f  887/612/484 886/611/469 957/687/519
f  896/684/492 706/614/468 694/613/479
f  898/686/494 683/602/470 699/601/468
f  900/688/496 703/609/468 690/608/477
f  902/690/498 687/607/476 702/606/468
f  904/692/500 726/634/469 725/633/487
f  906/694/502 721/629/469 720/628/485
f  908/696/504 711/619/469 710/618/481
f  715/623/483 910/698/506 716/624/469
f  912/700/508 762/662/468 750/661/479
f  914/702/510 739/650/470 755/649/468
f  916/704/496 759/657/468 746/656/477
f  918/706/513 743/655/476 758/654/468
f  920/708/515 782/682/469 781/681/487
f  922/710/517 777/677/469 776/676/485
f  924/712/518 767/667/469 766/666/481
f  771/671/483 926/714/520 772/672/469
f  928/710/492 818/677/468 806/676/479
f  930/707/510 795/665/470 811/664/468
f  932/714/522 815/672/468 802/671/477
f  934/711/513 799/670/476 814/669/468
f  936/701/500 838/647/469 837/646/487
f  938/700/517 833/662/469 832/661/485
f  940/705/524 823/652/469 822/651/481
f  827/656/483 942/704/520 828/657/469
f  944/694/525 874/629/468 862/628/490
f  946/691/510 851/617/470 867/616/468
f  948/698/496 871/624/468 858/623/477
f  950/695/513 855/622/476 870/621/468
f  952/685/515 894/599/469 893/598/487
f  954/684/517 889/614/469 888/613/485
f  956/689/504 879/604/469 878/603/481
f  883/608/483 958/688/520 884/609/469
f  679/739/474 895/715/491 960/718/528 680/740/540
f  724/741/486 905/719/501 962/722/530 991/742/541
f  719/743/484 909/744/505 964/745/532 992/746/472
f  714/747/482 907/727/503 966/730/534 993/748/542
f  735/739/474 911/715/507 968/718/535 736/740/543
f  780/741/486 921/719/516 970/722/537 994/742/541
f  775/749/484 925/750/519 972/751/532 995/752/472
f  770/747/482 923/727/503 974/730/534 996/748/542
f  791/753/474 927/731/491 976/734/535 792/754/543
f  836/747/486 937/727/516 978/730/537 997/748/541
f  831/749/484 941/750/519 980/751/532 998/752/472
f  826/741/482 939/719/523 982/722/539 999/742/542
f  847/753/474 943/731/507 984/734/528 848/754/540
f  892/747/486 953/727/516 986/730/537 1000/748/541
f  887/743/484 957/744/519 988/745/532 1001/746/472
f  882/741/482 955/719/503 990/722/534 1002/742/542
f  896/755/492 694/756/479 693/757/544 959/758/527
f  906/755/502 720/756/485 1003/759/471 961/760/529
f  910/724/506 715/761/483 1004/762/545 963/725/531
f  908/763/504 710/594/481 1005/764/546 965/765/533
f  912/766/508 750/767/479 749/768/547 967/769/527
f  922/766/517 776/767/485 1006/770/471 969/771/536
f  926/724/520 771/761/483 1007/762/545 971/725/531
f  924/772/518 766/773/481 1008/774/546 973/775/533
f  928/766/492 806/767/479 805/768/547 975/769/527
f  938/766/517 832/767/485 1009/770/471 977/771/536
f  942/736/520 827/776/483 1010/777/545 979/737/531
f  940/772/524 822/773/481 1011/774/548 981/775/538
f  944/755/525 862/756/490 861/757/544 983/758/527
f  954/755/517 888/756/485 1012/759/471 985/760/529
f  958/736/520 883/776/483 1013/777/545 987/737/531
f  956/763/504 878/594/481 1014/764/546 989/765/538
f  684/592/471 1017/778/471 1018/779/472 685/593/472
f  959/717/527 1047/780/527 1048/781/535 960/718/528
f  1049/782/536 898/783/494 897/784/493 1050/785/537
f  1051/734/531 902/731/498 901/732/497 1052/733/532
f  1053/786/533 899/787/495 900/788/496 1054/789/534
f  967/717/527 1055/780/527 1056/781/535 968/718/535
f  1057/782/536 914/783/510 913/784/509 1058/785/537
f  1059/734/531 918/731/513 917/732/512 1060/733/532
f  1061/786/533 915/787/511 916/788/496 1062/789/534
f  975/733/527 1063/790/549 1064/791/535 976/734/535
f  1065/786/536 930/787/510 929/788/509 1066/789/537
f  1067/718/531 934/715/513 933/716/512 1068/717/532
f  1069/782/550 931/783/521 932/784/522 1070/785/534
f  983/733/527 1071/790/527 1072/791/535 984/734/528
f  1073/786/536 946/787/510 945/788/509 1074/789/537
f  1075/718/531 950/715/513 949/716/512 1076/717/532
f  1077/782/533 947/783/495 948/784/496 1078/785/534
f  960/718/528 1048/781/535 1015/792/543 680/740/540
f  1050/785/537 897/784/493 682/793/475 681/794/541
f  1052/795/532 901/763/497 686/594/473 685/593/472
f  1054/789/534 900/788/496 690/796/477 689/797/542
f  968/718/535 1056/781/535 1023/792/540 736/740/543
f  1058/785/537 913/784/509 738/793/475 737/794/541
f  1060/798/532 917/772/512 742/773/473 741/799/472
f  1062/789/534 916/788/496 746/796/477 745/797/542
f  976/734/535 1064/791/535 1031/800/540 792/754/543
f  1066/789/537 929/788/509 794/796/475 793/797/541
f  1068/798/532 933/772/512 798/773/473 797/799/472
f  1070/785/534 932/784/522 802/793/477 801/794/542
f  984/734/528 1072/791/535 1039/800/543 848/754/540
f  1074/789/537 945/788/509 850/796/475 849/797/541
f  1076/795/532 949/763/512 854/594/473 853/593/472
f  1078/785/534 948/784/496 858/793/477 857/794/542
f  693/757/544 1022/801/547 1047/802/527 959/758/527
f  684/592/471 683/591/470 898/803/494 1049/804/536
f  688/754/545 687/753/476 902/731/498 1051/734/531
f  692/805/546 691/743/478 899/744/495 1053/806/533
f  749/768/547 1030/807/544 1055/808/527 967/769/527
f  740/809/471 739/810/470 914/811/510 1057/812/536
f  744/754/545 743/753/476 918/731/513 1059/734/531
f  748/813/546 747/749/488 915/750/511 1061/814/533
f  805/768/547 1038/807/544 1063/808/549 975/769/527
f  796/809/471 795/810/470 930/811/510 1065/812/536
f  800/740/545 799/739/476 934/715/513 1067/718/531
f  804/813/546 803/749/488 931/750/521 1069/814/550
f  861/757/544 1046/801/547 1071/802/527 983/758/527
f  852/592/471 851/591/470 946/803/510 1073/804/536
f  856/740/545 855/739/476 950/715/513 1075/718/531
f  860/805/546 859/743/478 947/744/495 1077/806/533
f  1079/815/536 1049/782/536 1050/785/537 1080/816/537
f  1081/791/531 1051/734/531 1052/733/532 1082/790/532
f  1083/817/533 1053/786/533 1054/789/534 1084/818/534
f  1085/815/536 1057/782/536 1058/785/537 1086/816/537
f  1087/791/531 1059/734/531 1060/733/532 1088/790/532
f  1089/817/533 1061/786/533 1062/789/534 1090/818/534
f  1091/817/536 1065/786/536 1066/789/537 1092/818/537
f  1093/781/531 1067/718/531 1068/717/532 1094/780/532
f  1095/815/550 1069/782/550 1070/785/534 1096/816/534
f  1097/817/536 1073/786/536 1074/789/537 1098/818/537
f  1099/781/531 1075/718/531 1076/717/532 1100/780/532
f  1101/815/533 1077/782/533 1078/785/534 1102/816/534
f  1080/816/537 1050/785/537 681/794/541 1016/819/541
f  1082/820/532 1052/795/532 685/593/472 1018/779/472
f  1084/818/534 1054/789/534 689/797/542 1020/821/542
f  1086/816/537 1058/785/537 737/794/541 1024/819/541
f  1088/822/532 1060/798/532 741/799/472 1026/823/472
f  1090/818/534 1062/789/534 745/797/542 1028/821/542
f  1092/818/537 1066/789/537 793/797/541 1032/821/541
f  1094/822/532 1068/798/532 797/799/472 1034/823/472
f  1096/816/534 1070/785/534 801/794/542 1036/819/542
f  1098/818/537 1074/789/537 849/797/541 1040/821/541
f  1100/820/532 1076/795/532 853/593/472 1042/779/472
f  1102/816/534 1078/785/534 857/794/542 1044/819/542
f  1017/778/471 684/592/471 1049/804/536 1079/824/536
f  1019/800/545 688/754/545 1051/734/531 1081/791/531
f  1021/825/546 692/805/546 1053/806/533 1083/826/533
f  1025/827/471 740/809/471 1057/812/536 1085/828/536
f  1027/800/545 744/754/545 1059/734/531 1087/791/531
f  1029/829/546 748/813/546 1061/814/533 1089/830/533
f  1033/827/471 796/809/471 1065/812/536 1091/828/536
f  1035/792/545 800/740/545 1067/718/531 1093/781/531
f  1037/829/546 804/813/546 1069/814/550 1095/830/550
f  1041/778/471 852/592/471 1073/804/536 1097/824/536
f  1043/792/545 856/740/545 1075/718/531 1099/781/531
f  1045/825/546 860/805/546 1077/806/533 1101/826/533
f  1017/778/471 1105/831/471 1106/832/472 1018/779/472
f  1047/780/527 1135/833/527 1136/834/535 1048/781/535
f  1055/780/527 1137/833/527 1138/834/535 1056/781/535
f  1063/790/549 1139/835/549 1140/836/535 1064/791/535
f  1071/790/527 1141/835/527 1142/836/535 1072/791/535
f  1048/781/535 1136/834/535 1103/837/543 1015/792/543
f  1056/781/535 1138/834/535 1111/837/540 1023/792/540
f  1064/791/535 1140/836/535 1119/838/540 1031/800/540
f  1072/791/535 1142/836/535 1127/838/543 1039/800/543
f  1022/801/547 1110/839/547 1135/840/527 1047/802/527
f  1030/807/544 1118/841/544 1137/842/527 1055/808/527
f  1038/807/544 1126/841/544 1139/842/549 1063/808/549
f  1046/801/547 1134/839/547 1141/840/527 1071/802/527
f  1143/843/536 1079/815/536 1080/816/537 1144/844/530
f  1145/836/551 1081/791/531 1082/790/532 1146/835/532
f  1147/845/533 1083/817/533 1084/818/534 1148/846/539
f  1149/843/536 1085/815/536 1086/816/537 1150/844/537
f  1151/836/531 1087/791/531 1088/790/532 1152/835/532
f  1153/845/533 1089/817/533 1090/818/534 1154/846/534
f  1155/845/536 1091/817/536 1092/818/537 1156/846/537
f  1157/834/551 1093/781/531 1094/780/532 1158/833/552
f  1159/843/533 1095/815/550 1096/816/534 1160/844/534
f  1161/845/536 1097/817/536 1098/818/537 1162/846/537
f  1163/834/551 1099/781/531 1100/780/532 1164/833/532
f  1165/843/533 1101/815/533 1102/816/534 1166/844/534
f  1144/844/530 1080/816/537 1016/819/541 1104/847/541
f  1146/848/532 1082/820/532 1018/779/472 1106/832/472
f  1148/846/539 1084/818/534 1020/821/542 1108/849/542
f  1150/844/537 1086/816/537 1024/819/541 1112/847/541
f  1152/850/532 1088/822/532 1026/823/472 1114/851/472
f  1154/846/534 1090/818/534 1028/821/542 1116/849/542
f  1156/846/537 1092/818/537 1032/821/541 1120/849/541
f  1158/850/552 1094/822/532 1034/823/472 1122/851/472
f  1160/844/534 1096/816/534 1036/819/542 1124/847/542
f  1162/846/537 1098/818/537 1040/821/541 1128/849/541
f  1164/848/532 1100/820/532 1042/779/472 1130/832/472
f  1166/844/534 1102/816/534 1044/819/542 1132/847/542
f  1105/831/471 1017/778/471 1079/824/536 1143/852/536
f  1107/838/545 1019/800/545 1081/791/531 1145/836/551
f  1109/853/546 1021/825/546 1083/826/533 1147/854/533
f  1113/855/471 1025/827/471 1085/828/536 1149/856/536
f  1115/838/545 1027/800/545 1087/791/531 1151/836/531
f  1117/857/546 1029/829/546 1089/830/533 1153/858/533
f  1121/855/471 1033/827/471 1091/828/536 1155/856/536
f  1123/837/553 1035/792/545 1093/781/531 1157/834/551
f  1125/857/546 1037/829/546 1095/830/550 1159/858/533
f  1129/831/471 1041/778/471 1097/824/536 1161/852/536
f  1131/837/553 1043/792/545 1099/781/531 1163/834/551
f  1133/853/546 1045/825/546 1101/826/533 1165/854/533
f  1105/831/471 1169/859/554 1170/860/555 1106/832/472
f  1135/833/527 1199/861/549 1200/862/535 1136/834/535
f  1137/833/527 1201/861/527 1202/862/535 1138/834/535
f  1139/835/549 1203/863/527 1204/864/528 1140/836/535
f  1141/835/527 1205/863/527 1206/864/535 1142/836/535
f  1136/834/535 1200/862/535 1167/865/543 1103/837/543
f  1138/834/535 1202/862/535 1175/865/543 1111/837/540
f  1140/836/535 1204/864/528 1183/866/543 1119/838/540
f  1142/836/535 1206/864/535 1191/866/543 1127/838/543
f  1110/839/547 1174/867/547 1199/868/549 1135/840/527
f  1118/841/544 1182/869/547 1201/870/527 1137/842/527
f  1126/841/544 1190/869/547 1203/870/527 1139/842/549
f  1134/839/547 1198/867/547 1205/868/527 1141/840/527
f  1207/871/536 1143/843/536 1144/844/530 1208/872/537
f  1209/864/551 1145/836/551 1146/835/532 1210/863/532
f  1211/873/533 1147/845/533 1148/846/539 1212/874/539
f  1213/871/536 1149/843/536 1150/844/537 1214/872/537
f  1215/864/531 1151/836/531 1152/835/532 1216/863/532
f  1217/873/533 1153/845/533 1154/846/534 1218/874/534
f  1219/873/529 1155/845/536 1156/846/537 1220/874/537
f  1221/862/531 1157/834/551 1158/833/552 1222/861/552
f  1223/871/550 1159/843/533 1160/844/534 1224/872/539
f  1225/873/529 1161/845/536 1162/846/537 1226/874/530
f  1227/862/551 1163/834/551 1164/833/532 1228/861/552
f  1229/871/538 1165/843/533 1166/844/534 1230/872/539
f  1208/872/537 1144/844/530 1104/847/541 1168/875/541
f  1210/876/532 1146/848/532 1106/832/472 1170/860/555
f  1212/874/539 1148/846/539 1108/849/542 1172/877/542
f  1214/872/537 1150/844/537 1112/847/541 1176/875/541
f  1216/878/532 1152/850/532 1114/851/472 1178/879/472
f  1218/874/534 1154/846/534 1116/849/542 1180/877/542
f  1220/874/537 1156/846/537 1120/849/541 1184/877/541
f  1222/878/552 1158/850/552 1122/851/472 1186/879/472
f  1224/872/539 1160/844/534 1124/847/542 1188/875/542
f  1226/874/530 1162/846/537 1128/849/541 1192/877/541
f  1228/876/552 1164/848/532 1130/832/472 1194/860/555
f  1230/872/539 1166/844/534 1132/847/542 1196/875/542
f  1169/859/554 1105/831/471 1143/852/536 1207/880/536
f  1171/866/545 1107/838/545 1145/836/551 1209/864/551
f  1173/881/548 1109/853/546 1147/854/533 1211/882/533
f  1177/883/471 1113/855/471 1149/856/536 1213/884/536
f  1179/866/545 1115/838/545 1151/836/531 1215/864/531
f  1181/885/546 1117/857/546 1153/858/533 1217/886/533
f  1185/883/471 1121/855/471 1155/856/536 1219/884/529
f  1187/865/545 1123/837/553 1157/834/551 1221/862/531
f  1189/885/546 1125/857/546 1159/858/533 1223/886/550
f  1193/859/471 1129/831/471 1161/852/536 1225/880/529
f  1195/865/553 1131/837/553 1163/834/551 1227/862/551
f  1197/881/548 1133/853/546 1165/854/533 1229/882/538
f  1169/859/554 1003/759/471 992/746/472 1170/860/555
f  1199/861/549 1239/738/549 1240/737/535 1200/862/535
f  1201/861/527 1241/738/527 1242/737/535 1202/862/535
f  1203/863/527 1243/726/556 1244/725/528 1204/864/528
f  1205/863/527 1245/726/527 1246/725/535 1206/864/535
f  1200/862/535 1240/737/535 1231/777/543 1167/865/543
f  1202/862/535 1242/737/535 1233/777/543 1175/865/543
f  1204/864/528 1244/725/528 1235/762/543 1183/866/543
f  1206/864/535 1246/725/535 1237/762/543 1191/866/543
f  1174/867/547 1232/887/547 1239/888/549 1199/868/549
f  1182/869/547 1234/889/547 1241/890/527 1201/870/527
f  1190/869/547 1236/889/547 1243/890/556 1203/870/527
f  1198/867/547 1238/887/547 1245/888/527 1205/868/527
f  961/721/529 1207/871/536 1208/872/537 962/722/530
f  963/725/531 1209/864/551 1210/863/532 964/726/532
f  965/729/533 1211/873/533 1212/874/539 966/730/534
f  969/721/536 1213/871/536 1214/872/537 970/722/537
f  971/725/531 1215/864/531 1216/863/532 972/726/532
f  973/729/533 1217/873/533 1218/874/534 974/730/534
f  977/729/536 1219/873/529 1220/874/537 978/730/537
f  979/737/531 1221/862/531 1222/861/552 980/738/532
f  981/721/538 1223/871/550 1224/872/539 982/722/539
f  985/729/529 1225/873/529 1226/874/530 986/730/537
f  987/737/531 1227/862/551 1228/861/552 988/738/532
f  989/721/538 1229/871/538 1230/872/539 990/722/534
f  962/722/530 1208/872/537 1168/875/541 991/742/541
f  964/745/532 1210/876/532 1170/860/555 992/746/472
f  966/730/534 1212/874/539 1172/877/542 993/748/542
f  970/722/537 1214/872/537 1176/875/541 994/742/541
f  972/751/532 1216/878/532 1178/879/472 995/752/472
f  974/730/534 1218/874/534 1180/877/542 996/748/542
f  978/730/537 1220/874/537 1184/877/541 997/748/541
f  980/751/532 1222/878/552 1186/879/472 998/752/472
f  982/722/539 1224/872/539 1188/875/542 999/742/542
f  986/730/537 1226/874/530 1192/877/541 1000/748/541
f  988/745/532 1228/876/552 1194/860/555 1001/746/472
f  990/722/534 1230/872/539 1196/875/542 1002/742/542
f  1003/759/471 1169/859/554 1207/880/536 961/760/529
f  1004/762/545 1171/866/545 1209/864/551 963/725/531
f  1005/764/546 1173/881/548 1211/882/533 965/765/533
f  1006/770/471 1177/883/471 1213/884/536 969/771/536
f  1007/762/545 1179/866/545 1215/864/531 971/725/531
f  1008/774/546 1181/885/546 1217/886/533 973/775/533
f  1009/770/471 1185/883/471 1219/884/529 977/771/536
f  1010/777/545 1187/865/545 1221/862/531 979/737/531
f  1011/774/548 1189/885/546 1223/886/550 981/775/538
f  1012/759/471 1193/859/471 1225/880/529 985/760/529
f  1013/777/545 1195/865/553 1227/862/551 987/737/531
f  1014/764/546 1197/881/548 1229/882/538 989/765/538
f  1003/759/471 720/756/485 719/743/484 992/746/472
f  1239/738/549 903/735/499 904/736/500 1240/737/535
f  1241/738/527 919/735/514 920/736/515 1242/737/535
f  1243/726/556 935/723/499 936/724/500 1244/725/528
f  1245/726/527 951/723/526 952/724/515 1246/725/535
f  1240/737/535 904/736/500 725/776/487 1231/777/543
f  1242/737/535 920/736/515 781/776/487 1233/777/543
f  1244/725/528 936/724/500 837/761/487 1235/762/543
f  1246/725/535 952/724/515 893/761/487 1237/762/543
f  1232/887/547 709/591/480 903/803/499 1239/888/549
f  1234/889/547 765/810/489 919/811/514 1241/890/527
f  1236/889/547 821/810/489 935/811/499 1243/890/556
f  1238/887/547 877/591/480 951/803/526 1245/888/527
# object fafaf
g fafaf
v 0.19695 -0.25597 0.62803
v 0.19695 0.24403 0.62803
v -0.20103 0.24403 0.62803
v -0.20103 -0.25597 0.62803
v 0.20275 -0.25597 0.59803
v 0.20275 0.24403 0.59803
v 0.20275 0.24403 0.62222
v 0.20275 -0.25597 0.62222
v 0.20251 -0.25597 0.62346
v 0.20195 -0.25597 0.62480
v 0.20125 -0.25597 0.62585
v 0.20058 -0.25597 0.62652
v 0.19953 -0.25597 0.62723
v 0.19819 -0.25597 0.62778
v -0.20103 -0.25597 0.59803
v 0.20125 0.24403 0.62585
v 0.20058 0.24403 0.62652
v 0.19953 0.24403 0.62723
v 0.19819 0.24403 0.62778
v 0.20251 0.24403 0.62346
v 0.20195 0.24403 0.62480
v -0.20103 0.24403 0.59803
# 22 verticies
vt 0.48130 -0.00500
vt 0.51150 -0.00500
vt 0.51300 -0.00470
vt 0.51470 -0.00400
vt 0.51600 -0.00310
vt 0.51690 -0.00230
vt 0.51770 -0.00100
vt 0.51840 0.00070
vt 0.51880 0.00230
vt 0.51880 0.49970
vt 0.48120 0.49970
vt 1.00230 0.18750
vt 1.00310 0.18750
vt 1.00310 0.81250
vt 1.00230 0.81250
vt 0.99930 0.18750
vt 1.00100 0.18750
vt 1.00100 0.81250
vt 0.99930 0.81250
vt 0.48530 0.18750
vt 0.48700 0.18750
vt 0.48700 0.81250
vt 0.48530 0.81250
vt 0.99770 0.18750
vt 0.99770 0.81250
vt 0.48400 0.18750
vt 0.48400 0.81250
vt 0.48850 0.18750
vt 0.48850 0.81250
vt 0.48120 0.00230
vt 0.48160 0.00070
vt 0.48230 -0.00100
vt 0.48310 -0.00230
vt 0.48400 -0.00310
vt 0.48530 -0.00400
vt 0.48700 -0.00470
vt 0.48850 -0.00500
vt 0.51870 -0.00500
vt 0.51880 0.81250
vt 0.48120 0.81250
vt 0.48120 0.18750
vt 0.51880 0.18750
# 42 texture verticies
vn 0.57735 -0.57735 -0.57735
vn 0.72439 -0.68569 0.07130
vn 0.69652 -0.68572 0.21131
vn 0.64192 -0.68572 0.34311
vn 0.56268 -0.68567 0.46178
vn 0.46178 -0.68567 0.56268
vn 0.34311 -0.68572 0.64192
vn 0.21131 -0.68572 0.69652
vn 0.07130 -0.68574 0.72434
vn -0.57735 -0.57735 0.57735
vn -0.57735 -0.57735 -0.57735
vn 0.56268 0.68567 0.46178
vn 0.46178 0.68567 0.56268
vn 0.34311 0.68572 0.64192
vn 0.21131 0.68572 0.69652
vn 0.69652 0.68572 0.21131
vn 0.64192 0.68572 0.34311
vn 0.07130 0.68574 0.72434
vn 0.72439 0.68569 0.07130
vn -0.57735 0.57735 0.57735
vn 0.57735 0.57735 -0.57735
vn -0.57735 0.57735 -0.57735
# 22 normals
f  1251/891/557 1254/892/558 1255/893/559 1256/894/560 1257/895/561 1258/896/562 1259/897/563 1260/898/564 1247/899/565 1250/900/566 1261/901/567
f  1258/902/562 1257/903/561 1262/904/568 1263/905/569
f  1260/906/564 1259/907/563 1264/908/570 1265/909/571
f  1256/910/560 1255/911/559 1266/912/572 1267/913/573
f  1247/914/565 1260/906/564 1265/909/571 1248/915/574
f  1257/916/561 1256/910/560 1267/913/573 1262/917/568
f  1259/907/563 1258/902/562 1263/905/569 1264/908/570
f  1255/911/559 1254/918/558 1253/919/575 1266/912/572
f  1249/901/576 1248/920/574 1265/921/571 1264/922/570 1263/923/569 1262/924/568 1267/925/573 1266/926/572 1253/927/575 1252/928/577 1268/900/578
f  1249/929/576 1268/930/578 1261/931/567 1250/932/566
# object adaf
g adaf
v -0.60525 -0.25597 0.59803
v -0.60525 0.24403 0.59803
v -0.20180 0.24403 0.59803
v -0.20180 -0.25597 0.59803
v -0.60525 -0.25597 0.62222
v -0.60525 0.24403 0.62222
v -0.60500 0.24403 0.62346
v -0.60444 0.24403 0.62480
v -0.60374 0.24403 0.62585
v -0.60307 0.24403 0.62652
v -0.60202 0.24403 0.62723
v -0.60068 0.24403 0.62778
v -0.59944 0.24403 0.62803
v -0.20180 0.24403 0.62803
v -0.60374 -0.25597 0.62585
v -0.60307 -0.25597 0.62652
v -0.60202 -0.25597 0.62723
v -0.60068 -0.25597 0.62778
v -0.60500 -0.25597 0.62346
v -0.60444 -0.25597 0.62480
v -0.59944 -0.25597 0.62803
v -0.20180 -0.25597 0.62803
# 22 verticies
vt 0.51880 1.00500
vt 0.48850 1.00500
vt 0.48700 1.00470
vt 0.48530 1.00400
vt 0.48400 1.00310
vt 0.48310 1.00230
vt 0.48230 1.00100
vt 0.48160 0.99930
vt 0.48130 0.99770
vt 0.48120 0.50070
vt 0.51880 0.50070
vt -0.00230 0.81250
vt -0.00310 0.81250
vt -0.00310 0.18750
vt -0.00230 0.18750
vt 0.00070 0.81250
vt -0.00100 0.81250
vt -0.00100 0.18750
vt 0.00070 0.18750
vt 0.51470 0.81250
vt 0.51300 0.81250
vt 0.51300 0.18750
vt 0.51470 0.18750
vt 0.00230 0.81250
vt 0.00230 0.18750
vt 0.51600 0.81250
vt 0.51600 0.18750
vt 0.51150 0.81250
vt 0.51150 0.18750
vt 0.51870 0.99770
vt 0.51840 0.99930
vt 0.51770 1.00100
vt 0.51690 1.00230
vt 0.51600 1.00310
vt 0.51470 1.00400
vt 0.51300 1.00470
vt 0.51150 1.00500
vt 0.48120 1.00500
vt 0.51880 0.81250
vt 0.48120 0.81250
vt 0.48120 0.18750
vt 0.51880 0.18750
# 42 texture verticies
vn -0.57735 0.57735 -0.57735
vn -0.72439 0.68569 0.07130
vn -0.69652 0.68572 0.21131
vn -0.64192 0.68572 0.34311
vn -0.56268 0.68567 0.46178
vn -0.46178 0.68567 0.56268
vn -0.34311 0.68572 0.64192
vn -0.21131 0.68572 0.69652
vn -0.07130 0.68574 0.72434
vn 0.57735 0.57735 0.57735
vn 0.57735 0.57735 -0.57735
vn -0.56268 -0.68567 0.46178
vn -0.46178 -0.68567 0.56268
vn -0.34311 -0.68572 0.64192
vn -0.21131 -0.68572 0.69652
vn -0.69652 -0.68572 0.21131
vn -0.64192 -0.68572 0.34311
vn -0.07130 -0.68574 0.72434
vn -0.72439 -0.68569 0.07130
vn 0.57735 -0.57735 0.57735
vn -0.57735 -0.57735 -0.57735
vn 0.57735 -0.57735 -0.57735
# 22 normals
f  1270/933/579 1274/934/580 1275/935/581 1276/936/582 1277/937/583 1278/938/584 1279/939/585 1280/940/586 1281/941/587 1282/942/588 1271/943/589
f  1278/944/584 1277/945/583 1283/946/590 1284/947/591
f  1280/948/586 1279/949/585 1285/950/592 1286/951/593
f  1276/952/582 1275/953/581 1287/954/594 1288/955/595
f  1281/956/587 1280/948/586 1286/951/593 1289/957/596
f  1277/958/583 1276/952/582 1288/955/595 1283/959/590
f  1279/949/585 1278/944/584 1284/947/591 1285/950/592
f  1275/953/581 1274/960/580 1273/961/597 1287/954/594
f  1290/943/598 1289/962/596 1286/963/593 1285/964/592 1284/965/591 1283/966/590 1288/967/595 1287/968/594 1273/969/597 1269/970/599 1272/942/600
f  1271/971/589 1282/972/588 1290/973/598 1272/974/600
# object Object001
g Object001
v -0.60525 0.24442 0.59803
v -0.59851 0.24442 0.59803
v 0.20275 -0.25623 0.59803
v 0.19307 -0.25623 0.59803
v 0.19695 0.24442 0.62803
v 0.19695 0.32321 0.62803
v 0.19307 0.24442 0.62803
v -0.59944 -0.25623 0.62803
v -0.59944 -0.33508 0.62803
v -0.59851 -0.25623 0.62803
v 0.20275 0.24442 0.59803
v 0.20275 0.32321 0.62222
v 0.20275 0.24442 0.62222
v 0.20275 -0.25623 0.62222
v 0.20275 -0.33508 0.62222
v -0.60525 -0.25623 0.59803
v -0.60525 -0.33508 0.62222
v -0.60525 -0.25623 0.62222
v -0.60525 0.24442 0.62222
v -0.60525 0.32321 0.62222
v 0.20251 0.24442 0.62346
v 0.20195 0.24442 0.62480
v 0.20125 0.24442 0.62585
v 0.20058 0.24442 0.62652
v 0.19953 0.24442 0.62723
v 0.19819 0.24442 0.62778
v 0.19307 0.24442 0.59803
v -0.60500 -0.25623 0.62346
v -0.60444 -0.25623 0.62480
v -0.60374 -0.25623 0.62585
v -0.60307 -0.25623 0.62652
v -0.60202 -0.25623 0.62723
v -0.60068 -0.25623 0.62778
v -0.59851 -0.25623 0.59803
v 0.20139 0.32321 0.62572
v 0.20044 0.32321 0.62666
v -0.60388 -0.33508 0.62572
v -0.60294 -0.33508 0.62666
v 0.19951 0.32321 0.62728
v 0.19811 0.32321 0.62782
v -0.60200 -0.33508 0.62728
v -0.60061 -0.33508 0.62782
v 0.20253 0.32321 0.62345
v 0.20203 0.32321 0.62472
v -0.60502 -0.33508 0.62345
v -0.60452 -0.33508 0.62472
v 0.20139 -0.33508 0.62572
v 0.20125 -0.25623 0.62585
v 0.20058 -0.25623 0.62652
v 0.20044 -0.33508 0.62666
v -0.60388 0.32321 0.62572
v -0.60374 0.24442 0.62585
v -0.60307 0.24442 0.62652
v -0.60294 0.32321 0.62666
v 0.19951 -0.33508 0.62728
v 0.19953 -0.25623 0.62723
v 0.19819 -0.25623 0.62778
v 0.19811 -0.33508 0.62782
v -0.60200 0.32321 0.62728
v -0.60202 0.24442 0.62723
v -0.60068 0.24442 0.62778
v -0.60061 0.32321 0.62782
v 0.20253 -0.33508 0.62345
v 0.20251 -0.25623 0.62346
v 0.20195 -0.25623 0.62480
v 0.20203 -0.33508 0.62472
v -0.60502 0.32321 0.62345
v -0.60500 0.24442 0.62346
v -0.60444 0.24442 0.62480
v -0.60452 0.32321 0.62472
v 0.19695 -0.25623 0.62803
v 0.19695 -0.33508 0.62803
v -0.59944 0.24442 0.62803
v -0.59944 0.32321 0.62803
v -0.42695 0.24442 0.59803
v -0.59851 0.24442 0.62803
v -0.42695 -0.25623 0.62803
v -0.42695 -0.25623 0.59803
v -0.20509 -0.25623 0.59803
v -0.42695 0.24442 0.62803
v -0.20509 0.24442 0.62803
v -0.20509 0.24442 0.59803
v 0.00191 0.24442 0.59803
v 0.00191 -0.25623 0.62803
v -0.20509 -0.25623 0.62803
v 0.00191 -0.25623 0.59803
v 0.00191 0.24442 0.62803
v 0.19307 -0.25623 0.62803
# 88 verticies
vt 1.84670 0.45000
vt 1.84670 0.53070
vt 1.84580 0.53480
vt 1.84400 0.53930
vt 1.84170 0.54280
vt 1.83940 0.54500
vt 1.83590 0.54730
vt 1.83150 0.54920
vt 1.82730 0.55000
vt 1.81440 0.55000
vt 1.81440 0.45000
vt 1.82420 0.55000
vt 1.82420 0.45000
vt 1.33460 0.54500
vt 1.33460 0.54280
vt 1.59730 0.54230
vt 1.59730 0.54540
vt 1.33420 0.54500
vt 1.33420 0.54280
vt 1.59700 0.54230
vt 1.59700 0.54540
vt 1.83150 1.33460
vt 1.83590 1.33460
vt 1.83590 1.59730
vt 1.83120 1.59730
vt -0.83150 -0.33420
vt -0.83590 -0.33420
vt -0.83590 -0.59700
vt -0.83120 -0.59700
vt 1.33460 0.53930
vt 1.33460 0.53480
vt 1.59730 0.53480
vt 1.59730 0.53900
vt 1.33420 0.53930
vt 1.33420 0.53480
vt 1.59700 0.53480
vt 1.59700 0.53900
vt 1.82730 1.33460
vt 1.82730 1.59730
vt -0.82730 -0.33420
vt -0.82730 -0.59700
vt 1.83940 1.33460
vt 1.83900 1.59730
vt -0.83940 -0.33420
vt -0.83900 -0.59700
vt 1.33460 0.53070
vt 1.59730 0.53070
vt 1.33420 0.53070
vt 1.59700 0.53070
vt -0.59700 0.54230
vt -0.33420 0.54280
vt -0.33420 0.54500
vt -0.59700 0.54540
vt -0.59730 0.54230
vt -0.33460 0.54280
vt -0.33460 0.54500
vt -0.59730 0.54540
vt 1.83590 -0.59700
vt 1.83590 -0.33420
vt 1.83150 -0.33420
vt 1.83120 -0.59700
vt -0.83590 1.59730
vt -0.83590 1.33460
vt -0.83150 1.33460
vt -0.83120 1.59730
vt -0.59700 0.53480
vt -0.33420 0.53480
vt -0.33420 0.53930
vt -0.59700 0.53900
vt -0.59730 0.53480
vt -0.33460 0.53480
vt -0.33460 0.53930
vt -0.59730 0.53900
vt 1.82730 -0.33420
vt 1.82730 -0.59700
vt -0.82730 1.33460
vt -0.82730 1.59730
vt 1.83900 -0.59700
vt 1.83940 -0.33420
vt -0.83900 1.59730
vt -0.83940 1.33460
vt -0.59700 0.53070
vt -0.33420 0.53070
vt -0.59730 0.53070
vt -0.33460 0.53070
vt -0.82420 0.55000
vt -0.82730 0.55000
vt -0.83150 0.54920
vt -0.83590 0.54730
vt -0.83940 0.54500
vt -0.84170 0.54280
vt -0.84400 0.53930
vt -0.84580 0.53480
vt -0.84670 0.53070
vt -0.84670 0.45000
vt -0.82420 0.45000
vt 1.25240 0.55000
vt 1.25240 0.45000
vt 0.48720 0.55000
vt -0.25240 0.55000
vt -0.25240 0.45000
vt 0.48720 0.45000
vt 0.51280 0.55000
vt -0.17720 0.55000
vt -0.17720 0.45000
vt 0.51280 0.45000
vt 1.17720 0.55000
vt 1.17720 0.45000
vt -0.81440 0.55000
vt -0.81440 0.45000
# 110 texture verticies
vn 0.57728 -0.57738 -0.57738
vn 0.72439 -0.68569 0.07130
vn 0.69647 -0.68577 0.21129
vn 0.64182 -0.68582 0.34311
vn 0.56250 -0.68580 0.46180
vn 0.46180 -0.68580 0.56250
vn 0.34309 -0.68587 0.64177
vn 0.21131 -0.68582 0.69642
vn 0.07130 -0.68574 0.72434
vn 0.00000 -0.70711 0.70711
vn -0.00000 -0.70711 -0.70711
vn -0.57742 0.57732 -0.57732
vn -0.72439 0.68569 0.07130
vn -0.69647 0.68577 0.21129
vn -0.64182 0.68582 0.34311
vn -0.56250 0.68580 0.46180
vn -0.46180 0.68580 0.56250
vn -0.34309 0.68587 0.64177
vn -0.21131 0.68582 0.69642
vn -0.07130 0.68574 0.72434
vn 0.00000 0.70711 0.70711
vn 0.00000 0.70711 -0.70711
vn 0.77861 -0.00030 0.62751
vn 0.63287 -0.00020 0.77426
vn -0.77861 0.00030 0.62751
vn -0.63287 0.00020 0.77426
vn 0.46021 -0.00050 0.88781
vn 0.26901 -0.00030 0.96314
vn -0.46021 0.00050 0.88781
vn -0.26901 0.00030 0.96314
vn 0.96150 -0.00020 0.27480
vn 0.89049 -0.00040 0.45500
vn -0.96150 0.00020 0.27480
vn -0.89049 0.00040 0.45500
vn 0.08680 0.00000 0.99623
vn -0.08670 0.00000 0.99623
vn 0.99579 0.00000 0.09170
vn -0.99579 0.00000 0.09170
vn 0.77861 0.00030 0.62751
vn 0.56250 0.68580 0.46180
vn 0.46180 0.68580 0.56250
vn 0.63287 0.00020 0.77426
vn -0.77861 -0.00030 0.62751
vn -0.56250 -0.68580 0.46180
vn -0.46180 -0.68580 0.56250
vn -0.63287 -0.00020 0.77426
vn 0.46021 0.00050 0.88781
vn 0.34309 0.68587 0.64177
vn 0.21131 0.68582 0.69642
vn 0.26901 0.00030 0.96314
vn -0.46021 -0.00050 0.88781
vn -0.34309 -0.68587 0.64177
vn -0.21131 -0.68582 0.69642
vn -0.26901 -0.00030 0.96314
vn 0.96150 0.00020 0.27480
vn 0.69647 0.68577 0.21129
vn 0.64182 0.68582 0.34311
vn 0.89049 0.00040 0.45500
vn -0.96150 -0.00020 0.27480
vn -0.69647 -0.68577 0.21129
vn -0.64182 -0.68582 0.34311
vn -0.89049 -0.00040 0.45500
vn 0.07130 0.68574 0.72434
vn -0.07130 -0.68574 0.72434
vn -0.08680 0.00000 0.99623
vn 0.72439 0.68569 0.07130
vn -0.72439 -0.68569 0.07130
vn -0.57735 -0.57735 -0.57735
vn 0.00000 -0.70711 -0.70711
vn 0.00000 0.70711 -0.70711
vn 0.00000 -0.70711 0.70711
vn 0.57735 0.57735 -0.57735
# 72 normals
usemtl Fabric
f  1301/975/601 1303/976/602 1311/977/603 1312/978/604 1313/979/605 1314/980/606 1315/981/607 1316/982/608 1295/983/609 1297/984/610 1317/985/611
f  1306/975/612 1308/976/613 1318/977/614 1319/978/615 1320/979/616 1321/980/617 1322/981/618 1323/982/619 1298/983/620 1300/986/621 1324/987/622
f  1314/988/606 1313/989/605 1325/990/623 1326/991/624
f  1321/992/617 1320/993/616 1327/994/625 1328/995/626
f  1316/996/608 1315/997/607 1329/998/627 1330/999/628
f  1323/1000/619 1322/1001/618 1331/1002/629 1332/1003/630
f  1312/1004/604 1311/1005/603 1333/1006/631 1334/1007/632
f  1319/1008/615 1318/1009/614 1335/1010/633 1336/1011/634
f  1295/1012/609 1316/996/608 1330/999/628 1296/1013/635
f  1298/1014/620 1323/1000/619 1332/1003/630 1299/1015/636
f  1313/989/605 1312/1004/604 1334/1007/632 1325/990/623
f  1320/993/616 1319/1008/615 1336/1011/634 1327/994/625
f  1315/997/607 1314/1016/606 1326/1017/624 1329/998/627
f  1322/1001/618 1321/1018/617 1328/1019/626 1331/1002/629
f  1311/1005/603 1303/1020/602 1302/1021/637 1333/1006/631
f  1318/1009/614 1308/1022/613 1307/1023/638 1335/1010/633
f  1337/1024/639 1338/1025/640 1339/1026/641 1340/1027/642
f  1341/1028/643 1342/1029/644 1343/1030/645 1344/1031/646
f  1345/1032/647 1346/1033/648 1347/1034/649 1348/1035/650
f  1349/1036/651 1350/1037/652 1351/1038/653 1352/1039/654
f  1353/1040/655 1354/1041/656 1355/1042/657 1356/1043/658
f  1357/1044/659 1358/1045/660 1359/1046/661 1360/1047/662
f  1348/1035/650 1347/1034/649 1361/1048/663 1362/1049/635
f  1352/1039/654 1351/1038/653 1363/1050/664 1364/1051/665
f  1356/1043/658 1355/1042/657 1338/1025/640 1337/1024/639
f  1360/1047/662 1359/1046/661 1342/1029/644 1341/1028/643
f  1340/1052/642 1339/1053/641 1346/1033/648 1345/1032/647
f  1344/1054/646 1343/1055/645 1350/1037/652 1349/1036/651
f  1305/1056/637 1304/1057/666 1354/1041/656 1353/1040/655
f  1310/1058/638 1309/1059/667 1358/1045/660 1357/1044/659
f  1366/1060/610 1363/1061/664 1351/1062/653 1350/1063/652 1343/1064/645 1342/1065/644 1359/1066/661 1358/1067/660 1309/1068/667 1291/1069/668 1292/1070/669
f  1300/986/621 1367/1071/621 1368/1072/670 1324/987/622
f  1371/1073/671 1370/1074/610 1365/1075/669 1372/1076/669
f  1375/1077/621 1374/1078/621 1376/1079/670 1369/1080/670
f  1297/984/610 1377/1081/671 1373/1082/669 1317/985/611
f  1378/1083/621 1361/1061/663 1347/1062/649 1346/1063/648 1339/1064/641 1338/1065/640 1355/1066/657 1354/1067/656 1304/1068/666 1293/1069/672 1294/1084/670
f  1374/1078/621 1378/1083/621 1294/1084/670 1376/1079/670
f  1377/1081/671 1371/1073/671 1372/1076/669 1373/1082/669
f  1367/1071/621 1375/1077/621 1369/1080/670 1368/1072/670
f  1370/1074/610 1366/1060/610 1292/1070/669 1365/1075/669
# object Box093
g Box0931
v -0.60525 -0.75597 0.59803
v -0.59851 -0.75597 0.59803
v -0.59851 -0.75597 0.62222
v -0.60525 -0.75597 0.62222
v 0.20275 0.74403 0.59803
v 0.19307 0.74403 0.59803
v 0.19307 0.74403 0.62222
v 0.20275 0.74403 0.62222
v -0.59944 -0.75017 0.62803
v -0.59851 -0.75017 0.62803
v 0.19695 -0.75017 0.62803
v 0.19695 -0.74537 0.62803
v 0.19695 0.73822 0.62803
v 0.19307 0.73822 0.62803
v -0.59944 0.73822 0.62803
v -0.59944 0.73713 0.62803
v 0.20275 -0.75597 0.62222
v 0.20275 -0.74537 0.62222
v -0.60525 0.74403 0.62222
v -0.60525 0.73713 0.62222
v -0.60525 0.32321 0.59803
v -0.60525 0.32735 0.59803
v -0.59851 0.32735 0.59803
v -0.59851 0.32321 0.59803
v 0.20275 -0.33508 0.59803
v 0.20275 -0.33613 0.59803
v 0.19307 -0.33613 0.59803
v 0.19307 -0.33508 0.59803
v 0.19695 0.32321 0.62803
v 0.19695 0.32735 0.62803
v 0.19307 0.32735 0.62803
v 0.19307 0.32321 0.62803
v -0.59944 -0.33508 0.62803
v -0.59944 -0.33613 0.62803
v -0.59851 -0.33613 0.62803
v -0.59851 -0.33508 0.62803
v 0.20275 0.32321 0.59803
v 0.20275 0.32735 0.59803
v 0.20275 0.32735 0.62222
v 0.20275 0.32321 0.62222
v 0.20275 -0.33508 0.62222
v 0.20275 -0.33613 0.62222
v -0.60525 -0.33508 0.59803
v -0.60525 -0.33613 0.59803
v -0.60525 -0.33613 0.62222
v -0.60525 -0.33508 0.62222
v -0.60525 0.32321 0.62222
v -0.60525 0.32735 0.62222
v -0.59944 0.54476 0.62803
v -0.60525 0.54476 0.62222
v -0.60525 0.73713 0.59803
v -0.60525 0.74403 0.59803
v -0.59851 0.74403 0.59803
v -0.59851 0.73713 0.59803
v 0.19695 0.73713 0.62803
v 0.19307 0.73713 0.62803
v 0.20275 0.73713 0.59803
v 0.20275 0.73713 0.62222
v -0.42695 -0.75597 0.59803
v -0.42695 -0.75597 0.62222
v -0.59851 0.74403 0.62222
v -0.42695 -0.75017 0.62803
v -0.59851 0.73822 0.62803
v -0.42695 0.73713 0.59803
v -0.42695 0.54476 0.59803
v -0.59851 0.54476 0.59803
v -0.60525 -0.74537 0.59803
v -0.59851 -0.74537 0.59803
v -0.59851 0.73713 0.62803
v -0.59851 0.54476 0.62803
v -0.42695 -0.74537 0.62803
v -0.59851 -0.74537 0.62803
v -0.42695 0.74403 0.59803
v -0.20509 0.74403 0.59803
v -0.42695 0.74403 0.62222
v -0.20509 0.74403 0.62222
v -0.42695 0.73822 0.62803
v -0.20509 0.73822 0.62803
v -0.20509 -0.75597 0.59803
v -0.42695 -0.74537 0.59803
v -0.20509 -0.74537 0.59803
v -0.20509 0.73713 0.62803
v -0.42695 0.73713 0.62803
v -0.42695 0.54476 0.62803
v -0.20509 0.54476 0.62803
v 0.00191 -0.75597 0.59803
v 0.00191 -0.75597 0.62222
v -0.20509 -0.75597 0.62222
v 0.00191 -0.75017 0.62803
v -0.20509 -0.75017 0.62803
v -0.20509 0.73713 0.59803
v 0.00191 0.73713 0.59803
v 0.00191 0.54476 0.59803
v -0.20509 0.54476 0.59803
v 0.00191 -0.74537 0.62803
v -0.20509 -0.74537 0.62803
v 0.00191 0.74403 0.59803
v 0.00191 0.74403 0.62222
v 0.00191 0.73822 0.62803
v 0.19307 -0.75597 0.59803
v 0.00191 -0.74537 0.59803
v 0.19307 -0.74537 0.59803
v 0.00191 0.73713 0.62803
v 0.00191 0.54476 0.62803
v 0.19307 0.54476 0.62803
v 0.20275 -0.75597 0.59803
v 0.19307 -0.75597 0.62222
v 0.19307 -0.75017 0.62803
v 0.19307 0.73713 0.59803
v 0.20275 0.54476 0.59803
v 0.19307 0.54476 0.59803
v 0.19307 -0.74537 0.62803
v -0.60525 0.54476 0.59803
v 0.19695 0.54476 0.62803
v 0.20275 0.54476 0.62222
v -0.59944 0.32735 0.62803
v -0.42695 0.32735 0.59803
v -0.59851 0.32735 0.62803
v -0.42695 0.32735 0.62803
v -0.20509 0.32735 0.62803
v 0.00191 0.32735 0.59803
v -0.20509 0.32735 0.59803
v 0.00191 0.32735 0.62803
v 0.19307 0.32735 0.59803
v -0.59944 0.32321 0.62803
v -0.42695 0.32321 0.59803
v -0.59851 0.32321 0.62803
v -0.42695 0.32321 0.62803
v -0.20509 0.32321 0.62803
v 0.00191 0.32321 0.59803
v -0.20509 0.32321 0.59803
v 0.00191 0.32321 0.62803
v 0.19307 0.32321 0.59803
v 0.19695 -0.33508 0.62803
v 0.19695 -0.33613 0.62803
v 0.20275 -0.53143 0.59803
v 0.19307 -0.53143 0.59803
v -0.59944 -0.53143 0.62803
v -0.59851 -0.53143 0.62803
v 0.20275 -0.53143 0.62222
v -0.60525 -0.53143 0.59803
v -0.60525 -0.53143 0.62222
v -0.59851 -0.33508 0.59803
v -0.59851 -0.33613 0.59803
v -0.42695 -0.33613 0.62803
v -0.42695 -0.33508 0.62803
v -0.42695 -0.33613 0.59803
v -0.42695 -0.33508 0.59803
v -0.20509 -0.33508 0.59803
v -0.20509 -0.33613 0.59803
v 0.00191 -0.33613 0.62803
v 0.00191 -0.33508 0.62803
v -0.20509 -0.33508 0.62803
v -0.20509 -0.33613 0.62803
v 0.00191 -0.33613 0.59803
v 0.00191 -0.33508 0.59803
v 0.19307 -0.33508 0.62803
v 0.19307 -0.33613 0.62803
v 0.19695 -0.53143 0.62803
v -0.59851 -0.53143 0.59803
v -0.42695 -0.53143 0.62803
v -0.42695 -0.53143 0.59803
v -0.20509 -0.53143 0.59803
v 0.00191 -0.53143 0.62803
v -0.20509 -0.53143 0.62803
v 0.00191 -0.53143 0.59803
v 0.19307 -0.53143 0.62803
v 0.20275 -0.74537 0.59803
v -0.59944 -0.74537 0.62803
v -0.60525 -0.74537 0.62222
# 170 verticies
vt 0.00000 0.72730
vt 0.00830 0.72730
vt 0.00830 0.94720
vt 0.00000 0.94720
vt 0.01200 0.72730
vt 0.01200 0.94720
vt 1.00000 0.71950
vt 1.00000 0.72220
vt 0.99170 0.72220
vt 0.99170 0.71950
vt 0.00000 0.28060
vt 0.00000 0.27990
vt 0.01200 0.27990
vt 0.01200 0.28060
vt 0.99280 0.71950
vt 0.99280 0.72220
vt 0.98800 0.72220
vt 0.98800 0.71950
vt 0.00720 0.28060
vt 0.00720 0.27990
vt 0.00830 0.27990
vt 0.00830 0.28060
vt 0.71950 0.72730
vt 0.72220 0.72730
vt 0.72220 0.94720
vt 0.71950 0.94720
vt 0.28060 0.94720
vt 0.27990 0.94720
vt 0.27990 0.72730
vt 0.28060 0.72730
vt 0.71940 0.72730
vt 0.72010 0.72730
vt 0.72010 0.94720
vt 0.71940 0.94720
vt 0.28050 0.94720
vt 0.27780 0.94720
vt 0.27780 0.72730
vt 0.28050 0.72730
vt 1.00000 0.99540
vt 1.00000 1.00000
vt 0.99170 1.00000
vt 0.99170 0.99540
vt 0.99280 0.99540
vt 0.99280 0.99610
vt 0.98800 0.99610
vt 0.98800 0.99540
vt 0.99540 0.72730
vt 1.00000 0.72730
vt 1.00000 0.94720
vt 0.99540 0.94720
vt 0.00460 0.94720
vt 0.00460 0.72730
vt 0.22070 0.72730
vt 0.22070 0.94720
vt 0.99170 0.72730
vt 0.99170 0.94720
vt 0.77930 0.99540
vt 0.77930 0.86720
vt 0.99170 0.86720
vt 0.99170 0.00000
vt 1.00000 0.00000
vt 1.00000 0.00710
vt 0.99170 0.00710
vt 0.00830 0.99540
vt 0.00720 0.99540
vt 0.00720 0.86720
vt 0.00830 0.86720
vt 0.00830 0.00390
vt 0.22070 0.00390
vt 0.22070 0.00710
vt 0.00830 0.00710
vt 0.77930 1.00000
vt 0.00830 0.99610
vt 0.00720 0.99610
vt 0.50480 0.72730
vt 0.77930 0.72730
vt 0.77930 0.94720
vt 0.50480 0.94720
vt 0.50480 0.00000
vt 0.77930 0.00000
vt 0.77930 0.00710
vt 0.50480 0.00710
vt 0.49520 0.99540
vt 0.22070 0.99540
vt 0.22070 0.86720
vt 0.49520 0.86720
vt 0.49520 0.99610
vt 0.22070 0.99610
vt 0.49520 0.72730
vt 0.75140 0.72730
vt 0.75140 0.94720
vt 0.49520 0.94720
vt 0.50480 0.99540
vt 0.24860 0.99540
vt 0.24860 0.86720
vt 0.50480 0.86720
vt 0.49520 0.00390
vt 0.75140 0.00390
vt 0.75140 0.00710
vt 0.49520 0.00710
vt 0.50480 1.00000
vt 0.24860 1.00000
vt 0.24860 0.72730
vt 0.24860 0.94720
vt 0.01200 0.00000
vt 0.24860 0.00000
vt 0.24860 0.00710
vt 0.01200 0.00710
vt 0.75140 0.99540
vt 0.75140 0.86720
vt 0.98800 0.86720
vt 0.75140 0.99610
vt 0.98800 0.72730
vt 0.98800 0.94720
vt 0.01200 0.99540
vt 0.00000 0.99540
vt 0.00000 0.86720
vt 0.01200 0.86720
vt 0.98800 0.00390
vt 0.99280 0.00390
vt 0.99280 0.00710
vt 0.98800 0.00710
vt 0.01200 1.00000
vt 0.00000 1.00000
vt 1.00000 0.86720
vt 0.99280 0.86720
vt 0.86720 0.72730
vt 0.86720 0.94720
vt 0.13280 0.94720
vt 0.13280 0.72730
vt 0.77930 0.72220
vt 0.00720 0.72220
vt 0.00830 0.72220
vt 0.22070 0.72220
vt 0.49520 0.72220
vt 0.24860 0.72220
vt 0.50480 0.72220
vt 0.75140 0.72220
vt 0.00000 0.72220
vt 0.01200 0.72220
vt 0.77930 0.71950
vt 0.00720 0.71950
vt 0.00830 0.71950
vt 0.22070 0.71950
vt 0.49520 0.71950
vt 0.24860 0.71950
vt 0.50480 0.71950
vt 0.75140 0.71950
vt 0.00000 0.71950
vt 0.01200 0.71950
vt 0.00000 0.14970
vt 0.01200 0.14970
vt 0.00720 0.14970
vt 0.00830 0.14970
vt 0.14970 0.94720
vt 0.14970 0.72730
vt 0.85030 0.72730
vt 0.85030 0.94720
vt 1.00000 0.27990
vt 1.00000 0.28060
vt 0.99170 0.28060
vt 0.99170 0.27990
vt 0.22070 0.27990
vt 0.22070 0.28060
vt 0.77930 0.27990
vt 0.77930 0.28060
vt 0.50480 0.28060
vt 0.50480 0.27990
vt 0.75140 0.27990
vt 0.75140 0.28060
vt 0.49520 0.28060
vt 0.49520 0.27990
vt 0.24860 0.27990
vt 0.24860 0.28060
vt 0.99280 0.27990
vt 0.99280 0.28060
vt 0.98800 0.28060
vt 0.98800 0.27990
vt 1.00000 0.14970
vt 0.99170 0.14970
vt 0.22070 0.14970
vt 0.77930 0.14970
vt 0.50480 0.14970
vt 0.75140 0.14970
vt 0.49520 0.14970
vt 0.24860 0.14970
vt 0.99280 0.14970
vt 0.98800 0.14970
vt 0.00000 0.00710
vt 0.00720 0.00710
vt 0.00710 0.94720
vt 0.00710 0.72730
vt 0.99290 0.72730
vt 0.99290 0.94720
vt 0.00000 0.00000
vt 0.00720 0.00390
# 196 texture verticies
vn -0.57738 -0.57728 -0.57738
vn 0.00000 -0.70711 -0.70711
vn 0.00000 -0.99637 0.08510
vn -0.70256 -0.70256 0.11319
vn 0.57735 0.57735 -0.57735
vn 0.00000 0.70711 -0.70711
vn 0.00000 0.99637 0.08510
vn 0.70256 0.70256 0.11319
vn -0.70711 0.00000 -0.70711
vn 0.00000 0.00000 -1.00000
vn 0.70711 0.00000 -0.70711
vn 0.08680 0.00000 0.99623
vn 0.08660 0.00000 0.99624
vn 0.00000 0.00000 1.00000
vn -0.08670 0.00000 0.99623
vn 0.99580 0.00000 0.09160
vn 0.99579 0.00000 0.09170
vn -0.99580 0.00000 0.09160
vn -0.99579 0.00000 0.09170
vn -0.57735 0.57735 -0.57735
vn 0.07380 0.00000 0.99727
vn 0.05540 0.05540 0.99693
vn 0.00000 0.07380 0.99727
vn 0.99636 0.00000 0.08530
vn -0.99636 0.00000 0.08520
vn -0.70256 0.70256 0.11319
vn 0.00000 0.00000 1.00000
vn -0.07380 0.00000 0.99727
vn -0.08010 0.00000 0.99679
vn 0.00000 -0.07380 0.99727
vn -0.05540 0.05540 0.99693
vn 0.00000 0.99637 0.08510
vn 0.00000 0.00000 1.00000
vn 0.00000 -0.99637 0.08510
vn 0.00000 -0.07380 0.99727
vn 0.00000 0.00000 1.00000
vn 0.57735 -0.57735 -0.57735
vn 0.70256 -0.70256 0.11319
vn 0.05540 -0.05540 0.99693
vn 0.07400 0.00000 0.99726
vn 0.08010 0.00000 0.99679
vn 0.99609 0.00000 0.08830
vn -0.99609 0.00000 0.08830
vn -0.08660 0.00000 0.99624
vn -0.08680 0.00000 0.99623
vn -0.08090 0.00000 0.99672
vn 0.99607 0.00000 0.08860
vn -0.70711 -0.00000 -0.70711
vn -0.99607 0.00000 0.08860
vn 0.08670 0.00000 0.99623
vn 0.08090 0.00000 0.99672
vn -0.07400 0.00000 0.99726
vn -0.99636 0.00000 0.08530
vn -0.05540 -0.05540 0.99693
# 54 normals
usemtl Wood
f  1379/1085/673 1380/1086/674 1381/1087/675 1382/1088/676
f  1383/1085/677 1384/1089/678 1385/1090/679 1386/1088/680
f  1399/1091/681 1400/1092/681 1401/1093/682 1402/1094/682
f  1403/1095/683 1404/1096/683 1405/1097/682 1406/1098/682
f  1407/1099/684 1408/1100/685 1409/1101/686 1410/1102/686
f  1411/1103/687 1412/1104/687 1413/1105/686 1414/1106/686
f  1415/1107/683 1416/1108/683 1417/1109/688 1418/1110/689
f  1419/1111/689 1420/1112/688 1404/1113/683 1403/1114/683
f  1421/1115/681 1422/1116/681 1423/1117/690 1424/1118/691
f  1425/1119/691 1426/1120/690 1400/1121/681 1399/1122/681
f  1429/1123/681 1430/1124/692 1431/1125/678 1432/1126/682
f  1433/1127/693 1391/1128/694 1392/1129/695 1434/1130/686
f  1435/1131/683 1383/1132/677 1386/1133/680 1436/1134/696
f  1398/1135/697 1397/1088/698 1430/1085/692 1429/1136/681
f  1380/1086/674 1437/1137/674 1438/1138/675 1381/1087/675
f  1431/1139/678 1430/1132/692 1397/1133/698 1439/1140/679
f  1432/1126/682 1442/1141/682 1443/1142/682 1444/1143/682
f  1380/1144/674 1379/1145/673 1445/1146/681 1446/1147/682
f  1447/1148/699 1394/1149/700 1427/1150/701 1448/1151/686
f  1388/1152/702 1440/1153/702 1449/1154/699 1450/1155/686
f  1431/1125/678 1451/1156/678 1442/1141/682 1432/1126/682
f  1441/1157/695 1393/1158/703 1394/1149/700 1447/1148/699
f  1452/1159/678 1451/1160/678 1453/1161/679 1454/1162/704
f  1457/1163/674 1437/1164/674 1458/1165/682 1459/1166/682
f  1460/1167/686 1461/1168/705 1462/1169/686 1463/1170/686
f  1456/1171/695 1455/1172/695 1461/1168/705 1460/1167/686
f  1457/1173/674 1464/1174/674 1465/1175/675 1466/1176/706
f  1469/1177/682 1470/1178/682 1471/1179/682 1472/1180/682
f  1468/1181/707 1467/1182/707 1473/1183/686 1474/1184/708
f  1452/1185/678 1475/1186/678 1470/1178/682 1469/1177/682
f  1384/1089/678 1475/1187/678 1476/1188/704 1385/1090/679
f  1478/1189/674 1464/1190/674 1479/1191/682 1480/1192/682
f  1434/1130/686 1481/1193/686 1482/1194/686 1483/1195/686
f  1392/1129/695 1477/1196/695 1481/1193/686 1434/1130/686
f  1478/1197/674 1484/1132/709 1395/1133/710 1485/1198/675
f  1487/1199/682 1435/1200/683 1488/1201/683 1489/1202/682
f  1486/1203/707 1389/1204/711 1390/1205/712 1490/1206/686
f  1384/1207/678 1383/1208/677 1435/1200/683 1487/1199/682
f  1464/1174/674 1478/1197/674 1485/1198/675 1465/1175/675
f  1470/1178/682 1487/1199/682 1489/1202/682 1471/1179/682
f  1467/1182/707 1486/1203/707 1490/1206/686 1473/1183/686
f  1475/1186/678 1384/1207/678 1487/1199/682 1470/1178/682
f  1475/1187/678 1452/1159/678 1454/1162/704 1476/1188/704
f  1464/1190/674 1457/1163/674 1459/1166/682 1479/1191/682
f  1481/1193/686 1460/1167/686 1463/1170/686 1482/1194/686
f  1477/1196/695 1456/1171/695 1460/1167/686 1481/1193/686
f  1437/1137/674 1457/1173/674 1466/1176/706 1438/1138/675
f  1442/1141/682 1469/1177/682 1472/1180/682 1443/1142/682
f  1440/1153/702 1468/1181/707 1474/1184/708 1449/1154/699
f  1451/1156/678 1452/1185/678 1469/1177/682 1442/1141/682
f  1451/1160/678 1431/1139/678 1439/1140/679 1453/1161/679
f  1437/1164/674 1380/1144/674 1446/1147/682 1458/1165/682
f  1461/1168/705 1447/1148/699 1448/1151/686 1462/1169/686
f  1455/1172/695 1441/1157/695 1447/1148/699 1461/1168/705
f  1491/1209/681 1429/1123/681 1432/1126/682 1444/1143/682
f  1492/1210/713 1433/1127/693 1434/1130/686 1483/1195/686
f  1488/1211/683 1435/1131/683 1436/1134/696 1493/1212/714
f  1428/1213/715 1398/1135/697 1429/1136/681 1491/1214/681
f  1443/1142/682 1495/1215/682 1401/1093/682 1444/1143/682
f  1427/1150/701 1494/1216/716 1496/1217/686 1448/1151/686
f  1462/1169/686 1497/1218/686 1498/1219/686 1463/1170/686
f  1471/1179/682 1499/1220/682 1500/1221/682 1472/1180/682
f  1482/1194/686 1501/1222/686 1409/1101/686 1483/1195/686
f  1488/1201/683 1416/1223/683 1502/1224/682 1489/1202/682
f  1489/1202/682 1502/1224/682 1499/1220/682 1471/1179/682
f  1463/1170/686 1498/1219/686 1501/1222/686 1482/1194/686
f  1472/1180/682 1500/1221/682 1495/1215/682 1443/1142/682
f  1448/1151/686 1496/1217/686 1497/1218/686 1462/1169/686
f  1400/1092/681 1491/1209/681 1444/1143/682 1401/1093/682
f  1408/1100/685 1492/1210/713 1483/1195/686 1409/1101/686
f  1416/1108/683 1488/1211/683 1493/1212/714 1417/1109/688
f  1426/1120/690 1428/1213/715 1491/1214/681 1400/1121/681
f  1495/1215/682 1504/1225/682 1402/1094/682 1401/1093/682
f  1494/1216/716 1503/1226/717 1505/1227/686 1496/1217/686
f  1497/1218/686 1506/1228/686 1507/1229/686 1498/1219/686
f  1499/1220/682 1508/1230/682 1509/1231/682 1500/1221/682
f  1501/1222/686 1510/1232/686 1410/1102/686 1409/1101/686
f  1416/1223/683 1415/1233/683 1511/1234/682 1502/1224/682
f  1502/1224/682 1511/1234/682 1508/1230/682 1499/1220/682
f  1498/1219/686 1507/1229/686 1510/1232/686 1501/1222/686
f  1500/1221/682 1509/1231/682 1504/1225/682 1495/1215/682
f  1496/1217/686 1505/1227/686 1506/1228/686 1497/1218/686
f  1404/1096/683 1514/1235/683 1515/1236/682 1405/1097/682
f  1412/1104/687 1516/1237/718 1517/1238/686 1413/1105/686
f  1420/1112/688 1518/1239/719 1514/1240/683 1404/1113/683
f  1422/1116/681 1519/1241/720 1520/1242/721 1423/1117/690
f  1422/1243/681 1421/1244/681 1521/1245/682 1522/1246/682
f  1523/1247/686 1524/1248/686 1414/1106/686 1413/1105/686
f  1525/1249/682 1526/1250/682 1527/1251/682 1528/1252/682
f  1529/1253/705 1530/1254/705 1531/1255/705 1532/1256/705
f  1533/1257/682 1534/1258/682 1406/1098/682 1405/1097/682
f  1513/1259/722 1512/1260/684 1535/1261/686 1536/1262/686
f  1536/1262/686 1535/1261/686 1530/1254/705 1529/1253/705
f  1528/1252/682 1527/1251/682 1534/1258/682 1533/1257/682
f  1532/1256/705 1531/1255/705 1524/1248/686 1523/1247/686
f  1522/1246/682 1521/1245/682 1526/1250/682 1525/1249/682
f  1519/1263/720 1422/1243/681 1522/1246/682 1538/1264/682
f  1539/1265/686 1523/1247/686 1413/1105/686 1517/1238/686
f  1540/1266/682 1525/1249/682 1528/1252/682 1541/1267/682
f  1542/1268/705 1529/1253/705 1532/1256/705 1543/1269/705
f  1544/1270/682 1533/1257/682 1405/1097/682 1515/1236/682
f  1537/1271/723 1513/1259/722 1536/1262/686 1545/1272/686
f  1545/1272/686 1536/1262/686 1529/1253/705 1542/1268/705
f  1541/1267/682 1528/1252/682 1533/1257/682 1544/1270/682
f  1543/1269/705 1532/1256/705 1523/1247/686 1539/1265/686
f  1538/1264/682 1522/1246/682 1525/1249/682 1540/1266/682
f  1514/1235/683 1546/1273/683 1480/1192/682 1515/1236/682
f  1516/1237/718 1547/1274/724 1450/1155/686 1517/1238/686
f  1518/1239/719 1396/1275/696 1546/1276/683 1514/1240/683
f  1519/1241/720 1445/1277/681 1548/1278/725 1520/1242/721
f  1445/1146/681 1519/1263/720 1538/1264/682 1446/1147/682
f  1449/1154/699 1539/1265/686 1517/1238/686 1450/1155/686
f  1458/1165/682 1540/1266/682 1541/1267/682 1459/1166/682
f  1473/1183/686 1542/1268/705 1543/1269/705 1474/1184/708
f  1479/1191/682 1544/1270/682 1515/1236/682 1480/1192/682
f  1390/1205/712 1537/1271/723 1545/1272/686 1490/1206/686
f  1490/1206/686 1545/1272/686 1542/1268/705 1473/1183/686
f  1459/1166/682 1541/1267/682 1544/1270/682 1479/1191/682
f  1474/1184/708 1543/1269/705 1539/1265/686 1449/1154/699
f  1446/1147/682 1538/1264/682 1540/1266/682 1458/1165/682
f  1546/1273/683 1484/1279/709 1478/1189/674 1480/1192/682
f  1547/1274/724 1387/1280/726 1388/1152/702 1450/1155/686
f  1396/1275/696 1395/1088/710 1484/1085/709 1546/1276/683
f  1445/1277/681 1379/1132/673 1382/1133/676 1548/1278/725
# object Box094
g Box0941
v -0.50125 -0.55597 0.59341
v -0.50125 -0.55597 0.52265
v 0.09875 -0.55597 0.52265
v 0.09875 -0.55597 0.59341
v 0.09875 -0.47820 0.52265
v 0.09875 -0.47820 0.59341
v 0.09875 0.54403 0.59341
v 0.09875 0.54403 0.52265
v -0.50125 0.54403 0.52265
v -0.50125 0.54403 0.59341
v -0.50125 0.46620 0.52265
v -0.50125 0.46620 0.59341
v -0.49798 -0.55271 0.51803
v -0.49798 -0.47820 0.51803
v -0.47384 -0.47820 0.51803
v -0.47451 -0.52924 0.51803
v -0.49798 0.54076 0.51803
v 0.09549 0.54076 0.51803
v 0.07202 0.51729 0.51803
v -0.47451 0.51729 0.51803
v 0.09549 0.46620 0.51803
v 0.07135 0.46620 0.51803
v 0.09549 -0.55271 0.51803
v 0.07202 -0.52924 0.51803
v 0.06506 0.24403 0.59803
v 0.06875 0.24865 0.59803
v 0.06506 0.27403 0.59803
v -0.46755 0.27403 0.59803
v -0.47125 0.24865 0.59803
v -0.46755 0.24403 0.59803
v -0.47125 -0.26059 0.59803
v 0.06875 -0.26059 0.59803
v -0.46755 0.24403 0.51803
v -0.47059 0.24707 0.51803
v -0.47125 0.24865 0.51803
v -0.47125 0.26941 0.51803
v -0.47059 0.27098 0.51803
v -0.46755 0.27403 0.51803
v 0.06506 0.27403 0.51803
v 0.06810 0.27098 0.51803
v 0.06875 0.26941 0.51803
v 0.06875 0.24865 0.51803
v 0.06810 0.24707 0.51803
v 0.06506 0.24403 0.51803
v 0.06875 -0.26059 0.51803
v 0.06875 -0.28135 0.51803
v -0.47125 -0.28135 0.51803
v -0.47125 -0.26059 0.51803
v 0.06875 -0.25597 0.59341
v 0.06875 -0.23652 0.59341
v 0.06875 -0.23652 0.58765
v 0.06875 -0.25597 0.58765
v 0.06875 0.24403 0.59341
v 0.06810 0.24403 0.59498
v -0.47059 0.24403 0.59498
v -0.47125 0.24403 0.59341
v -0.47125 0.24403 0.58765
v -0.47041 0.24403 0.58634
v -0.46844 0.24403 0.58543
v -0.45658 0.24403 0.59562
v -0.45094 0.24403 0.59771
v -0.44915 0.24403 0.59803
v -0.42839 0.24403 0.59803
v -0.42654 0.24403 0.59799
v -0.42009 0.24403 0.59775
v -0.26339 0.24403 0.58330
v -0.25693 0.24403 0.58306
v -0.25508 0.24403 0.58303
v -0.22432 0.24403 0.58303
v -0.22248 0.24403 0.58303
v -0.21601 0.24403 0.58303
v 0.06506 0.24403 0.58303
v 0.06810 0.24403 0.58607
v 0.06875 0.24403 0.58765
v -0.47125 0.24335 0.59341
v -0.47125 0.24335 0.58765
v -0.47125 -0.25597 0.59341
v -0.22432 -0.25597 0.58303
v -0.25508 -0.25597 0.58303
v -0.25693 -0.25597 0.58306
v -0.26339 -0.25597 0.58330
v -0.42009 -0.25597 0.59775
v -0.42654 -0.25597 0.59799
v -0.42839 -0.25597 0.59803
v -0.44915 -0.25597 0.59803
v -0.45094 -0.25597 0.59771
v -0.45658 -0.25597 0.59562
v -0.46844 -0.25597 0.58543
v -0.47041 -0.25597 0.58634
v -0.47125 -0.25597 0.58765
v -0.47125 -0.25597 0.52265
v -0.47125 -0.23652 0.52265
v -0.47125 -0.23652 0.55841
v -0.47125 -0.25597 0.55841
v -0.47125 0.24403 0.52265
v -0.47059 0.24403 0.52107
v 0.06810 0.24403 0.52107
v 0.06875 0.24403 0.52265
v 0.06875 0.24403 0.55841
v 0.06810 0.24403 0.55998
v 0.06506 0.24403 0.56303
v -0.21601 0.24403 0.56303
v -0.22248 0.24403 0.56303
v -0.22432 0.24403 0.56303
v -0.25508 0.24403 0.56303
v -0.25693 0.24403 0.56306
v -0.26339 0.24403 0.56330
v -0.42009 0.24403 0.57775
v -0.42654 0.24403 0.57799
v -0.42839 0.24403 0.57803
v -0.44915 0.24403 0.57803
v -0.45094 0.24403 0.57771
v -0.45658 0.24403 0.57562
v -0.46844 0.24403 0.56543
v -0.47086 0.24403 0.56017
v -0.47125 0.24403 0.55841
v 0.06875 0.24335 0.52265
v 0.06875 0.24335 0.55841
v 0.06875 -0.25597 0.52265
v -0.47086 -0.25597 0.56017
v -0.46844 -0.25597 0.56543
v -0.45658 -0.25597 0.57562
v -0.45094 -0.25597 0.57771
v -0.44915 -0.25597 0.57803
v -0.42839 -0.25597 0.57803
v -0.42654 -0.25597 0.57799
v -0.42009 -0.25597 0.57775
v -0.26339 -0.25597 0.56330
v -0.25693 -0.25597 0.56306
v -0.25508 -0.25597 0.56303
v -0.22432 -0.25597 0.56303
v 0.06875 -0.25597 0.55841
v 0.06875 0.51403 0.59341
v -0.47125 0.51403 0.59341
v -0.47125 0.51403 0.52265
v 0.06875 0.51403 0.52265
v -0.47125 0.27403 0.59341
v -0.47059 0.27403 0.59498
v 0.06810 0.27403 0.59498
v 0.06875 0.27403 0.59341
v 0.06875 0.27403 0.52265
v 0.06810 0.27403 0.52107
v -0.47059 0.27403 0.52107
v -0.47125 0.27403 0.52265
v 0.06875 0.46620 0.59341
v 0.06875 0.46620 0.52265
v -0.47125 -0.52597 0.59341
v 0.06875 -0.52597 0.59341
v 0.06875 -0.52597 0.52265
v -0.47125 -0.52597 0.52265
v 0.06875 -0.47820 0.59341
v 0.06875 -0.47820 0.52265
v 0.06875 -0.28597 0.59341
v -0.47125 -0.28597 0.59341
v -0.47125 -0.28597 0.52265
v 0.06875 -0.28597 0.52265
v -0.47125 0.46620 0.52265
v -0.47125 0.46620 0.59341
v 0.06875 0.24403 0.57841
v 0.06875 0.24403 0.56765
v 0.06875 0.24335 0.56765
v 0.06875 0.24335 0.57841
v -0.47086 0.24403 0.58017
v -0.47125 0.24403 0.57841
v -0.47125 0.24403 0.56765
v -0.47041 0.24403 0.56634
v -0.45416 0.24403 0.58088
v -0.45377 0.24403 0.58265
v -0.45377 0.24403 0.59341
v -0.45461 0.24403 0.59472
v 0.06875 -0.25597 0.57841
v 0.06875 -0.25597 0.56765
v -0.21970 -0.25597 0.56765
v -0.21970 -0.25597 0.57841
v -0.47125 0.24335 0.57841
v -0.47125 0.24335 0.56765
v -0.21970 0.24403 0.56765
v -0.21905 0.24403 0.56607
v 0.06810 0.24403 0.56607
v 0.06810 0.24403 0.57998
v -0.21905 0.24403 0.57998
v -0.21970 0.24403 0.57841
v -0.25970 -0.25597 0.56765
v -0.26038 -0.25597 0.56609
v -0.42314 -0.25597 0.58105
v -0.42377 -0.25597 0.58265
v -0.42377 -0.25597 0.59341
v -0.42310 -0.25597 0.59496
v -0.26033 -0.25597 0.58001
v -0.25970 -0.25597 0.57841
v -0.22432 0.24335 0.56303
v -0.25508 0.24335 0.56303
v -0.25970 0.24403 0.57841
v -0.25970 0.24403 0.56765
v -0.25970 0.24335 0.56765
v -0.25970 0.24335 0.57841
v -0.42377 0.24403 0.58265
v -0.42314 0.24403 0.58105
v -0.26038 0.24403 0.56609
v -0.26033 0.24403 0.58001
v -0.42310 0.24403 0.59496
v -0.42377 0.24403 0.59341
v -0.45377 -0.25597 0.58265
v -0.45416 -0.25597 0.58088
v -0.47041 -0.25597 0.56634
v -0.47125 -0.25597 0.56765
v -0.47125 -0.25597 0.57841
v -0.47086 -0.25597 0.58017
v -0.45461 -0.25597 0.59472
v -0.45377 -0.25597 0.59341
v -0.42839 0.24335 0.57803
v -0.44915 0.24335 0.57803
v 0.06875 0.24707 0.59737
v 0.06875 0.24468 0.59498
v -0.47125 0.24707 0.59737
v -0.47125 0.24468 0.59498
v -0.47125 0.24707 0.51868
v -0.47125 0.24468 0.52107
v 0.06875 0.24707 0.51868
v 0.06875 0.24468 0.52107
v 0.06875 0.24403 0.58580
v 0.06875 0.24403 0.58025
v -0.47125 0.24403 0.58580
v -0.47125 0.24403 0.58025
v -0.47125 -0.25597 0.58580
v -0.47125 -0.25597 0.58025
v -0.47125 -0.25597 0.56025
v -0.47125 -0.25597 0.56580
v -0.47125 0.24403 0.56025
v -0.47125 0.24403 0.56580
v 0.06875 0.24403 0.56025
v 0.06875 0.24403 0.56580
v -0.22275 0.24403 0.58237
v -0.22036 0.24403 0.57998
v -0.25905 0.24403 0.56607
v -0.25666 0.24403 0.56368
v -0.25666 -0.25597 0.56368
v -0.25905 -0.25597 0.56607
v -0.25666 0.24403 0.58237
v -0.25905 0.24403 0.57998
v -0.25666 -0.25597 0.58237
v -0.25905 -0.25597 0.57998
v -0.22036 0.24403 0.56607
v -0.22275 0.24403 0.56368
v -0.45312 0.24403 0.59498
v -0.45073 0.24403 0.59737
v -0.45312 -0.25597 0.58107
v -0.45073 -0.25597 0.57868
v -0.45073 -0.25597 0.59737
v -0.45312 -0.25597 0.59498
v -0.45073 0.24403 0.57868
v -0.45312 0.24403 0.58107
v -0.42681 0.24403 0.59737
v -0.42443 0.24403 0.59498
v -0.42681 -0.25597 0.57868
v -0.42443 -0.25597 0.58107
v -0.42443 -0.25597 0.59498
v -0.42681 -0.25597 0.59737
v -0.42443 0.24403 0.58107
v -0.42681 0.24403 0.57868
v 0.06875 -0.25663 0.59498
v 0.06875 -0.25901 0.59737
v 0.06875 -0.23652 0.59737
v 0.06875 -0.23652 0.59498
v -0.47125 0.24335 0.59737
v -0.47125 0.24335 0.59498
v -0.47125 -0.25663 0.52107
v -0.47125 -0.25901 0.51868
v -0.47125 -0.23652 0.51868
v -0.47125 -0.23652 0.52107
v 0.06875 0.24335 0.51868
v 0.06875 0.24335 0.52107
v -0.47125 -0.25663 0.59498
v -0.47125 -0.25901 0.59737
v 0.06875 -0.25663 0.52107
v 0.06875 -0.25901 0.51868
v 0.06875 0.24335 0.58025
v 0.06875 0.24335 0.58580
v -0.47125 -0.23652 0.58025
v -0.47125 -0.23652 0.58580
v 0.06875 -0.25597 0.58580
v 0.06875 -0.25597 0.58025
v -0.22036 -0.25597 0.57998
v -0.22275 -0.25597 0.58237
v -0.47125 0.24335 0.56580
v -0.47125 0.24335 0.56025
v 0.06875 -0.25597 0.56025
v 0.06875 -0.25597 0.56580
v 0.06875 -0.23652 0.56580
v 0.06875 -0.23652 0.56025
v -0.22275 -0.25597 0.56368
v -0.22036 -0.25597 0.56607
v 0.06875 0.24335 0.58765
v -0.47125 -0.23652 0.58765
v -0.47125 0.24335 0.55841
v 0.06875 -0.23652 0.55841
v -0.50125 -0.47820 0.52265
v 0.09875 0.46620 0.52265
v 0.06875 -0.23652 0.59803
v -0.47125 0.24335 0.59803
v -0.47125 -0.23652 0.51803
v -0.47384 0.46620 0.51803
v 0.06875 0.24335 0.51803
v 0.07135 -0.47820 0.51803
v -0.47125 -0.23652 0.57841
v 0.06875 -0.23652 0.56765
v 0.09875 0.00221 0.52265
v 0.09875 0.24335 0.52265
v 0.09875 0.24335 0.59341
v 0.09875 0.00221 0.59341
v -0.50125 0.00221 0.52265
v -0.50125 -0.23652 0.52265
v -0.50125 -0.23652 0.59341
v -0.50125 0.00221 0.59341
v 0.06875 0.24335 0.59803
v 0.06875 0.00221 0.59803
v -0.47125 -0.23652 0.59803
v -0.47125 0.00221 0.59803
v -0.49798 0.00221 0.51803
v -0.49798 0.24335 0.51803
v -0.47125 0.24335 0.51803
v -0.47125 0.00221 0.51803
v 0.09549 0.00221 0.51803
v 0.09549 -0.23652 0.51803
v 0.06875 -0.23652 0.51803
v 0.06875 0.00221 0.51803
v 0.06875 0.00221 0.59341
v 0.06875 0.24335 0.59341
v 0.06875 0.00221 0.58765
v -0.47125 0.00221 0.59341
v -0.47125 -0.23652 0.59341
v -0.47125 0.00221 0.58765
v -0.47125 0.00221 0.52265
v -0.47125 0.24335 0.52265
v -0.47125 0.00221 0.55841
v 0.06875 0.00221 0.52265
v 0.06875 -0.23652 0.52265
v 0.06875 0.00221 0.55841
v 0.06875 0.00221 0.56765
v 0.06875 -0.23652 0.57841
v 0.06875 0.00221 0.57841
v -0.47125 0.00221 0.57841
v -0.47125 -0.23652 0.56765
v -0.47125 0.00221 0.56765
v -0.22432 0.00221 0.56303
v -0.22432 -0.23652 0.56303
v -0.25508 -0.23652 0.56303
v -0.25508 0.00221 0.56303
v -0.25970 0.00221 0.56765
v -0.25970 -0.23652 0.56765
v -0.25970 -0.23652 0.57841
v -0.25970 0.00221 0.57841
v -0.42839 0.00221 0.57803
v -0.42839 -0.23652 0.57803
v -0.44915 -0.23652 0.57803
v -0.44915 0.00221 0.57803
v 0.06875 0.00221 0.59737
v 0.06875 0.24335 0.59737
v 0.06875 0.24335 0.59498
v 0.06875 0.00221 0.59498
v -0.47125 0.00221 0.59737
v -0.47125 -0.23652 0.59737
v -0.47125 -0.23652 0.59498
v -0.47125 0.00221 0.59498
v -0.47125 0.00221 0.51868
v -0.47125 0.24335 0.51868
v -0.47125 0.24335 0.52107
v -0.47125 0.00221 0.52107
v 0.06875 0.00221 0.51868
v 0.06875 -0.23652 0.51868
v 0.06875 -0.23652 0.52107
v 0.06875 0.00221 0.52107
v 0.06875 0.00221 0.58025
v 0.06875 -0.23652 0.58025
v 0.06875 -0.23652 0.58580
v 0.06875 0.00221 0.58580
v -0.47125 0.00221 0.58025
v -0.47125 0.24335 0.58025
v -0.47125 0.24335 0.58580
v -0.47125 0.00221 0.58580
v -0.47125 0.00221 0.56580
v -0.47125 -0.23652 0.56580
v -0.47125 -0.23652 0.56025
v -0.47125 0.00221 0.56025
v 0.06875 0.00221 0.56580
v 0.06875 0.24335 0.56580
v 0.06875 0.24335 0.56025
v 0.06875 0.00221 0.56025
v -0.50125 0.24335 0.52265
v 0.09875 -0.23652 0.52265
v 0.09875 -0.23652 0.59341
v -0.49798 -0.23652 0.51803
v -0.50125 -0.47820 0.59341
v 0.09549 -0.47820 0.51803
v -0.50125 0.24335 0.59341
v 0.09549 0.24335 0.51803
v 0.09875 0.46620 0.59341
v -0.49798 0.46620 0.51803
# 398 verticies
vt 0.12870 0.68530
vt 0.12870 0.04200
vt 0.87130 0.04200
vt 0.87130 0.68530
vt 0.13330 0.68530
vt 0.13330 0.04200
vt 0.18520 0.04200
vt 0.18520 0.68530
vt 0.86720 0.13550
vt 0.86720 0.18520
vt 0.83740 0.18520
vt 0.83820 0.15120
vt 0.86720 0.86450
vt 0.13280 0.86450
vt 0.16180 0.84880
vt 0.83820 0.84880
vt 0.13280 0.81480
vt 0.16260 0.81480
vt 0.13280 0.13550
vt 0.16180 0.15120
vt 0.82960 0.66670
vt 0.83330 0.66870
vt 0.83420 0.66970
vt 0.83420 0.68360
vt 0.83330 0.68460
vt 0.82960 0.68670
vt 0.17040 0.68670
vt 0.16670 0.68460
vt 0.16580 0.68360
vt 0.16580 0.66970
vt 0.16670 0.66870
vt 0.17040 0.66670
vt 0.16580 0.33030
vt 0.16580 0.31640
vt 0.83420 0.31640
vt 0.83420 0.33030
vt 0.66670 0.68530
vt 0.65370 0.68530
vt 0.65370 0.63290
vt 0.66670 0.63290
vt 0.16690 0.62100
vt 0.16930 0.61280
vt 0.16580 0.63290
vt 0.18400 0.70540
vt 0.16580 0.68530
vt 0.16670 0.69960
vt 0.17040 0.72730
vt 0.19100 0.72440
vt 0.19320 0.72730
vt 0.21890 0.72730
vt 0.43110 0.59120
vt 0.22920 0.72480
vt 0.42310 0.59340
vt 0.43340 0.59090
vt 0.47140 0.59090
vt 0.47370 0.59090
vt 0.48170 0.59090
vt 0.82960 0.59090
vt 0.22120 0.72700
vt 0.83330 0.61860
vt 0.83420 0.63290
vt 0.83420 0.68530
vt 0.83330 0.69960
vt 0.82960 0.72730
vt 0.66620 0.68530
vt 0.66620 0.63290
vt 0.83310 0.62100
vt 0.83070 0.61280
vt 0.81600 0.70540
vt 0.56890 0.59120
vt 0.57690 0.59340
vt 0.56660 0.59090
vt 0.52860 0.59090
vt 0.33330 0.04200
vt 0.34630 0.04200
vt 0.34630 0.36710
vt 0.33330 0.36710
vt 0.83330 0.02770
vt 0.17040 0.00000
vt 0.82960 0.00000
vt 0.16670 0.02770
vt 0.83420 0.04200
vt 0.16580 0.04200
vt 0.83420 0.36710
vt 0.16580 0.36710
vt 0.16630 0.38310
vt 0.83330 0.38140
vt 0.82960 0.40910
vt 0.48170 0.40910
vt 0.47370 0.40910
vt 0.47140 0.40910
vt 0.43340 0.40910
vt 0.16930 0.43100
vt 0.43110 0.40940
vt 0.42310 0.41160
vt 0.22920 0.54300
vt 0.18400 0.52360
vt 0.19100 0.54250
vt 0.22120 0.54510
vt 0.21890 0.54550
vt 0.19320 0.54550
vt 0.33380 0.04200
vt 0.33380 0.36710
vt 0.80680 0.54550
vt 0.78110 0.54550
vt 0.80900 0.54250
vt 0.77880 0.54510
vt 0.77080 0.54300
vt 0.57690 0.41160
vt 0.81600 0.52360
vt 0.83070 0.43100
vt 0.83370 0.38310
vt 0.56890 0.40940
vt 0.56660 0.40910
vt 0.52860 0.40910
vt 0.31330 0.68530
vt 0.31330 0.04200
vt 0.84670 0.68530
vt 0.81480 0.68530
vt 0.81480 0.04200
vt 0.84670 0.04200
vt 0.68670 0.04200
vt 0.68670 0.68530
vt 0.33330 0.54890
vt 0.33330 0.45110
vt 0.33380 0.45110
vt 0.33380 0.54890
vt 0.16630 0.56490
vt 0.16580 0.54890
vt 0.16580 0.45110
vt 0.16690 0.43920
vt 0.18700 0.57140
vt 0.18750 0.58750
vt 0.18750 0.68530
vt 0.18640 0.69720
vt 0.52280 0.45110
vt 0.52280 0.54890
vt 0.66670 0.45110
vt 0.66670 0.54890
vt 0.66620 0.54890
vt 0.66620 0.45110
vt 0.47720 0.45110
vt 0.47800 0.43680
vt 0.83330 0.43680
vt 0.83420 0.45110
vt 0.83420 0.54890
vt 0.83330 0.56320
vt 0.47800 0.56320
vt 0.47720 0.54890
vt 0.57230 0.45110
vt 0.57320 0.43700
vt 0.77460 0.57290
vt 0.77540 0.58750
vt 0.77540 0.68530
vt 0.77460 0.69940
vt 0.77080 0.72480
vt 0.57310 0.56350
vt 0.57230 0.54890
vt 0.56660 0.66670
vt 0.52860 0.66670
vt 0.52860 0.66620
vt 0.56660 0.66620
vt 0.22460 0.58750
vt 0.22540 0.57290
vt 0.42680 0.43700
vt 0.42770 0.45110
vt 0.42770 0.54890
vt 0.42690 0.56350
vt 0.22540 0.69940
vt 0.22460 0.68530
vt 0.81250 0.58750
vt 0.81300 0.57140
vt 0.83310 0.43920
vt 0.83370 0.56490
vt 0.81360 0.69720
vt 0.81250 0.68530
vt 0.80680 0.66670
vt 0.78110 0.66670
vt 0.78110 0.66620
vt 0.80680 0.66620
vt 0.83420 0.61610
vt 0.83420 0.56570
vt 0.16580 0.61610
vt 0.16580 0.56570
vt 0.83420 0.38390
vt 0.83420 0.43430
vt 0.16580 0.38390
vt 0.16580 0.43430
vt 0.47340 0.58500
vt 0.47630 0.56320
vt 0.42850 0.43680
vt 0.43140 0.41500
vt 0.56860 0.41500
vt 0.57150 0.43680
vt 0.43140 0.58500
vt 0.42850 0.56320
vt 0.56860 0.58500
vt 0.57150 0.56320
vt 0.47630 0.43680
vt 0.47340 0.41500
vt 0.18830 0.69960
vt 0.19120 0.72130
vt 0.81170 0.57310
vt 0.80880 0.55140
vt 0.80900 0.72440
vt 0.80880 0.72130
vt 0.81170 0.69960
vt 0.19120 0.55140
vt 0.18830 0.57310
vt 0.22080 0.72130
vt 0.22380 0.69960
vt 0.77920 0.55140
vt 0.77620 0.57310
vt 0.77620 0.69960
vt 0.77920 0.72130
vt 0.77880 0.72700
vt 0.22380 0.57310
vt 0.22080 0.55140
vt 0.66710 0.69960
vt 0.66870 0.72130
vt 0.65370 0.72130
vt 0.65370 0.69960
vt 0.66620 0.72130
vt 0.66620 0.69960
vt 0.33290 0.02770
vt 0.33130 0.00590
vt 0.34630 0.00590
vt 0.34630 0.02770
vt 0.33380 0.00590
vt 0.33380 0.02770
vt 0.33330 0.61610
vt 0.33330 0.56570
vt 0.33380 0.56570
vt 0.33380 0.61610
vt 0.34630 0.56570
vt 0.34630 0.61610
vt 0.52370 0.56320
vt 0.52660 0.58500
vt 0.66670 0.38390
vt 0.66670 0.43430
vt 0.66620 0.43430
vt 0.66620 0.38390
vt 0.65370 0.43430
vt 0.65370 0.38390
vt 0.52660 0.41500
vt 0.52370 0.43680
vt 0.80680 0.72730
vt 0.78110 0.72730
vt 0.33330 0.63290
vt 0.33380 0.63290
vt 0.34630 0.63290
vt 0.66670 0.36710
vt 0.66620 0.36710
vt 0.65370 0.36710
vt 0.66970 0.72730
vt 0.65370 0.72730
vt 0.66620 0.72730
vt 0.33030 0.00000
vt 0.34630 0.00000
vt 0.33380 0.00000
vt 0.34630 0.54890
vt 0.65370 0.45110
vt 0.50550 0.04200
vt 0.66620 0.04200
vt 0.50550 0.68530
vt 0.49450 0.04200
vt 0.65370 0.04200
vt 0.49450 0.68530
vt 0.86720 0.50550
vt 0.86720 0.66620
vt 0.83420 0.66620
vt 0.83420 0.50550
vt 0.13280 0.50550
vt 0.13280 0.34630
vt 0.16580 0.34630
vt 0.16580 0.50550
vt 0.33380 0.68530
vt 0.49450 0.63290
vt 0.34630 0.68530
vt 0.50550 0.63290
vt 0.50550 0.36710
vt 0.49450 0.36710
vt 0.49450 0.45110
vt 0.65370 0.54890
vt 0.49450 0.54890
vt 0.50550 0.54890
vt 0.34630 0.45110
vt 0.50550 0.45110
vt 0.52860 0.50550
vt 0.52860 0.34630
vt 0.56660 0.34630
vt 0.56660 0.50550
vt 0.78110 0.50550
vt 0.78110 0.34630
vt 0.80680 0.34630
vt 0.80680 0.50550
vt 0.49450 0.72130
vt 0.33380 0.72130
vt 0.33380 0.69960
vt 0.49450 0.69960
vt 0.50550 0.72130
vt 0.34630 0.72130
vt 0.34630 0.69960
vt 0.50550 0.69960
vt 0.50550 0.00590
vt 0.66620 0.00590
vt 0.66620 0.02770
vt 0.50550 0.02770
vt 0.49450 0.00590
vt 0.65370 0.00590
vt 0.65370 0.02770
vt 0.49450 0.02770
vt 0.49450 0.56570
vt 0.65370 0.56570
vt 0.65370 0.61610
vt 0.49450 0.61610
vt 0.50550 0.56570
vt 0.66620 0.56570
vt 0.66620 0.61610
vt 0.50550 0.61610
vt 0.50550 0.43430
vt 0.34630 0.43430
vt 0.34630 0.38390
vt 0.50550 0.38390
vt 0.49450 0.43430
vt 0.33380 0.43430
vt 0.33380 0.38390
vt 0.49450 0.38390
vt 0.49450 0.72730
vt 0.33380 0.72730
vt 0.50550 0.72730
vt 0.34630 0.72730
vt 0.50550 0.00000
vt 0.66620 0.00000
vt 0.49450 0.00000
vt 0.65370 0.00000
vt 0.86720 0.34630
vt 0.83420 0.34630
vt 0.86670 0.04200
vt 0.86670 0.68530
vt 0.13280 0.18520
vt 0.16260 0.18520
vt 0.33330 0.68530
vt 0.66670 0.04200
vt 0.52860 0.33330
vt 0.56660 0.33330
vt 0.78110 0.33330
vt 0.80680 0.33330
vt 0.33130 0.72130
vt 0.33290 0.69960
vt 0.66870 0.00590
vt 0.66710 0.02770
vt 0.66670 0.56570
vt 0.66670 0.61610
vt 0.33330 0.43430
vt 0.33330 0.38390
vt 0.33030 0.72730
vt 0.66970 0.00000
vt 0.13280 0.66620
vt 0.16580 0.66620
vt 0.86720 0.81480
vt 0.83740 0.81480
vt 0.15330 0.68530
vt 0.15330 0.04200
# 364 texture verticies
vn -0.69554 -0.69554 0.18011
vn -0.69554 -0.69554 -0.18011
vn 0.69554 -0.69554 -0.18011
vn 0.69554 -0.69554 0.18011
vn 0.98987 0.00000 -0.14200
vn 0.98987 0.00000 0.14200
vn 0.69554 0.69554 0.18011
vn 0.69554 0.69554 -0.18011
vn -0.69554 0.69554 -0.18011
vn -0.69554 0.69554 0.18011
vn -0.98987 0.00000 -0.14200
vn -0.98987 0.00000 0.14200
vn -0.20081 -0.20081 -0.95883
vn -0.26190 -0.00000 -0.96510
vn 0.31370 -0.00410 -0.94951
vn 0.06950 0.06880 -0.99521
vn -0.20081 0.20081 -0.95883
vn 0.20081 0.20081 -0.95883
vn -0.06950 -0.06880 -0.99521
vn 0.06950 -0.06880 -0.99521
vn 0.26190 0.00000 -0.96510
vn -0.31379 0.00410 -0.94948
vn 0.20081 -0.20081 -0.95883
vn -0.06950 0.06880 -0.99521
vn -0.14291 -0.69985 -0.69985
vn -0.37989 -0.28609 -0.87968
vn 0.00330 -0.02460 -0.99969
vn 0.00330 0.02540 -0.99967
vn -0.37989 0.28609 -0.87968
vn -0.14291 0.69985 -0.69985
vn 0.14291 0.69985 -0.69985
vn 0.37989 0.28609 -0.87968
vn -0.00330 0.02540 -0.99967
vn -0.00330 -0.02460 -0.99969
vn 0.37989 -0.28609 -0.87968
vn 0.14291 -0.69985 -0.69985
vn -0.06330 0.09690 -0.99328
vn -0.06330 -0.09770 -0.99320
vn 0.06330 -0.09770 -0.99320
vn 0.06330 0.09690 -0.99328
vn -0.75379 0.64449 0.12820
vn -1.00000 0.00000 0.00000
vn -0.70711 0.70711 0.00000
vn 0.00000 -1.00000 0.00000
vn 0.00000 -1.00000 0.00000
vn 0.70711 -0.70711 0.00000
vn -0.55721 0.00920 0.83032
vn 0.71132 -0.70202 0.03460
vn -0.37989 -0.87968 0.28609
vn -0.14291 -0.69985 0.69985
vn -0.14560 0.66569 0.73189
vn 0.14560 0.66569 0.73189
vn -0.07730 -0.03410 -0.99642
vn -0.12820 -0.75379 0.64449
vn 0.12820 -0.75379 0.64449
vn 0.00000 -1.00000 0.00000
vn 0.00000 1.00000 0.00000
vn -0.70711 -0.70711 0.00000
vn -0.71132 -0.70202 0.03460
vn 0.37989 -0.87968 0.28609
vn 0.14291 -0.69985 0.69985
vn 1.00000 0.00000 0.00000
vn 0.70711 0.70711 0.00000
vn 0.00000 1.00000 0.00000
vn 0.75379 0.64449 0.12820
vn 0.55721 -0.00920 -0.83032
vn -0.12820 0.75379 0.64449
vn 0.12820 0.75379 0.64449
vn 0.75379 0.64449 -0.12820
vn 0.37989 -0.87968 -0.28609
vn -0.37989 -0.87968 -0.28609
vn -0.71132 -0.70202 -0.03460
vn 0.71132 -0.70202 -0.03460
vn -0.00000 -1.00000 -0.00000
vn 0.12820 -0.75379 -0.64449
vn -0.14560 0.66569 -0.73189
vn 0.07740 0.01140 0.99693
vn -0.12820 -0.75379 -0.64449
vn -1.00000 0.00000 0.00000
vn -0.12820 0.75379 -0.64449
vn 0.12820 0.75379 -0.64449
vn 0.00000 1.00000 0.00000
vn -0.07740 -0.01140 -0.99693
vn 0.00000 1.00000 0.00000
vn -0.14560 -0.66569 -0.73189
vn -0.75379 0.64449 -0.12820
vn -0.69067 -0.69067 0.21439
vn 0.69067 -0.69067 0.21439
vn 0.69067 -0.69067 -0.21439
vn -0.69067 -0.69067 -0.21439
vn 0.71132 0.70202 0.03460
vn -0.37989 0.87968 0.28609
vn -0.14291 0.69985 0.69985
vn 0.14291 0.69985 0.69985
vn 0.37989 0.87968 0.28609
vn -0.71132 0.70202 0.03460
vn -0.71132 0.70202 -0.03460
vn 0.37989 0.87968 -0.28609
vn -0.37989 0.87968 -0.28609
vn 0.71132 0.70202 -0.03460
vn -0.99339 0.00000 0.11480
vn -0.99339 0.00000 -0.11480
vn 0.69067 0.69067 0.21439
vn -0.69067 0.69067 0.21439
vn -0.69067 0.69067 -0.21439
vn 0.69067 0.69067 -0.21439
vn -0.99339 0.00000 0.11480
vn -0.75379 -0.64449 0.12820
vn 0.75379 -0.64449 0.12820
vn 0.75379 -0.64449 -0.12820
vn -0.75379 -0.64449 -0.12820
vn 0.99339 0.00000 -0.11480
vn 0.99339 0.00000 0.11480
vn -0.70711 -0.70711 -0.00000
vn -0.64449 -0.75379 -0.12820
vn -0.64449 -0.75379 0.12820
vn 0.64449 0.75379 -0.12820
vn 0.64449 0.75379 0.12820
vn 0.64449 -0.75379 -0.12820
vn 0.64449 -0.75379 0.12820
vn -0.64449 0.75379 -0.12820
vn 0.07730 0.03410 0.99642
vn -0.64449 0.75379 0.12820
vn 0.19510 0.00000 -0.98078
vn -0.19510 0.00000 -0.98078
vn -0.98078 0.00000 -0.19510
vn -0.98078 0.00000 0.19510
vn 0.70711 0.70711 0.00000
vn 0.36509 -0.75378 0.54638
vn 0.54638 -0.75378 0.36509
vn -0.54638 -0.75378 -0.36509
vn -0.36509 -0.75378 -0.54638
vn -0.36509 0.75378 -0.54638
vn -0.54638 0.75378 -0.36509
vn -0.36509 -0.75378 0.54638
vn -0.54638 -0.75378 0.36509
vn -0.36509 0.75378 0.54638
vn -0.54638 0.75378 0.36509
vn 0.54638 -0.75378 -0.36509
vn 0.36509 -0.75378 -0.54638
vn 0.36509 0.75378 -0.54638
vn 0.54638 0.75378 -0.36509
vn 0.54638 0.75378 0.36509
vn 0.36509 0.75378 0.54638
vn -0.75378 0.54638 0.36509
vn -0.75378 0.36509 0.54638
vn 0.48362 -0.69913 0.52662
vn 0.48362 -0.52662 0.69913
vn 1.00000 0.00000 0.00000
vn 1.00000 0.00000 0.00000
vn 0.75373 0.54642 -0.36512
vn 0.75378 0.36509 -0.54638
vn -0.48362 -0.69913 -0.52662
vn -0.48362 -0.52662 -0.69913
vn -1.00000 -0.00000 -0.00000
vn 0.54642 0.75373 0.36512
vn -0.14560 -0.66569 0.73189
vn 0.14560 -0.66569 0.73189
vn -0.06330 0.09690 0.99328
vn -0.70711 0.00000 0.70711
vn 0.00330 -0.02460 0.99969
vn 0.70711 0.00000 0.70711
vn 0.70711 0.00000 -0.70711
vn -0.70711 0.00000 -0.70711
vn -0.26181 0.00000 -0.96512
vn -0.26190 0.00000 -0.96510
vn 0.26190 0.00000 -0.96510
vn 0.19510 0.00000 -0.98078
vn -0.19510 -0.00000 -0.98078
vn -0.98078 -0.00000 -0.19510
vn -0.98987 -0.00000 -0.14200
vn -0.31370 -0.00410 -0.94951
vn 0.75378 0.36509 0.54638
vn 0.75378 0.54638 0.36509
vn -0.75373 0.36512 -0.54642
vn -0.75378 0.54638 -0.36509
vn 0.06330 0.09690 0.99328
vn 0.31379 0.00410 -0.94948
vn -0.48362 -0.52662 0.69913
vn -0.48362 -0.69913 0.52662
vn 0.48362 -0.52662 -0.69913
vn 0.48362 -0.69913 -0.52662
vn -0.00330 -0.02460 0.99969
# 183 normals
f  1549/1281/727 1550/1282/728 1551/1283/729 1552/1284/730
f  1552/1285/730 1551/1286/729 1553/1287/731 1554/1288/732
f  1555/1281/733 1556/1282/734 1557/1283/735 1558/1284/736
f  1558/1285/736 1557/1286/735 1559/1287/737 1560/1288/738
f  1561/1289/739 1562/1290/740 1563/1291/741 1564/1292/742
f  1565/1293/743 1566/1294/744 1567/1295/745 1568/1296/746
f  1566/1294/744 1569/1297/747 1570/1298/748 1567/1295/745
f  1571/1299/749 1561/1289/739 1564/1292/742 1572/1300/750
f  1581/1301/751 1582/1302/752 1583/1303/753 1584/1304/754 1585/1305/755 1586/1306/756 1587/1307/757 1588/1308/758 1589/1309/759 1590/1310/760 1591/1311/761 1592/1312/762
f  1593/1313/763 1594/1314/764 1595/1315/765 1596/1316/766
f  1597/1317/767 1598/1318/768 1599/1319/768 1600/1320/769
f  1606/1321/770 1607/1322/771 1605/1323/772
f  1608/1324/773 1605/1323/772 1607/1322/771
f  1608/1324/773 1604/1325/774 1605/1323/772
f  1608/1324/773 1603/1326/775 1604/1325/774
f  1608/1324/773 1578/1327/776 1603/1326/775
f  1609/1328/770 1578/1327/776 1608/1324/773
f  1610/1329/777 1578/1327/776 1609/1328/770
f  1611/1330/778 1578/1327/776 1610/1329/777
f  1615/1331/770 1613/1332/779 1614/1333/771
f  1616/1334/780 1613/1332/779 1615/1331/770
f  1617/1335/781 1613/1332/779 1616/1334/780
f  1618/1336/771 1613/1332/779 1617/1335/781
f  1619/1337/771 1613/1332/779 1618/1336/771
f  1620/1338/782 1613/1332/779 1619/1337/771
f  1620/1338/782 1612/1339/783 1613/1332/779
f  1621/1340/770 1612/1339/783 1620/1338/782
f  1622/1341/784 1612/1339/783 1621/1340/770
f  1601/1342/785 1612/1339/783 1622/1341/784
f  1601/1342/785 1611/1330/778 1612/1339/783
f  1602/1343/786 1611/1330/778 1601/1342/785
f  1573/1344/787 1611/1330/778 1602/1343/786
f  1573/1344/787 1578/1327/776 1611/1330/778
f  1604/1317/774 1623/1345/788 1624/1346/788 1605/1320/772
f  1637/1347/783 1638/1341/789 1636/1348/790
f  1625/1342/791 1636/1348/790 1638/1341/789
f  1635/1349/792 1636/1348/790 1625/1342/791
f  1597/1325/767 1628/1350/783 1629/1351/790
f  1597/1325/767 1627/1352/793 1628/1350/783
f  1597/1325/767 1626/1353/794 1627/1352/793
f  1597/1325/767 1600/1323/769 1626/1353/794
f  1639/1354/795 1640/1355/788 1641/1356/788 1642/1357/789
f  1645/1358/796 1581/1359/751 1592/1360/762
f  1645/1358/796 1644/1361/797 1581/1359/751
f  1646/1362/798 1644/1361/797 1645/1358/796
f  1646/1362/798 1643/1363/799 1644/1361/797
f  1647/1364/784 1643/1363/799 1646/1362/798
f  1643/1363/799 1647/1364/784 1664/1365/772
f  1664/1365/772 1647/1364/784 1663/1366/770
f  1647/1364/784 1648/1367/770 1663/1366/770
f  1649/1368/800 1663/1366/770 1648/1367/770
f  1650/1369/770 1663/1366/770 1649/1368/800
f  1651/1370/770 1663/1366/770 1650/1369/770
f  1652/1371/801 1663/1366/770 1651/1370/770
f  1653/1372/802 1663/1366/770 1652/1371/801
f  1663/1366/770 1653/1372/802 1662/1373/771
f  1653/1372/802 1654/1374/770 1662/1373/771
f  1654/1374/770 1655/1375/803 1662/1373/771
f  1656/1376/782 1662/1373/771 1655/1375/803
f  1656/1376/782 1661/1377/770 1662/1373/771
f  1656/1376/782 1660/1378/770 1661/1377/770
f  1657/1379/770 1660/1378/770 1656/1376/782
f  1658/1380/801 1660/1378/770 1657/1379/770
f  1659/1381/804 1660/1378/770 1658/1380/801
f  1646/1354/798 1665/1382/805 1666/1383/768 1647/1357/784
f  1672/1384/806 1673/1385/807 1671/1386/783
f  1673/1385/807 1674/1387/783 1671/1386/783
f  1674/1387/783 1675/1388/808 1671/1386/783
f  1676/1389/809 1671/1386/783 1675/1388/808
f  1676/1389/809 1670/1390/810 1671/1386/783
f  1676/1389/809 1669/1391/790 1670/1390/810
f  1669/1391/790 1676/1389/809 1668/1392/783
f  1676/1389/809 1677/1393/783 1668/1392/783
f  1677/1393/783 1678/1394/811 1668/1392/783
f  1678/1394/811 1679/1395/807 1668/1392/783
f  1680/1365/769 1668/1392/783 1679/1395/807
f  1680/1365/769 1642/1364/789 1668/1392/783
f  1642/1364/789 1680/1365/769 1639/1362/795
f  1639/1362/795 1680/1365/769 1667/1363/812
f  1681/1342/813 1682/1325/814 1683/1363/815 1684/1362/816
f  1685/1342/817 1686/1343/818 1576/1344/819 1575/1327/820 1687/1326/821 1688/1325/822 1689/1363/823 1690/1361/824 1587/1359/757 1586/1360/756 1691/1358/825 1692/1362/826
f  1688/1396/822 1693/1288/827 1694/1287/828 1689/1397/823
f  1695/1342/829 1696/1325/830 1697/1363/831 1698/1362/832
f  1696/1398/830 1699/1399/833 1700/1400/828 1697/1401/831
f  1701/1342/834 1702/1325/835 1703/1363/836 1704/1362/837
f  1692/1402/826 1705/1400/838 1706/1399/839 1685/1403/817
f  1707/1404/840 1708/1405/840 1709/1406/768 1710/1407/768
f  1607/1322/771 1711/1408/782 1712/1409/772 1713/1410/772 1714/1411/800 1662/1373/771 1661/1377/770 1715/1412/770 1716/1413/841 1717/1414/842 1718/1415/770 1608/1324/773
f  1719/1409/769 1720/1410/769 1721/1416/843 1722/1417/844
f  1713/1418/772 1712/1419/772 1723/1420/788 1724/1421/788
f  1725/1422/845 1726/1423/770 1650/1369/770 1649/1368/800 1727/1424/771 1708/1425/840 1707/1426/840 1728/1427/770 1620/1338/782 1619/1337/771 1729/1428/770 1730/1429/846
f  1731/1430/847 1732/1431/783 1676/1389/809 1675/1388/808 1733/1432/783 1734/1433/843 1735/1434/844 1736/1435/783 1630/1436/848 1629/1351/790 1737/1437/783 1738/1438/849
f  1653/1439/802 1652/1440/801 1739/1441/850 1740/1442/851
f  1741/1404/842 1742/1405/841 1743/1406/852 1744/1407/853
f  1745/1443/845 1746/1444/770 1656/1376/782 1655/1375/803 1747/1445/770 1742/1446/841 1741/1447/842 1748/1448/770 1614/1333/771 1613/1332/779 1749/1449/770 1750/1450/846
f  1751/1451/847 1752/1452/783 1670/1390/810 1669/1391/790 1753/1453/783 1754/1425/854 1755/1426/854 1756/1454/808 1636/1348/790 1635/1349/792 1757/1455/783 1758/1456/849
f  1659/1457/804 1658/1458/801 1759/1459/850 1760/1460/851
f  1769/1461/840 1621/1340/770 1620/1338/782 1728/1427/770 1770/1462/840
f  1606/1321/770 1771/1463/772 1772/1464/772 1711/1408/782 1607/1322/771
f  1773/1461/854 1637/1347/783 1636/1348/790 1756/1454/808 1774/1462/854
f  1668/1392/783 1775/1465/854 1776/1466/854 1753/1453/783 1669/1391/790
f  1777/1467/772 1663/1366/770 1662/1373/771 1714/1411/800 1778/1468/772
f  1648/1367/770 1779/1465/840 1780/1466/840 1727/1424/771 1649/1368/800
f  1619/1337/771 1618/1336/771 1781/1469/855 1782/1470/856 1729/1428/770
f  1783/1471/857 1747/1445/770 1655/1375/803 1654/1374/770 1784/1472/858
f  1785/1473/859 1677/1393/783 1676/1389/809 1732/1431/783 1786/1474/860
f  1787/1475/861 1615/1331/770 1614/1333/771 1748/1448/770 1788/1476/862
f  1628/1350/783 1789/1477/863 1790/1478/864 1737/1437/783 1629/1351/790
f  1650/1369/770 1726/1423/770 1791/1479/865 1792/1480/866 1651/1370/770
f  1608/1324/773 1718/1415/770 1793/1481/862 1794/1482/861 1609/1328/770
f  1670/1390/810 1752/1452/783 1795/1483/860 1796/1484/859 1671/1386/783
f  1635/1349/792 1634/1485/783 1797/1486/863 1798/1487/864 1757/1455/783
f  1661/1377/770 1660/1378/770 1799/1488/858 1800/1489/857 1715/1412/770
f  1613/1332/779 1612/1339/783 1801/1490/855 1802/1491/856 1749/1449/770
f  1675/1388/808 1674/1387/783 1803/1492/867 1804/1493/868 1733/1432/783
f  1630/1436/848 1736/1435/783 1805/1494/869 1806/1495/870 1631/1496/770
f  1656/1376/782 1746/1444/770 1807/1497/865 1808/1498/866 1657/1379/770
f  1809/1499/871 1810/1500/872 1811/1501/768 1812/1502/768
f  1764/1499/873 1763/1500/874 1813/1503/875 1814/1504/876
f  1815/1505/877 1816/1506/878 1817/1507/788 1818/1508/788
f  1768/1505/879 1767/1506/880 1819/1509/768 1820/1510/881
f  1769/1511/840 1770/1512/840 1825/1513/768 1826/1514/768
f  1773/1511/854 1774/1512/854 1827/1515/788 1828/1516/788
f  1829/1463/769 1830/1464/769 1831/1517/882 1832/1518/870
f  1777/1519/772 1778/1520/772 1833/1521/788 1834/1522/788
f  1835/1519/769 1836/1520/769 1837/1523/768 1838/1524/768
f  1839/1525/867 1840/1526/868 1836/1468/769 1835/1467/769
f  1622/1341/784 1621/1340/770 1769/1461/840
f  1771/1463/772 1606/1321/770 1605/1323/772
f  1638/1341/789 1637/1347/783 1773/1461/854
f  1775/1465/854 1668/1392/783 1642/1364/789
f  1664/1365/772 1663/1366/770 1777/1467/772
f  1779/1465/840 1648/1367/770 1647/1364/784
f  1747/1445/770 1783/1471/857 1742/1446/841
f  1678/1394/811 1677/1393/783 1785/1473/859
f  1616/1334/780 1615/1331/770 1787/1475/861
f  1789/1477/863 1628/1350/783 1627/1352/793
f  1770/1462/840 1728/1427/770 1707/1426/840
f  1772/1464/772 1712/1409/772 1711/1408/782
f  1774/1462/854 1756/1454/808 1755/1426/854
f  1776/1466/854 1754/1425/854 1753/1453/783
f  1778/1468/772 1714/1411/800 1713/1410/772
f  1780/1466/840 1708/1425/840 1727/1424/771
f  1618/1336/771 1617/1335/781 1781/1469/855
f  1729/1428/770 1782/1470/856 1730/1429/846
f  1784/1472/858 1654/1374/770 1653/1372/802
f  1786/1474/860 1732/1431/783 1731/1430/847
f  1741/1447/842 1788/1476/862 1748/1448/770
f  1790/1478/864 1738/1438/849 1737/1437/783
f  1726/1423/770 1725/1422/845 1791/1479/865
f  1651/1370/770 1792/1480/866 1652/1371/801
f  1718/1415/770 1717/1414/842 1793/1481/862
f  1609/1328/770 1794/1482/861 1610/1329/777
f  1752/1452/783 1751/1451/847 1795/1483/860
f  1671/1386/783 1796/1484/859 1672/1384/806
f  1634/1485/783 1633/1527/883 1797/1486/863
f  1757/1455/783 1798/1487/864 1758/1456/849
f  1660/1378/770 1659/1381/804 1799/1488/858
f  1715/1412/770 1800/1489/857 1716/1413/841
f  1612/1339/783 1611/1330/778 1801/1490/855
f  1749/1449/770 1802/1491/856 1750/1450/846
f  1674/1387/783 1673/1385/807 1803/1492/867
f  1733/1432/783 1804/1493/868 1734/1433/843
f  1736/1435/783 1735/1434/844 1805/1494/869
f  1631/1496/770 1806/1495/870 1632/1528/884
f  1746/1444/770 1745/1443/845 1807/1497/865
f  1657/1379/770 1808/1498/866 1658/1380/801
f  1597/1317/767 1809/1499/871 1812/1502/768 1598/1318/768
f  1604/1317/774 1764/1499/873 1814/1504/876 1623/1345/788
f  1639/1354/795 1815/1505/877 1818/1508/788 1640/1355/788
f  1646/1354/798 1768/1505/879 1820/1510/881 1665/1382/805
f  1622/1529/784 1769/1511/840 1826/1514/768 1841/1530/768
f  1638/1529/789 1773/1511/854 1828/1516/788 1842/1531/788
f  1600/1323/769 1829/1463/769 1832/1518/870 1626/1353/794
f  1664/1532/772 1777/1519/772 1834/1522/788 1843/1533/788
f  1680/1532/769 1835/1519/769 1838/1524/768 1844/1534/768
f  1679/1395/807 1839/1525/867 1835/1467/769 1680/1365/769
f  1810/1500/872 1580/1535/885 1847/1536/886 1811/1501/768
f  1763/1500/874 1577/1535/887 1848/1537/888 1813/1503/875
f  1816/1506/878 1596/1538/766 1849/1539/889 1817/1507/788
f  1767/1506/880 1590/1538/760 1851/1540/890 1819/1509/768
f  1770/1512/840 1707/1404/840 1710/1407/768 1825/1513/768
f  1774/1512/854 1755/1404/854 1853/1541/788 1827/1515/788
f  1830/1464/769 1719/1409/769 1722/1417/844 1831/1517/882
f  1778/1520/772 1713/1418/772 1724/1421/788 1833/1521/788
f  1836/1520/769 1720/1418/769 1854/1542/768 1837/1523/768
f  1840/1526/868 1721/1416/843 1720/1410/769 1836/1468/769
f  1855/1543/731 1856/1544/731 1857/1345/732 1858/1545/732
f  1859/1546/737 1860/1547/737 1861/1318/738 1862/1548/738
f  1867/1549/891 1868/1550/892 1869/1551/889 1870/1552/889
f  1871/1553/747 1872/1554/893 1873/1555/890 1874/1556/890
f  1875/1548/768 1876/1557/768 1841/1530/768 1877/1558/768
f  1878/1545/788 1879/1559/788 1842/1531/788 1880/1560/788
f  1881/1543/788 1882/1544/788 1843/1533/788 1883/1561/788
f  1884/1546/768 1885/1547/768 1844/1534/768 1886/1562/768
f  1887/1563/768 1854/1542/768 1888/1564/768 1889/1565/768
f  1890/1566/788 1853/1541/788 1891/1567/788 1892/1568/788
f  1893/1569/894 1894/1570/850 1895/1571/851 1896/1572/895
f  1897/1563/896 1898/1542/896 1899/1564/853 1900/1565/853
f  1901/1573/850 1902/1574/850 1903/1575/851 1904/1576/851
f  1905/1577/768 1906/1578/768 1907/1579/768 1908/1580/768
f  1909/1581/788 1910/1582/788 1911/1583/788 1912/1584/875
f  1913/1585/788 1914/1586/788 1915/1587/788 1916/1588/788
f  1917/1589/768 1918/1590/768 1919/1591/768 1920/1592/768
f  1921/1593/768 1922/1594/768 1923/1595/768 1924/1596/768
f  1925/1597/788 1926/1598/788 1927/1599/788 1928/1600/788
f  1929/1601/788 1930/1602/788 1931/1603/788 1932/1604/788
f  1933/1605/768 1934/1606/768 1935/1607/768 1936/1608/768
f  1908/1580/768 1907/1579/768 1876/1557/768 1875/1548/768
f  1912/1584/875 1911/1583/788 1879/1559/788 1878/1545/788
f  1916/1588/788 1915/1587/788 1882/1544/788 1881/1543/788
f  1920/1592/768 1919/1591/768 1885/1547/768 1884/1546/768
f  1924/1596/768 1923/1595/768 1599/1319/768 1877/1558/768
f  1928/1600/788 1927/1599/788 1624/1346/788 1880/1560/788
f  1932/1604/788 1931/1603/788 1641/1356/788 1883/1561/788
f  1936/1608/768 1935/1607/768 1666/1383/768 1886/1562/768
f  1864/1609/886 1863/1610/886 1906/1578/768 1905/1577/768
f  1866/1611/888 1865/1612/888 1910/1582/788 1909/1581/788
f  1870/1613/889 1869/1614/889 1914/1586/788 1913/1585/788
f  1874/1615/890 1873/1616/890 1918/1590/768 1917/1589/768
f  1889/1565/768 1888/1564/768 1922/1594/768 1921/1593/768
f  1890/1566/788 1723/1420/788 1926/1598/788 1925/1597/788
f  1892/1568/788 1891/1567/788 1930/1602/788 1929/1601/788
f  1887/1563/768 1709/1406/768 1934/1606/768 1933/1605/768
f  1553/1287/731 1938/1355/731 1939/1559/732 1554/1288/732
f  1562/1290/740 1940/1617/892 1849/1618/889 1596/1316/766 1595/1315/765 1563/1291/741
f  1699/1399/833 1701/1403/834 1704/1402/837 1700/1400/828
f  1845/1400/897 1550/1619/728 1549/1620/727 1941/1399/738
f  1942/1621/893 1571/1299/749 1572/1300/750 1852/1622/898
f  1598/1318/768 1875/1548/768 1877/1558/768 1599/1319/768
f  1640/1355/788 1881/1543/788 1883/1561/788 1641/1356/788
f  1811/1501/768 1905/1577/768 1908/1580/768 1812/1502/768
f  1817/1507/788 1913/1585/788 1916/1588/788 1818/1508/788
f  1827/1515/788 1925/1597/788 1928/1600/788 1828/1516/788
f  1837/1523/768 1933/1605/768 1936/1608/768 1838/1524/768
f  1812/1502/768 1908/1580/768 1875/1548/768 1598/1318/768
f  1818/1508/788 1916/1588/788 1881/1543/788 1640/1355/788
f  1828/1516/788 1928/1600/788 1880/1560/788 1842/1531/788
f  1838/1524/768 1936/1608/768 1886/1562/768 1844/1534/768
f  1847/1536/886 1864/1609/886 1905/1577/768 1811/1501/768
f  1849/1539/889 1870/1613/889 1913/1585/788 1817/1507/788
f  1853/1541/788 1890/1566/788 1925/1597/788 1827/1515/788
f  1854/1542/768 1887/1563/768 1933/1605/768 1837/1523/768
f  1860/1547/737 1845/1400/897 1941/1399/738 1861/1318/738
f  1872/1554/893 1942/1621/893 1852/1622/898 1594/1314/764 1593/1313/763 1873/1555/890
f  1879/1559/788 1625/1623/791 1638/1529/789 1842/1531/788
f  1885/1547/768 1667/1624/812 1680/1532/769 1844/1534/768
f  1854/1542/768 1720/1418/769 1719/1419/769 1888/1564/768
f  1853/1541/788 1755/1404/854 1754/1405/854 1891/1567/788
f  1894/1570/850 1679/1625/807 1678/1626/811 1895/1571/851
f  1898/1542/896 1731/1418/847 1738/1419/849 1899/1564/853
f  1902/1574/850 1673/1627/807 1672/1628/806 1903/1575/851
f  1910/1582/788 1822/1629/899 1821/1630/900 1911/1583/788
f  1918/1590/768 1824/1631/901 1823/1632/902 1919/1591/768
f  1922/1594/768 1830/1633/769 1829/1634/769 1923/1595/768
f  1930/1602/788 1776/1635/854 1775/1636/854 1931/1603/788
f  1911/1583/788 1821/1630/900 1625/1623/791 1879/1559/788
f  1919/1591/768 1823/1632/902 1667/1624/812 1885/1547/768
f  1923/1595/768 1829/1634/769 1600/1320/769 1599/1319/768
f  1931/1603/788 1775/1636/854 1642/1357/789 1641/1356/788
f  1865/1612/888 1579/1637/903 1822/1629/899 1910/1582/788
f  1873/1616/890 1593/1638/763 1824/1631/901 1918/1590/768
f  1888/1564/768 1719/1419/769 1830/1633/769 1922/1594/768
f  1891/1567/788 1754/1405/854 1776/1635/854 1930/1602/788
f  1938/1355/731 1855/1543/731 1858/1545/732 1939/1559/732
f  1940/1617/892 1867/1549/891 1870/1552/889 1849/1618/889
f  1937/1382/737 1859/1546/737 1862/1548/738 1943/1557/738
f  1944/1639/747 1871/1553/747 1874/1556/890 1851/1640/890
f  1623/1345/788 1878/1545/788 1880/1560/788 1624/1346/788
f  1665/1382/805 1884/1546/768 1886/1562/768 1666/1383/768
f  1709/1406/768 1887/1563/768 1889/1565/768 1710/1407/768
f  1723/1420/788 1890/1566/788 1892/1568/788 1724/1421/788
f  1739/1441/850 1893/1569/894 1896/1572/895 1740/1442/851
f  1743/1406/852 1897/1563/896 1900/1565/853 1744/1407/853
f  1759/1459/850 1901/1573/850 1904/1576/851 1760/1460/851
f  1813/1503/875 1909/1581/788 1912/1584/875 1814/1504/876
f  1819/1509/768 1917/1589/768 1920/1592/768 1820/1510/881
f  1825/1513/768 1921/1593/768 1924/1596/768 1826/1514/768
f  1833/1521/788 1929/1601/788 1932/1604/788 1834/1522/788
f  1814/1504/876 1912/1584/875 1878/1545/788 1623/1345/788
f  1820/1510/881 1920/1592/768 1884/1546/768 1665/1382/805
f  1826/1514/768 1924/1596/768 1877/1558/768 1841/1530/768
f  1834/1522/788 1932/1604/788 1883/1561/788 1843/1533/788
f  1848/1537/888 1866/1611/888 1909/1581/788 1813/1503/875
f  1851/1540/890 1874/1615/890 1917/1589/768 1819/1509/768
f  1710/1407/768 1889/1565/768 1921/1593/768 1825/1513/768
f  1724/1421/788 1892/1568/788 1929/1601/788 1833/1521/788
f  1856/1544/731 1846/1400/731 1945/1399/732 1857/1345/732
f  1868/1550/892 1946/1641/891 1850/1642/904 1584/1304/754 1583/1303/753 1869/1551/889
f  1876/1557/768 1601/1623/785 1622/1529/784 1841/1530/768
f  1882/1544/788 1643/1624/799 1664/1532/772 1843/1533/788
f  1906/1578/768 1761/1629/905 1762/1630/906 1907/1579/768
f  1914/1586/788 1765/1631/907 1766/1632/908 1915/1587/788
f  1926/1598/788 1772/1633/772 1771/1634/772 1927/1599/788
f  1934/1606/768 1780/1635/840 1779/1636/840 1935/1607/768
f  1907/1579/768 1762/1630/906 1601/1623/785 1876/1557/768
f  1915/1587/788 1766/1632/908 1643/1624/799 1882/1544/788
f  1927/1599/788 1771/1634/772 1605/1320/772 1624/1346/788
f  1935/1607/768 1779/1636/840 1647/1357/784 1666/1383/768
f  1863/1610/886 1574/1637/909 1761/1629/905 1906/1578/768
f  1869/1614/889 1583/1638/753 1765/1631/907 1914/1586/788
f  1723/1420/788 1712/1419/772 1772/1633/772 1926/1598/788
f  1709/1406/768 1708/1405/840 1780/1635/840 1934/1606/768
f  1559/1287/737 1937/1382/737 1943/1557/738 1560/1288/738
f  1569/1297/747 1944/1639/747 1851/1640/890 1590/1310/760 1589/1309/759 1570/1298/748
f  1693/1288/827 1681/1643/813 1684/1644/816 1694/1287/828
f  1705/1400/838 1683/1401/815 1682/1398/814 1706/1399/839
f  1846/1400/731 1556/1619/734 1555/1620/733 1945/1399/732
f  1946/1641/891 1565/1293/743 1568/1296/746 1850/1642/904
# object Box096
g Box0961
v -0.49997 -0.56097 0.59803
v -0.49997 -0.56097 0.59448
v -0.43252 -0.56097 0.59448
v -0.43252 -0.56097 0.59803
v -0.43252 -0.48097 0.59803
v -0.43252 -0.48097 0.59448
v -0.49997 -0.48097 0.59448
v -0.49997 -0.48097 0.59803
v -0.50625 -0.48725 0.59803
v -0.50625 -0.48725 0.59448
v -0.50625 -0.55469 0.59448
v -0.50625 -0.55469 0.59803
v -0.50625 -0.55469 -0.00197
v -0.50625 -0.48725 -0.00197
v -0.49997 -0.48097 -0.00197
v -0.43252 -0.48097 -0.00197
v -0.43252 -0.56097 -0.00197
v -0.49997 -0.56097 -0.00197
v -0.49997 0.46903 0.59803
v -0.49997 0.46903 0.59448
v -0.43252 0.46903 0.59448
v -0.43252 0.46903 0.59803
v -0.42625 0.47531 0.59803
v -0.42625 0.47531 0.59448
v -0.42625 0.54275 0.59448
v -0.42625 0.54275 0.59803
v -0.43252 0.54903 0.59803
v -0.43252 0.54903 0.59448
v -0.49997 0.54903 0.59448
v -0.49997 0.54903 0.59803
v -0.50625 0.54275 0.59803
v -0.50625 0.54275 0.59448
v -0.50625 0.47531 0.59448
v -0.50625 0.47531 0.59803
v -0.50625 0.47531 -0.00197
v -0.50625 0.54275 -0.00197
v -0.49997 0.54903 -0.00197
v -0.43252 0.54903 -0.00197
v -0.42625 0.54275 -0.00197
v -0.42625 0.47531 -0.00197
v -0.43252 0.46903 -0.00197
v -0.49997 0.46903 -0.00197
v 0.03003 0.46903 0.59803
v 0.03003 0.46903 0.59448
v 0.09748 0.46903 0.59448
v 0.09748 0.46903 0.59803
v 0.10375 0.47531 0.59803
v 0.10375 0.47531 0.59448
v 0.10375 0.54275 0.59448
v 0.10375 0.54275 0.59803
v 0.09748 0.54903 0.59803
v 0.09748 0.54903 0.59448
v 0.03003 0.54903 0.59448
v 0.03003 0.54903 0.59803
v 0.02375 0.54275 0.59803
v 0.02375 0.54275 0.59448
v 0.02375 0.47531 0.59448
v 0.02375 0.47531 0.59803
v 0.02375 0.47531 -0.00197
v 0.02375 0.54275 -0.00197
v 0.03003 0.54903 -0.00197
v 0.09748 0.54903 -0.00197
v 0.10375 0.54275 -0.00197
v 0.10375 0.47531 -0.00197
v 0.09748 0.46903 -0.00197
v 0.03003 0.46903 -0.00197
v 0.03003 -0.56097 0.59803
v 0.03003 -0.56097 0.59448
v 0.09748 -0.56097 0.59448
v 0.09748 -0.56097 0.59803
v 0.10375 -0.55469 0.59803
v 0.10375 -0.55469 0.59448
v 0.10375 -0.48725 0.59448
v 0.10375 -0.48725 0.59803
v 0.09748 -0.48097 0.59803
v 0.09748 -0.48097 0.59448
v 0.03003 -0.48097 0.59448
v 0.03003 -0.48097 0.59803
v 0.02375 -0.48725 0.59803
v 0.02375 -0.48725 0.59448
v 0.02375 -0.55469 0.59448
v 0.02375 -0.55469 0.59803
v 0.02375 -0.55469 -0.00197
v 0.02375 -0.48725 -0.00197
v 0.03003 -0.48097 -0.00197
v 0.09748 -0.48097 -0.00197
v 0.10375 -0.48725 -0.00197
v 0.10375 -0.55469 -0.00197
v 0.09748 -0.56097 -0.00197
v 0.03003 -0.56097 -0.00197
v -0.43252 -0.56097 0.00132
v -0.49997 -0.48097 0.00132
v -0.43252 0.46903 0.00132
v -0.42625 0.54275 0.00132
v -0.49997 0.54903 0.00132
v 0.09748 0.46903 0.00132
v 0.10375 0.54275 0.00132
v 0.03003 0.54903 0.00132
v 0.09748 -0.56097 0.00132
v 0.10375 -0.48725 0.00132
v 0.03003 -0.48097 0.00132
v -0.43252 -0.48097 0.00132
v -0.50625 -0.48725 0.00132
v -0.42625 0.47531 0.00132
v -0.43252 0.54903 0.00132
v -0.50625 0.54275 0.00132
v 0.10375 0.47531 0.00132
v 0.09748 0.54903 0.00132
v 0.02375 0.54275 0.00132
v 0.10375 -0.55469 0.00132
v 0.09748 -0.48097 0.00132
v 0.02375 -0.48725 0.00132
v -0.49997 -0.56097 0.46894
v -0.43252 -0.56097 0.46894
v -0.43252 -0.48097 0.46894
v -0.49997 -0.48097 0.46894
v -0.50625 -0.48725 0.46894
v -0.50625 -0.55469 0.46894
v -0.49997 0.46903 0.46894
v -0.43252 0.46903 0.46894
v -0.42625 0.47531 0.46894
v -0.42625 0.54275 0.46894
v -0.43252 0.54903 0.46894
v -0.49997 0.54903 0.46894
v -0.50625 0.54275 0.46894
v -0.50625 0.47531 0.46894
v 0.03003 0.46903 0.46894
v 0.09748 0.46903 0.46894
v 0.10375 0.47531 0.46894
v 0.10375 0.54275 0.46894
v 0.09748 0.54903 0.46894
v 0.03003 0.54903 0.46894
v 0.02375 0.54275 0.46894
v 0.02375 0.47531 0.46894
v 0.03003 -0.56097 0.46894
v 0.09748 -0.56097 0.46894
v 0.10375 -0.55469 0.46894
v 0.10375 -0.48725 0.46894
v 0.09748 -0.48097 0.46894
v 0.03003 -0.48097 0.46894
v 0.02375 -0.48725 0.46894
v 0.02375 -0.55469 0.46894
v -0.49997 -0.56097 0.28360
v -0.43252 -0.56097 0.28360
v -0.43252 -0.48097 0.28360
v -0.49997 -0.48097 0.28360
v -0.50625 -0.48725 0.28360
v -0.50625 -0.55469 0.28360
v -0.49997 0.46903 0.28360
v -0.43252 0.46903 0.28360
v -0.42625 0.47531 0.28360
v -0.42625 0.54275 0.28360
v -0.43252 0.54903 0.28360
v -0.49997 0.54903 0.28360
v -0.50625 0.54275 0.28360
v -0.50625 0.47531 0.28360
v 0.03003 0.46903 0.28360
v 0.09748 0.46903 0.28360
v 0.10375 0.47531 0.28360
v 0.10375 0.54275 0.28360
v 0.09748 0.54903 0.28360
v 0.03003 0.54903 0.28360
v 0.02375 0.54275 0.28360
v 0.02375 0.47531 0.28360
v 0.03003 -0.56097 0.28360
v 0.09748 -0.56097 0.28360
v 0.10375 -0.55469 0.28360
v 0.10375 -0.48725 0.28360
v 0.09748 -0.48097 0.28360
v 0.03003 -0.48097 0.28360
v 0.02375 -0.48725 0.28360
v 0.02375 -0.55469 0.28360
v -0.49997 -0.56097 0.13800
v -0.43252 -0.56097 0.13800
v -0.43252 -0.48097 0.13800
v -0.49997 -0.48097 0.13800
v -0.50625 -0.48725 0.13800
v -0.50625 -0.55469 0.13800
v -0.49997 0.46903 0.13800
v -0.43252 0.46903 0.13800
v -0.42625 0.47531 0.13800
v -0.42625 0.54275 0.13800
v -0.43252 0.54903 0.13800
v -0.49997 0.54903 0.13800
v -0.50625 0.54275 0.13800
v -0.50625 0.47531 0.13800
v 0.03003 0.46903 0.13800
v 0.09748 0.46903 0.13800
v 0.10375 0.47531 0.13800
v 0.10375 0.54275 0.13800
v 0.09748 0.54903 0.13800
v 0.03003 0.54903 0.13800
v 0.02375 0.54275 0.13800
v 0.02375 0.47531 0.13800
v 0.03003 -0.56097 0.13800
v 0.09748 -0.56097 0.13800
v 0.10375 -0.55469 0.13800
v 0.10375 -0.48725 0.13800
v 0.09748 -0.48097 0.13800
v 0.03003 -0.48097 0.13800
v 0.02375 -0.48725 0.13800
v 0.02375 -0.55469 0.13800
v -0.49997 -0.56097 0.00132
v -0.50625 -0.55469 0.00132
v -0.49997 0.46903 0.00132
v -0.50625 0.47531 0.00132
v 0.03003 0.46903 0.00132
v 0.02375 0.47531 0.00132
v 0.03003 -0.56097 0.00132
v 0.02375 -0.55469 0.00132
# 210 verticies
vt 0.01030 0.77030
vt 0.01030 0.76710
vt 0.12090 0.76710
vt 0.12090 0.77030
vt 0.87910 0.77030
vt 0.87910 0.76710
vt 0.98970 0.76710
vt 0.98970 0.77030
vt 0.22970 1.30210
vt 0.23290 1.30210
vt 0.23290 1.41450
vt 0.22970 1.41450
vt 0.77030 -0.30210
vt 0.76710 -0.30210
vt 0.76710 -0.41450
vt 0.77030 -0.41450
vt 0.22970 -0.41450
vt 0.23290 -0.41450
vt 0.23290 -0.30210
vt 0.22970 -0.30210
vt 0.77030 1.41450
vt 0.76710 1.41450
vt 0.76710 1.30210
vt 0.77030 1.30210
vt 0.01030 0.65400
vt 0.12090 0.65400
vt 0.87910 0.65400
vt 0.98970 0.65400
vt 0.34600 1.30210
vt 0.34600 1.41450
vt 0.65400 -0.30210
vt 0.65400 -0.41450
vt 0.34600 -0.41450
vt 0.34600 -0.30210
vt 0.65400 1.41450
vt 0.65400 1.30210
vt 0.01030 0.48700
vt 0.12090 0.48700
vt 0.87910 0.48700
vt 0.98970 0.48700
vt 0.51300 1.30210
vt 0.51300 1.41450
vt 0.48700 -0.30210
vt 0.48700 -0.41450
vt 0.51300 -0.41450
vt 0.51300 -0.30210
vt 0.48700 1.41450
vt 0.48700 1.30210
vt 0.01030 0.35580
vt 0.12090 0.35580
vt 0.87910 0.35580
vt 0.98970 0.35580
vt 0.64420 1.30210
vt 0.64420 1.41450
vt 0.35580 -0.30210
vt 0.35580 -0.41450
vt 0.64420 -0.41450
vt 0.64420 -0.30210
vt 0.35580 1.41450
vt 0.35580 1.30210
vt 0.01030 0.23270
vt 0.12090 0.23270
vt 0.87910 0.23270
vt 0.98970 0.23270
vt 0.76730 1.30210
vt 0.76730 1.41450
vt 0.23270 -0.30210
vt 0.23270 -0.41450
vt 0.76730 -0.41450
vt 0.76730 -0.30210
vt 0.23270 1.41450
vt 0.23270 1.30210
vt 0.01030 0.22970
vt 0.12090 0.22970
vt 0.87910 0.22970
vt 0.98970 0.22970
# 76 texture verticies
vn -0.14560 -0.73189 0.66569
vn -0.19510 -0.98078 -0.00000
vn 0.19510 -0.98078 0.00000
vn 0.14560 -0.73189 0.66569
vn 0.14560 0.73189 0.66569
vn 0.19510 0.98078 0.00000
vn -0.19510 0.98078 0.00000
vn -0.14560 0.73189 0.66569
vn -0.73179 0.14560 0.66579
vn -0.98078 0.19510 0.00000
vn -0.98078 -0.19510 -0.00000
vn -0.73189 -0.14560 0.66569
vn -0.19510 -0.98078 0.00000
vn 0.73189 -0.14560 0.66569
vn 0.98078 -0.19510 0.00000
vn 0.98078 0.19510 0.00000
vn 0.73189 0.14560 0.66569
vn -0.73189 0.14560 0.66569
vn -0.98078 -0.19510 0.00000
vn -0.73179 -0.14560 0.66579
vn 0.19510 0.98078 0.00000
vn -0.98078 0.19510 0.00000
vn 0.98078 0.19510 0.00000
vn -0.14560 -0.73189 -0.66569
vn 0.14560 -0.73189 -0.66569
vn 0.14560 0.73189 -0.66569
vn -0.14560 0.73189 -0.66569
vn -0.73189 0.14560 -0.66569
vn -0.73179 -0.14560 -0.66579
vn 0.73189 -0.14560 -0.66569
vn 0.73189 0.14560 -0.66569
vn -0.73189 -0.14560 -0.66569
# 32 normals
f  1947/1645/910 1948/1646/911 1949/1647/912 1950/1648/913
f  1951/1649/914 1952/1650/915 1953/1651/916 1954/1652/917
f  1955/1653/918 1956/1654/919 1957/1655/920 1958/1656/921
f  1965/1645/910 1966/1646/922 1967/1647/912 1968/1648/913
f  1969/1657/923 1970/1658/924 1971/1659/925 1972/1660/926
f  1973/1649/914 1974/1650/915 1975/1651/916 1976/1652/917
f  1977/1661/927 1978/1662/919 1979/1663/928 1980/1664/921
f  1989/1649/910 1990/1650/922 1991/1651/912 1992/1652/913
f  1993/1657/923 1994/1658/924 1995/1659/925 1996/1660/926
f  1997/1645/914 1998/1646/915 1999/1647/916 2000/1648/917
f  2001/1661/927 2002/1662/919 2003/1663/928 2004/1664/921
f  2013/1649/910 2014/1650/911 2015/1651/912 2016/1652/913
f  2017/1665/923 2018/1666/924 2019/1667/925 2020/1668/926
f  2021/1645/914 2022/1646/915 2023/1647/916 2024/1648/917
f  2025/1653/918 2026/1654/919 2027/1655/920 2028/1656/929
f  1948/1646/911 2059/1669/922 2060/1670/912 1949/1647/912
f  1952/1650/915 2061/1671/915 2062/1672/916 1953/1651/916
f  1956/1654/919 2063/1673/919 2064/1674/928 1957/1655/920
f  1966/1646/922 2065/1669/911 2066/1670/912 1967/1647/912
f  1970/1658/924 2067/1675/924 2068/1676/925 1971/1659/925
f  1974/1650/915 2069/1671/915 2070/1672/916 1975/1651/916
f  1978/1662/919 2071/1677/919 2072/1678/920 1979/1663/928
f  1990/1650/922 2073/1671/911 2074/1672/912 1991/1651/912
f  1994/1658/924 2075/1675/924 2076/1676/925 1995/1659/925
f  1998/1646/915 2077/1669/915 2078/1670/916 1999/1647/916
f  2002/1662/919 2079/1677/919 2080/1678/920 2003/1663/928
f  2014/1650/911 2081/1671/922 2082/1672/912 2015/1651/912
f  2018/1666/924 2083/1679/924 2084/1680/925 2019/1667/925
f  2022/1646/915 2085/1669/915 2086/1670/916 2023/1647/916
f  2026/1654/919 2087/1673/919 2088/1674/928 2027/1655/920
f  2059/1669/922 2089/1681/922 2090/1682/912 2060/1670/912
f  2061/1671/915 2091/1683/915 2092/1684/916 2062/1672/916
f  2063/1673/919 2093/1685/919 2094/1686/928 2064/1674/928
f  2065/1669/911 2095/1681/911 2096/1682/912 2066/1670/912
f  2067/1675/924 2097/1687/924 2098/1688/925 2068/1676/925
f  2069/1671/915 2099/1683/915 2100/1684/916 2070/1672/916
f  2071/1677/919 2101/1689/919 2102/1690/920 2072/1678/920
f  2073/1671/911 2103/1683/911 2104/1684/912 2074/1672/912
f  2075/1675/924 2105/1687/924 2106/1688/925 2076/1676/925
f  2077/1669/915 2107/1681/930 2108/1682/916 2078/1670/916
f  2079/1677/919 2109/1689/919 2110/1690/920 2080/1678/920
f  2081/1671/922 2111/1683/922 2112/1684/912 2082/1672/912
f  2083/1679/924 2113/1691/924 2114/1692/925 2084/1680/925
f  2085/1669/915 2115/1681/930 2116/1682/916 2086/1670/916
f  2087/1673/919 2117/1685/919 2118/1686/928 2088/1674/928
f  2089/1681/922 2119/1693/922 2120/1694/912 2090/1682/912
f  2091/1683/915 2121/1695/915 2122/1696/916 2092/1684/916
f  2093/1685/919 2123/1697/931 2124/1698/928 2094/1686/928
f  2095/1681/911 2125/1693/922 2126/1694/912 2096/1682/912
f  2097/1687/924 2127/1699/924 2128/1700/925 2098/1688/925
f  2099/1683/915 2129/1695/915 2130/1696/916 2100/1684/916
f  2101/1689/919 2131/1701/919 2132/1702/928 2102/1690/920
f  2103/1683/911 2133/1695/922 2134/1696/912 2104/1684/912
f  2105/1687/924 2135/1699/924 2136/1700/925 2106/1688/925
f  2107/1681/930 2137/1693/915 2138/1694/916 2108/1682/916
f  2109/1689/919 2139/1701/919 2140/1702/928 2110/1690/920
f  2111/1683/922 2141/1695/922 2142/1696/912 2112/1684/912
f  2113/1691/924 2143/1703/924 2144/1704/932 2114/1692/925
f  2115/1681/930 2145/1693/930 2146/1694/916 2116/1682/916
f  2117/1685/919 2147/1697/931 2148/1698/928 2118/1686/928
f  2119/1693/922 2149/1705/922 2037/1706/912 2120/1694/912
f  2121/1695/915 2048/1707/915 2038/1708/916 2122/1696/916
f  2123/1697/931 2049/1709/919 2150/1710/928 2124/1698/928
f  2125/1693/922 2151/1705/922 2039/1706/912 2126/1694/912
f  2127/1699/924 2050/1711/924 2040/1712/925 2128/1700/925
f  2129/1695/915 2051/1707/915 2041/1708/916 2130/1696/916
f  2131/1701/919 2052/1713/919 2152/1714/928 2132/1702/928
f  2133/1695/922 2153/1707/922 2042/1708/912 2134/1696/912
f  2135/1699/924 2053/1711/924 2043/1712/925 2136/1700/925
f  2137/1693/915 2054/1705/915 2044/1706/916 2138/1694/916
f  2139/1701/919 2055/1713/931 2154/1714/928 2140/1702/928
f  2141/1695/922 2155/1707/922 2045/1708/912 2142/1696/912
f  2143/1703/924 2056/1715/924 2046/1716/925 2144/1704/932
f  2145/1693/930 2057/1705/915 2047/1706/916 2146/1694/916
f  2147/1697/931 2058/1709/919 2156/1710/928 2148/1698/928
f  2149/1705/922 1964/1717/933 1963/1718/934 2037/1706/912
f  2048/1707/915 1962/1719/935 1961/1720/936 2038/1708/916
f  2049/1709/919 1960/1668/937 1959/1665/938 2150/1710/928
f  2151/1705/922 1988/1717/933 1987/1718/934 2039/1706/912
f  2050/1711/924 1986/1664/939 1985/1661/940 2040/1712/925
f  2051/1707/915 1984/1719/935 1983/1720/936 2041/1708/916
f  2052/1713/919 1982/1660/937 1981/1657/941 2152/1714/928
f  2153/1707/922 2012/1719/933 2011/1720/934 2042/1708/912
f  2053/1711/924 2010/1664/939 2009/1661/940 2043/1712/925
f  2054/1705/915 2008/1717/935 2007/1718/936 2044/1706/916
f  2055/1713/931 2006/1660/937 2005/1657/941 2154/1714/928
f  2155/1707/922 2036/1719/933 2035/1720/934 2045/1708/912
f  2056/1715/924 2034/1656/939 2033/1653/940 2046/1716/925
f  2057/1705/915 2032/1717/935 2031/1718/936 2047/1706/916
f  2058/1709/919 2030/1668/937 2029/1665/938 2156/1710/928
# object fafaf
g fafaf1
v 0.19695 -0.25597 0.62803
v 0.19695 0.24403 0.62803
v -0.20103 0.24403 0.62803
v -0.20103 -0.25597 0.62803
v 0.20275 -0.25597 0.59803
v 0.20275 0.24403 0.59803
v 0.20275 0.24403 0.62222
v 0.20275 -0.25597 0.62222
v -0.20103 -0.25597 0.59803
v -0.20103 0.24403 0.59803
# 10 verticies
vt 0.99770 0.18750
vt 0.99770 0.81250
vt 0.50030 0.81250
vt 0.50030 0.18750
vt 0.51870 0.18750
vt 0.51870 0.81250
vt 0.48850 0.81250
vt 0.48850 0.18750
vt 0.49970 0.81250
vt -0.00500 0.81250
vt -0.00500 0.18750
vt 0.49970 0.18750
# 12 texture verticies
vn 0.07130 -0.68574 0.72434
vn 0.07130 0.68574 0.72434
vn -0.57735 0.57735 0.57735
vn -0.57735 -0.57735 0.57735
vn 0.57735 -0.57735 -0.57735
vn 0.57735 0.57735 -0.57735
vn 0.72439 0.68569 0.07130
vn 0.72439 -0.68569 0.07130
vn -0.57735 0.57735 -0.57735
vn -0.57735 -0.57735 -0.57735
# 10 normals
f  2157/1721/942 2158/1722/943 2159/1723/944 2160/1724/945
f  2161/1725/946 2162/1726/947 2163/1727/948 2164/1728/949
f  2166/1729/950 2162/1730/947 2161/1731/946 2165/1732/951
# object adaf
g adaf1
v -0.60525 -0.25597 0.59803
v -0.60525 0.24403 0.59803
v -0.20180 0.24403 0.59803
v -0.20180 -0.25597 0.59803
v -0.60525 -0.25597 0.62222
v -0.60525 0.24403 0.62222
v -0.59944 0.24403 0.62803
v -0.20180 0.24403 0.62803
v -0.59944 -0.25597 0.62803
v -0.20180 -0.25597 0.62803
# 10 verticies
vt 1.00500 0.18750
vt 1.00500 0.81250
vt 0.50070 0.81250
vt 0.50070 0.18750
vt 0.48120 0.81250
vt 0.48120 0.18750
vt 0.51150 0.18750
vt 0.51150 0.81250
vt 0.49930 0.81250
vt 0.00230 0.81250
vt 0.00230 0.18750
vt 0.49930 0.18750
# 12 texture verticies
vn -0.57735 -0.57735 -0.57735
vn -0.57735 0.57735 -0.57735
vn 0.57735 0.57735 -0.57735
vn 0.57735 -0.57735 -0.57735
vn -0.72439 -0.68569 0.07130
vn -0.72439 0.68569 0.07130
vn 0.57735 0.57735 0.57735
vn -0.07130 0.68574 0.72434
vn -0.07130 -0.68574 0.72434
vn 0.57735 -0.57735 0.57735
# 10 normals
f  2167/1733/952 2168/1734/953 2169/1735/954 2170/1736/955
f  2168/1737/953 2167/1738/952 2171/1739/956 2172/1740/957
f  2174/1741/958 2173/1742/959 2175/1743/960 2176/1744/961
# object Object001
g Object0011
v -0.60525 0.24442 0.59803
v -0.60525 0.32321 0.59803
v -0.59851 0.32321 0.59803
v -0.59851 0.24442 0.59803
v 0.20275 -0.25623 0.59803
v 0.20275 -0.33508 0.59803
v 0.19307 -0.33508 0.59803
v 0.19307 -0.25623 0.59803
v 0.19695 0.24442 0.62803
v 0.19695 0.32321 0.62803
v 0.19307 0.32321 0.62803
v 0.19307 0.24442 0.62803
v -0.59944 -0.25623 0.62803
v -0.59944 -0.33508 0.62803
v -0.59851 -0.33508 0.62803
v -0.59851 -0.25623 0.62803
v 0.20275 0.24442 0.59803
v 0.20275 0.32321 0.59803
v 0.20275 0.32321 0.62222
v 0.20275 0.24442 0.62222
v 0.20275 -0.25623 0.62222
v 0.20275 -0.33508 0.62222
v -0.60525 -0.25623 0.59803
v -0.60525 -0.33508 0.59803
v -0.60525 -0.33508 0.62222
v -0.60525 -0.25623 0.62222
v -0.60525 0.24442 0.62222
v -0.60525 0.32321 0.62222
v 0.19307 0.24442 0.59803
v -0.59851 -0.25623 0.59803
v 0.19695 -0.25623 0.62803
v 0.19695 -0.33508 0.62803
v -0.59944 0.24442 0.62803
v -0.59944 0.32321 0.62803
v -0.42695 0.32321 0.59803
v -0.42695 0.24442 0.59803
v -0.59851 -0.33508 0.59803
v -0.59851 0.32321 0.62803
v -0.59851 0.24442 0.62803
v -0.42695 -0.33508 0.62803
v -0.42695 -0.25623 0.62803
v -0.42695 -0.25623 0.59803
v -0.20509 -0.33508 0.59803
v -0.42695 -0.33508 0.59803
v -0.20509 -0.25623 0.59803
v -0.20509 0.32321 0.62803
v -0.42695 0.32321 0.62803
v -0.42695 0.24442 0.62803
v -0.20509 0.24442 0.62803
v -0.20509 0.24442 0.59803
v -0.20509 0.32321 0.59803
v 0.00191 0.32321 0.59803
v 0.00191 0.24442 0.59803
v -0.20509 -0.33508 0.62803
v 0.00191 -0.33508 0.62803
v 0.00191 -0.25623 0.62803
v -0.20509 -0.25623 0.62803
v 0.00191 -0.25623 0.59803
v 0.00191 -0.33508 0.59803
v 0.00191 0.32321 0.62803
v 0.00191 0.24442 0.62803
v 0.19307 0.32321 0.59803
v 0.19307 -0.33508 0.62803
v 0.19307 -0.25623 0.62803
# 64 verticies
vt 1.84670 1.33460
vt 1.84670 1.59730
vt 1.82420 1.59730
vt 1.82420 1.33460
vt -0.84670 -0.33420
vt -0.84670 -0.59700
vt -0.81440 -0.59700
vt -0.81440 -0.33420
vt 1.82730 1.33460
vt 1.82730 1.59730
vt 1.81440 1.59730
vt 1.81440 1.33460
vt -0.82730 -0.33420
vt -0.82730 -0.59700
vt -0.82420 -0.59700
vt -0.82420 -0.33420
vt 1.33460 0.45000
vt 1.59730 0.45000
vt 1.59730 0.53070
vt 1.33460 0.53070
vt -0.33420 0.53070
vt -0.59700 0.53070
vt -0.59700 0.45000
vt -0.33420 0.45000
vt 1.33420 0.45000
vt 1.59700 0.45000
vt 1.59700 0.53070
vt 1.33420 0.53070
vt -0.33460 0.53070
vt -0.59730 0.53070
vt -0.59730 0.45000
vt -0.33460 0.45000
vt 1.25240 1.59730
vt 1.25240 1.33460
vt 1.82420 -0.59700
vt 1.84670 -0.59700
vt 1.84670 -0.33420
vt 1.82420 -0.33420
vt -0.82420 1.59730
vt -0.82730 1.59730
vt -0.82730 1.33460
vt -0.82420 1.33460
vt -0.25240 -0.59700
vt -0.25240 -0.33420
vt 0.51280 -0.59700
vt 1.25240 -0.59700
vt 1.25240 -0.33420
vt 0.51280 -0.33420
vt 0.48720 1.59730
vt -0.25240 1.59730
vt -0.25240 1.33460
vt 0.48720 1.33460
vt 0.51280 1.59730
vt -0.17720 1.59730
vt -0.17720 1.33460
vt 0.51280 1.33460
vt 0.48720 -0.59700
vt 1.17720 -0.59700
vt 1.17720 -0.33420
vt 0.48720 -0.33420
vt -0.17720 -0.59700
vt -0.17720 -0.33420
vt 1.17720 1.59730
vt 1.17720 1.33460
vt -0.81440 1.59730
vt -0.84670 1.59730
vt -0.84670 1.33460
vt -0.81440 1.33460
vt 1.81440 -0.59700
vt 1.82730 -0.59700
vt 1.82730 -0.33420
vt 1.81440 -0.33420
# 72 texture verticies
vn -0.57735 -0.57735 -0.57735
vn -0.70711 0.00000 -0.70711
vn 0.00000 0.00000 -1.00000
vn 0.00000 -0.70711 -0.70711
vn 0.57735 0.57735 -0.57735
vn 0.70711 0.00000 -0.70711
vn 0.00000 0.70711 -0.70711
vn 0.07130 -0.68574 0.72434
vn 0.08680 0.00000 0.99623
vn 0.00000 0.00000 1.00000
vn 0.00000 -0.70711 0.70711
vn -0.07130 0.68574 0.72434
vn -0.08670 0.00000 0.99623
vn 0.00000 0.00000 1.00000
vn 0.00000 0.70711 0.70711
vn 0.57728 -0.57738 -0.57738
vn 0.99579 0.00000 0.09170
vn 0.72439 -0.68569 0.07130
vn 0.72439 0.68569 0.07130
vn -0.57742 0.57732 -0.57732
vn -0.99579 0.00000 0.09170
vn -0.72439 0.68569 0.07130
vn -0.72439 -0.68569 0.07130
vn 0.00000 0.70711 -0.70711
vn -0.08680 0.00000 0.99623
vn -0.07130 -0.68574 0.72434
vn 0.00000 0.00000 1.00000
vn 0.00000 -0.70711 0.70711
vn -0.00000 -0.70711 -0.70711
vn 0.07130 0.68574 0.72434
# 30 normals
usemtl Fabric
f  2177/1745/962 2178/1746/963 2179/1747/964 2180/1748/965
f  2181/1749/966 2182/1750/967 2183/1751/964 2184/1752/968
f  2185/1753/969 2186/1754/970 2187/1755/971 2188/1756/972
f  2189/1757/973 2190/1758/974 2191/1759/975 2192/1760/976
f  2193/1761/977 2194/1762/967 2195/1763/978 2196/1764/979
f  2197/1765/980 2198/1766/978 2182/1767/967 2181/1768/966
f  2199/1769/981 2200/1770/963 2201/1771/982 2202/1772/983
f  2203/1773/984 2204/1774/982 2178/1775/963 2177/1776/962
f  2179/1747/964 2211/1777/964 2212/1778/965 2180/1748/965
f  2213/1779/964 2200/1780/963 2199/1781/981 2206/1782/985
f  2214/1783/975 2210/1784/986 2209/1785/987 2215/1786/972
f  2191/1759/975 2216/1787/975 2217/1788/976 2192/1760/976
f  2219/1789/964 2220/1790/964 2218/1791/968 2221/1792/968
f  2222/1793/988 2223/1794/975 2224/1795/972 2225/1796/989
f  2227/1797/964 2228/1798/964 2229/1799/965 2226/1800/965
f  2230/1801/988 2231/1802/988 2232/1803/976 2233/1804/976
f  2183/1751/964 2235/1805/964 2234/1806/968 2184/1752/968
f  2187/1755/971 2236/1807/971 2237/1808/989 2188/1756/972
f  2238/1809/964 2194/1810/967 2193/1811/977 2205/1812/990
f  2239/1813/971 2208/1814/970 2207/1815/991 2240/1816/976
f  2228/1798/964 2238/1809/964 2205/1812/990 2229/1799/965
f  2231/1802/988 2239/1813/971 2240/1816/976 2232/1803/976
f  2235/1805/964 2219/1789/964 2221/1792/968 2234/1806/968
f  2236/1807/971 2222/1793/988 2225/1796/989 2237/1808/989
f  2211/1777/964 2227/1797/964 2226/1800/965 2212/1778/965
f  2216/1787/975 2230/1801/988 2233/1804/976 2217/1788/976
f  2220/1790/964 2213/1779/964 2206/1782/985 2218/1791/968
f  2223/1794/975 2214/1783/975 2215/1786/972 2224/1795/972
